#
# There is insufficient memory for the Java Runtime Environment to continue.
# Native memory allocation (malloc) failed to allocate 32744 bytes. Error detail: Chunk::new
# Possible reasons:
#   The system is out of physical RAM or swap space
#   This process is running with CompressedOops enabled, and the Java Heap may be blocking the growth of the native heap
# Possible solutions:
#   Reduce memory load on the system
#   Increase physical memory or swap space
#   Check if swap backing store is full
#   Decrease Java heap size (-Xmx/-Xms)
#   Decrease number of Java threads
#   Decrease Java thread stack sizes (-Xss)
#   Set larger code cache with -XX:ReservedCodeCacheSize=
#   JVM is running with Zero Based Compressed Oops mode in which the Java heap is
#     placed in the first 32GB address space. The Java Heap base address is the
#     maximum limit for the native heap growth. Please use -XX:HeapBaseMinAddress
#     to set the Java Heap base and to place the Java Heap above 32GB virtual address.
# This output file may be truncated or incomplete.
#
#  Out of Memory Error (arena.cpp:168), pid=10636, tid=13980
#
# JRE version: OpenJDK Runtime Environment (21.0.10) (build 21.0.10+-14961533-b1163.108)
# Java VM: OpenJDK 64-Bit Server VM (21.0.10+-14961533-b1163.108, mixed mode, tiered, compressed oops, compressed class ptrs, g1 gc, windows-amd64)
# No core dump will be written. Minidumps are not enabled by default on client versions of Windows
#

---------------  S U M M A R Y ------------

Command Line: --add-opens=java.base/java.lang=ALL-UNNAMED --add-opens=java.base/java.lang.invoke=ALL-UNNAMED --add-opens=java.base/java.util=ALL-UNNAMED --add-opens=java.prefs/java.util.prefs=ALL-UNNAMED --add-exports=jdk.compiler/com.sun.tools.javac.api=ALL-UNNAMED --add-exports=jdk.compiler/com.sun.tools.javac.util=ALL-UNNAMED --add-opens=java.base/java.util=ALL-UNNAMED --add-opens=java.prefs/java.util.prefs=ALL-UNNAMED --add-opens=java.base/java.nio.charset=ALL-UNNAMED --add-opens=java.base/java.net=ALL-UNNAMED --add-opens=java.base/java.util.concurrent=ALL-UNNAMED --add-opens=java.base/java.util.concurrent.atomic=ALL-UNNAMED --add-opens=java.xml/javax.xml.namespace=ALL-UNNAMED --add-opens=java.base/java.time=ALL-UNNAMED -Xmx4096m -Dfile.encoding=UTF-8 -Duser.country=US -Duser.language=en -Duser.variant -javaagent:C:\Users\tharushi\.gradle\wrapper\dists\gradle-9.4.1-bin\arn2x92ynaizyzdaamcbpbhtj\gradle-9.4.1\lib\agents\gradle-instrumentation-agent-9.4.1.jar org.gradle.launcher.daemon.bootstrap.GradleDaemon 9.4.1

Host: Intel(R) Core(TM) i3-1005G1 CPU @ 1.20GHz, 4 cores, 3G,  Windows 11 , 64 bit Build 22621 (10.0.22621.5415)
Time: Wed Aug 12 19:10:38 2026 Sri Lanka Standard Time elapsed time: 46.930748 seconds (0d 0h 0m 46s)

---------------  T H R E A D  ---------------

Current thread (0x00000291d72a84b0):  JavaThread "C1 CompilerThread0" daemon [_thread_in_native, id=13980, stack(0x000000bc62900000,0x000000bc62a00000) (1024K)]


Current CompileTask:
C1:46931 13501       3       kotlin.reflect.jvm.internal.impl.metadata.ProtoBuf$Type::writeTo (394 bytes)

Stack: [0x000000bc62900000,0x000000bc62a00000]
Native frames: (J=compiled Java code, j=interpreted, Vv=VM code, C=native code)
V  [jvm.dll+0x6d78a9]
V  [jvm.dll+0x8665b3]
V  [jvm.dll+0x868bde]
V  [jvm.dll+0x8692c3]
V  [jvm.dll+0x280ee6]
V  [jvm.dll+0xc07cd]
V  [jvm.dll+0xc0d03]
V  [jvm.dll+0x15051b]
V  [jvm.dll+0x197eeb]
V  [jvm.dll+0x197eb2]
V  [jvm.dll+0x197eb2]
V  [jvm.dll+0x196b24]
V  [jvm.dll+0x196dfa]
V  [jvm.dll+0x199432]
V  [jvm.dll+0x151843]
V  [jvm.dll+0x151156]
V  [jvm.dll+0x151371]
V  [jvm.dll+0x1506ff]
V  [jvm.dll+0x1524c1]
V  [jvm.dll+0x25891e]
V  [jvm.dll+0x256e66]
V  [jvm.dll+0x3f513e]
V  [jvm.dll+0x80fd28]
V  [jvm.dll+0x6d60fd]
C  [ucrtbase.dll+0x29333]
C  [KERNEL32.DLL+0x1259d]
C  [ntdll.dll+0x5af78]


---------------  P R O C E S S  ---------------

Threads class SMR info:
_java_thread_list=0x00000291defa3850, length=53, elements={
0x00000291bdaa0ed0, 0x00000291d7268130, 0x00000291d71293e0, 0x00000291d712de60,
0x00000291d728b270, 0x00000291d7294000, 0x00000291d7294a60, 0x00000291d729d4d0,
0x00000291d72a2f60, 0x00000291d72a84b0, 0x00000291d7542cd0, 0x00000291d795a750,
0x00000291de3239e0, 0x00000291de2e6230, 0x00000291de2d7b30, 0x00000291de27ad10,
0x00000291de37a330, 0x00000291de3613e0, 0x00000291de4433e0, 0x00000291de442030,
0x00000291de442d50, 0x00000291de4426c0, 0x00000291de523c20, 0x00000291de527dc0,
0x00000291de523590, 0x00000291de520e30, 0x00000291de5214c0, 0x00000291de522870,
0x00000291de525cf0, 0x00000291de5221e0, 0x00000291de524940, 0x00000291de526380,
0x00000291de524fd0, 0x00000291de525660, 0x00000291de526a10, 0x00000291de5270a0,
0x00000291de522f00, 0x00000291de527730, 0x00000291e116a4b0, 0x00000291e116b1d0,
0x00000291e1167d50, 0x00000291e116d2a0, 0x00000291e116cc10, 0x00000291e1168a70,
0x00000291e1169790, 0x00000291e116ab40, 0x00000291e1893290, 0x00000291e1892570,
0x00000291e188dd40, 0x00000291e188f0f0, 0x00000291e116bef0, 0x00000291e116c580,
0x00000291e188fe10
}

Java Threads: ( => current thread )
  0x00000291bdaa0ed0 JavaThread "main"                              [_thread_blocked, id=3900, stack(0x000000bc61900000,0x000000bc61a00000) (1024K)]
  0x00000291d7268130 JavaThread "Common-Cleaner"             daemon [_thread_blocked, id=8836, stack(0x000000bc62100000,0x000000bc62200000) (1024K)]
  0x00000291d71293e0 JavaThread "Reference Handler"          daemon [_thread_blocked, id=7628, stack(0x000000bc62200000,0x000000bc62300000) (1024K)]
  0x00000291d712de60 JavaThread "Finalizer"                  daemon [_thread_blocked, id=13748, stack(0x000000bc62300000,0x000000bc62400000) (1024K)]
  0x00000291d728b270 JavaThread "Signal Dispatcher"          daemon [_thread_blocked, id=14268, stack(0x000000bc62400000,0x000000bc62500000) (1024K)]
  0x00000291d7294000 JavaThread "Attach Listener"            daemon [_thread_blocked, id=10920, stack(0x000000bc62500000,0x000000bc62600000) (1024K)]
  0x00000291d7294a60 JavaThread "Service Thread"             daemon [_thread_blocked, id=7112, stack(0x000000bc62600000,0x000000bc62700000) (1024K)]
  0x00000291d729d4d0 JavaThread "Monitor Deflation Thread"   daemon [_thread_blocked, id=8960, stack(0x000000bc62700000,0x000000bc62800000) (1024K)]
  0x00000291d72a2f60 JavaThread "C2 CompilerThread0"         daemon [_thread_in_native, id=13744, stack(0x000000bc62800000,0x000000bc62900000) (1024K)]
=>0x00000291d72a84b0 JavaThread "C1 CompilerThread0"         daemon [_thread_in_native, id=13980, stack(0x000000bc62900000,0x000000bc62a00000) (1024K)]
  0x00000291d7542cd0 JavaThread "Notification Thread"        daemon [_thread_blocked, id=14168, stack(0x000000bc62a00000,0x000000bc62b00000) (1024K)]
  0x00000291d795a750 JavaThread "Daemon health stats"               [_thread_blocked, id=13428, stack(0x000000bc62e00000,0x000000bc62f00000) (1024K)]
  0x00000291de3239e0 JavaThread "Incoming local TCP Connector on port 63200"        [_thread_in_native, id=11216, stack(0x000000bc62f00000,0x000000bc63000000) (1024K)]
  0x00000291de2e6230 JavaThread "Daemon periodic checks"            [_thread_blocked, id=4864, stack(0x000000bc63000000,0x000000bc63100000) (1024K)]
  0x00000291de2d7b30 JavaThread "Daemon"                            [_thread_blocked, id=1616, stack(0x000000bc63100000,0x000000bc63200000) (1024K)]
  0x00000291de27ad10 JavaThread "Handler for socket connection from /127.0.0.1:63200 to /127.0.0.1:63201"        [_thread_in_native, id=8216, stack(0x000000bc63200000,0x000000bc63300000) (1024K)]
  0x00000291de37a330 JavaThread "Cancel handler"                    [_thread_blocked, id=10876, stack(0x000000bc63300000,0x000000bc63400000) (1024K)]
  0x00000291de3613e0 JavaThread "Daemon worker"                     [_thread_blocked, id=2428, stack(0x000000bc63400000,0x000000bc63500000) (1024K)]
  0x00000291de4433e0 JavaThread "Asynchronous log dispatcher for DefaultDaemonConnection: socket connection from /127.0.0.1:63200 to /127.0.0.1:63201"        [_thread_blocked, id=9960, stack(0x000000bc63500000,0x000000bc63600000) (1024K)]
  0x00000291de442030 JavaThread "Stdin handler"                     [_thread_blocked, id=3628, stack(0x000000bc63600000,0x000000bc63700000) (1024K)]
  0x00000291de442d50 JavaThread "Daemon client event forwarder"        [_thread_blocked, id=12916, stack(0x000000bc63700000,0x000000bc63800000) (1024K)]
  0x00000291de4426c0 JavaThread "Cache worker for journal cache (C:\Users\tharushi\.gradle\caches\journal-1)"        [_thread_blocked, id=10672, stack(0x000000bc63800000,0x000000bc63900000) (1024K)]
  0x00000291de523c20 JavaThread "File lock request listener"        [_thread_in_native, id=8, stack(0x000000bc63900000,0x000000bc63a00000) (1024K)]
  0x00000291de527dc0 JavaThread "Cache worker for file hash cache (C:\Users\tharushi\.gradle\caches\9.4.1\fileHashes)"        [_thread_blocked, id=7276, stack(0x000000bc63a00000,0x000000bc63b00000) (1024K)]
  0x00000291de523590 JavaThread "Cache worker for file hash cache (D:\MAD_mini_project\SmartNest\.gradle\9.4.1\fileHashes)"        [_thread_blocked, id=14008, stack(0x000000bc63b00000,0x000000bc63c00000) (1024K)]
  0x00000291de520e30 JavaThread "Cache worker for checksums cache (D:\MAD_mini_project\SmartNest\.gradle\9.4.1\checksums)"        [_thread_blocked, id=6608, stack(0x000000bc63c00000,0x000000bc63d00000) (1024K)]
  0x00000291de5214c0 JavaThread "Cache worker for Build Output Cleanup Cache (D:\MAD_mini_project\SmartNest\.gradle\buildOutputCleanup)"        [_thread_blocked, id=13332, stack(0x000000bc63d00000,0x000000bc63e00000) (1024K)]
  0x00000291de522870 JavaThread "Cache worker for file content cache (C:\Users\tharushi\.gradle\caches\9.4.1\fileContent)"        [_thread_blocked, id=14076, stack(0x000000bc63e00000,0x000000bc63f00000) (1024K)]
  0x00000291de525cf0 JavaThread "File watcher server"        daemon [_thread_in_native, id=10840, stack(0x000000bc63f00000,0x000000bc64000000) (1024K)]
  0x00000291de5221e0 JavaThread "File watcher consumer"      daemon [_thread_blocked, id=13324, stack(0x000000bc64000000,0x000000bc64100000) (1024K)]
  0x00000291de524940 JavaThread "Cache worker for cache directory md-supplier (C:\Users\tharushi\.gradle\caches\9.4.1\md-supplier)"        [_thread_blocked, id=13620, stack(0x000000bc64100000,0x000000bc64200000) (1024K)]
  0x00000291de526380 JavaThread "Cache worker for cache directory md-rule (C:\Users\tharushi\.gradle\caches\9.4.1\md-rule)"        [_thread_blocked, id=11104, stack(0x000000bc64200000,0x000000bc64300000) (1024K)]
  0x00000291de524fd0 JavaThread "build event listener"              [_thread_blocked, id=8764, stack(0x000000bc64400000,0x000000bc64500000) (1024K)]
  0x00000291de525660 JavaThread "build event listener"              [_thread_blocked, id=7660, stack(0x000000bc64500000,0x000000bc64600000) (1024K)]
  0x00000291de526a10 JavaThread "build event listener"              [_thread_blocked, id=10632, stack(0x000000bc64600000,0x000000bc64700000) (1024K)]
  0x00000291de5270a0 JavaThread "Build operations"                  [_thread_blocked, id=7652, stack(0x000000bc64700000,0x000000bc64800000) (1024K)]
  0x00000291de522f00 JavaThread "Memory manager"                    [_thread_blocked, id=5872, stack(0x000000bc64300000,0x000000bc64400000) (1024K)]
  0x00000291de527730 JavaThread "included builds"                   [_thread_blocked, id=13664, stack(0x000000bc64800000,0x000000bc64900000) (1024K)]
  0x00000291e116a4b0 JavaThread "Execution worker"                  [_thread_blocked, id=8304, stack(0x000000bc64900000,0x000000bc64a00000) (1024K)]
  0x00000291e116b1d0 JavaThread "Execution worker Thread 2"         [_thread_in_vm, id=7416, stack(0x000000bc64a00000,0x000000bc64b00000) (1024K)]
  0x00000291e1167d50 JavaThread "Execution worker Thread 3"         [_thread_blocked, id=13496, stack(0x000000bc64b00000,0x000000bc64c00000) (1024K)]
  0x00000291e116d2a0 JavaThread "Cache worker for execution history cache (D:\MAD_mini_project\SmartNest\.gradle\9.4.1\executionHistory)"        [_thread_blocked, id=13832, stack(0x000000bc64c00000,0x000000bc64d00000) (1024K)]
  0x00000291e116cc10 JavaThread "Build operations Thread 2"         [_thread_blocked, id=4012, stack(0x000000bc64d00000,0x000000bc64e00000) (1024K)]
  0x00000291e1168a70 JavaThread "Build operations Thread 3"         [_thread_blocked, id=13436, stack(0x000000bc64e00000,0x000000bc64f00000) (1024K)]
  0x00000291e1169790 JavaThread "Build operations Thread 4"         [_thread_blocked, id=6892, stack(0x000000bc64f00000,0x000000bc65000000) (1024K)]
  0x00000291e116ab40 JavaThread "pool-2-thread-1"                   [_thread_blocked, id=3328, stack(0x000000bc65000000,0x000000bc65100000) (1024K)]
  0x00000291e1893290 JavaThread "WorkerExecutor Queue"              [_thread_blocked, id=8184, stack(0x000000bc65100000,0x000000bc65200000) (1024K)]
  0x00000291e1892570 JavaThread "WorkerExecutor Queue Thread 2"        [_thread_blocked, id=4408, stack(0x000000bc65200000,0x000000bc65300000) (1024K)]
  0x00000291e188dd40 JavaThread "WorkerExecutor Queue Thread 3"        [_thread_blocked, id=4872, stack(0x000000bc65300000,0x000000bc65400000) (1024K)]
  0x00000291e188f0f0 JavaThread "WorkerExecutor Queue Thread 4"        [_thread_blocked, id=9692, stack(0x000000bc65400000,0x000000bc65500000) (1024K)]
  0x00000291e116bef0 JavaThread "pool-3-thread-1"                   [_thread_blocked, id=6968, stack(0x000000bc65500000,0x000000bc65600000) (1024K)]
  0x00000291e116c580 JavaThread "stderr"                            [_thread_in_native, id=13476, stack(0x000000bc65600000,0x000000bc65700000) (1024K)]
  0x00000291e188fe10 JavaThread "stdout"                            [_thread_in_native, id=7796, stack(0x000000bc65700000,0x000000bc65800000) (1024K)]
Total: 53

Other Threads:
  0x00000291d70b6ac0 VMThread "VM Thread"                           [id=14276, stack(0x000000bc62000000,0x000000bc62100000) (1024K)]
  0x00000291d705bba0 WatcherThread "VM Periodic Task Thread"        [id=6444, stack(0x000000bc61f00000,0x000000bc62000000) (1024K)]
  0x00000291bdb08b70 WorkerThread "GC Thread#0"                     [id=1612, stack(0x000000bc61a00000,0x000000bc61b00000) (1024K)]
  0x00000291d786a550 WorkerThread "GC Thread#1"                     [id=9192, stack(0x000000bc62b00000,0x000000bc62c00000) (1024K)]
  0x00000291d77858e0 WorkerThread "GC Thread#2"                     [id=1284, stack(0x000000bc62c00000,0x000000bc62d00000) (1024K)]
  0x00000291dc42a460 WorkerThread "GC Thread#3"                     [id=6956, stack(0x000000bc62d00000,0x000000bc62e00000) (1024K)]
  0x00000291bb95dfa0 ConcurrentGCThread "G1 Main Marker"            [id=13020, stack(0x000000bc61b00000,0x000000bc61c00000) (1024K)]
  0x00000291bb95e9c0 WorkerThread "G1 Conc#0"                       [id=12596, stack(0x000000bc61c00000,0x000000bc61d00000) (1024K)]
  0x00000291bdb5c230 ConcurrentGCThread "G1 Refine#0"               [id=13220, stack(0x000000bc61d00000,0x000000bc61e00000) (1024K)]
  0x00000291bdb5ccc0 ConcurrentGCThread "G1 Service"                [id=9460, stack(0x000000bc61e00000,0x000000bc61f00000) (1024K)]
Total: 10

Threads with active compile tasks:
C2 CompilerThread0  47161 13412       4       org.gradle.api.internal.artifacts.ivyservice.resolveengine.artifact.ParallelResolveArtifactSet$VisitingSet$StartVisitAction::visitArtifacts (31 bytes)
C1 CompilerThread0  47161 13501       3       kotlin.reflect.jvm.internal.impl.metadata.ProtoBuf$Type::writeTo (394 bytes)
Total: 2

VM state: not at safepoint (normal execution)

VM Mutex/Monitor currently owned by a thread: None

Heap address: 0x0000000700000000, size: 4096 MB, Compressed Oops mode: Zero based, Oop shift amount: 3

CDS archive(s) not mapped
Compressed class space mapped at: 0x0000000800000000-0x0000000840000000, reserved size: 1073741824
Narrow klass base: 0x0000000800000000, Narrow klass shift: 0, Narrow klass range: 0x40000000

GC Precious Log:
 CardTable entry size: 512
 Card Set container configuration: InlinePtr #cards 4 size 8 Array Of Cards #cards 16 size 48 Howl #buckets 8 coarsen threshold 3686 Howl Bitmap #cards 512 size 80 coarsen threshold 460 Card regions per heap region 1 cards per card region 4096
 CPUs: 4 total, 4 available
 Memory: 3863M
 Large Page Support: Disabled
 NUMA Support: Disabled
 Compressed Oops: Enabled (Zero based)
 Heap Region Size: 2M
 Heap Min Capacity: 8M
 Heap Initial Capacity: 62M
 Heap Max Capacity: 4G
 Pre-touch: Disabled
 Parallel Workers: 4
 Concurrent Workers: 1
 Concurrent Refinement Workers: 4
 Periodic GC: Disabled

Heap:
 garbage-first heap   total 374784K, used 199839K [0x0000000700000000, 0x0000000800000000)
  region size 2048K, 42 young (86016K), 6 survivors (12288K)
 Metaspace       used 104115K, committed 106240K, reserved 1179648K
  class space    used 13965K, committed 15040K, reserved 1048576K

Heap Regions: E=young(eden), S=young(survivor), O=old, HS=humongous(starts), HC=humongous(continues), CS=collection set, F=free, TAMS=top-at-mark-start, PB=parsable bottom
|   0|0x0000000700000000, 0x0000000700200000, 0x0000000700200000|100%|HS|  |TAMS 0x0000000700000000| PB 0x0000000700000000| Complete 
|   1|0x0000000700200000, 0x0000000700400000, 0x0000000700400000|100%|HC|  |TAMS 0x0000000700200000| PB 0x0000000700200000| Complete 
|   2|0x0000000700400000, 0x0000000700600000, 0x0000000700600000|100%| O|  |TAMS 0x0000000700400000| PB 0x0000000700400000| Untracked 
|   3|0x0000000700600000, 0x0000000700800000, 0x0000000700800000|100%| O|  |TAMS 0x0000000700600000| PB 0x0000000700600000| Untracked 
|   4|0x0000000700800000, 0x0000000700a00000, 0x0000000700a00000|100%| O|  |TAMS 0x0000000700800000| PB 0x0000000700800000| Untracked 
|   5|0x0000000700a00000, 0x0000000700c00000, 0x0000000700c00000|100%| O|  |TAMS 0x0000000700a00000| PB 0x0000000700a00000| Untracked 
|   6|0x0000000700c00000, 0x0000000700e00000, 0x0000000700e00000|100%| O|  |TAMS 0x0000000700c00000| PB 0x0000000700c00000| Untracked 
|   7|0x0000000700e00000, 0x0000000701000000, 0x0000000701000000|100%| O|  |TAMS 0x0000000700e00000| PB 0x0000000700e00000| Untracked 
|   8|0x0000000701000000, 0x0000000701200000, 0x0000000701200000|100%| O|  |TAMS 0x0000000701000000| PB 0x0000000701000000| Untracked 
|   9|0x0000000701200000, 0x0000000701400000, 0x0000000701400000|100%| O|  |TAMS 0x0000000701200000| PB 0x0000000701200000| Untracked 
|  10|0x0000000701400000, 0x0000000701600000, 0x0000000701600000|100%| O|  |TAMS 0x0000000701400000| PB 0x0000000701400000| Untracked 
|  11|0x0000000701600000, 0x0000000701800000, 0x0000000701800000|100%| O|  |TAMS 0x0000000701600000| PB 0x0000000701600000| Untracked 
|  12|0x0000000701800000, 0x0000000701a00000, 0x0000000701a00000|100%|HS|  |TAMS 0x0000000701800000| PB 0x0000000701800000| Complete 
|  13|0x0000000701a00000, 0x0000000701c00000, 0x0000000701c00000|100%|HS|  |TAMS 0x0000000701a00000| PB 0x0000000701a00000| Complete 
|  14|0x0000000701c00000, 0x0000000701e00000, 0x0000000701e00000|100%| O|  |TAMS 0x0000000701c00000| PB 0x0000000701c00000| Untracked 
|  15|0x0000000701e00000, 0x0000000702000000, 0x0000000702000000|100%| O|  |TAMS 0x0000000701e00000| PB 0x0000000701e00000| Untracked 
|  16|0x0000000702000000, 0x0000000702200000, 0x0000000702200000|100%| O|  |TAMS 0x0000000702000000| PB 0x0000000702000000| Untracked 
|  17|0x0000000702200000, 0x0000000702400000, 0x0000000702400000|100%| O|  |TAMS 0x0000000702200000| PB 0x0000000702200000| Untracked 
|  18|0x0000000702400000, 0x0000000702600000, 0x0000000702600000|100%| O|  |TAMS 0x0000000702400000| PB 0x0000000702400000| Untracked 
|  19|0x0000000702600000, 0x0000000702800000, 0x0000000702800000|100%| O|  |TAMS 0x0000000702600000| PB 0x0000000702600000| Untracked 
|  20|0x0000000702800000, 0x0000000702a00000, 0x0000000702a00000|100%| O|  |TAMS 0x0000000702800000| PB 0x0000000702800000| Untracked 
|  21|0x0000000702a00000, 0x0000000702c00000, 0x0000000702c00000|100%| O|  |TAMS 0x0000000702a00000| PB 0x0000000702a00000| Untracked 
|  22|0x0000000702c00000, 0x0000000702e00000, 0x0000000702e00000|100%| O|  |TAMS 0x0000000702c00000| PB 0x0000000702c00000| Untracked 
|  23|0x0000000702e00000, 0x0000000703000000, 0x0000000703000000|100%| O|  |TAMS 0x0000000702e00000| PB 0x0000000702e00000| Untracked 
|  24|0x0000000703000000, 0x0000000703200000, 0x0000000703200000|100%| O|  |TAMS 0x0000000703000000| PB 0x0000000703000000| Untracked 
|  25|0x0000000703200000, 0x0000000703400000, 0x0000000703400000|100%| O|  |TAMS 0x0000000703200000| PB 0x0000000703200000| Untracked 
|  26|0x0000000703400000, 0x0000000703600000, 0x0000000703600000|100%| O|  |TAMS 0x0000000703400000| PB 0x0000000703400000| Untracked 
|  27|0x0000000703600000, 0x0000000703800000, 0x0000000703800000|100%| O|  |TAMS 0x0000000703600000| PB 0x0000000703600000| Untracked 
|  28|0x0000000703800000, 0x0000000703a00000, 0x0000000703a00000|100%| O|  |TAMS 0x0000000703800000| PB 0x0000000703800000| Untracked 
|  29|0x0000000703a00000, 0x0000000703c00000, 0x0000000703c00000|100%| O|  |TAMS 0x0000000703a00000| PB 0x0000000703a00000| Untracked 
|  30|0x0000000703c00000, 0x0000000703e00000, 0x0000000703e00000|100%| O|  |TAMS 0x0000000703c00000| PB 0x0000000703c00000| Untracked 
|  31|0x0000000703e00000, 0x0000000704000000, 0x0000000704000000|100%| O|  |TAMS 0x0000000703e00000| PB 0x0000000703e00000| Untracked 
|  32|0x0000000704000000, 0x0000000704200000, 0x0000000704200000|100%| O|  |TAMS 0x0000000704000000| PB 0x0000000704000000| Untracked 
|  33|0x0000000704200000, 0x0000000704400000, 0x0000000704400000|100%| O|  |TAMS 0x0000000704200000| PB 0x0000000704200000| Untracked 
|  34|0x0000000704400000, 0x0000000704600000, 0x0000000704600000|100%| O|  |TAMS 0x0000000704400000| PB 0x0000000704400000| Untracked 
|  35|0x0000000704600000, 0x0000000704800000, 0x0000000704800000|100%| O|  |TAMS 0x0000000704600000| PB 0x0000000704600000| Untracked 
|  36|0x0000000704800000, 0x0000000704a00000, 0x0000000704a00000|100%|HS|  |TAMS 0x0000000704800000| PB 0x0000000704800000| Complete 
|  37|0x0000000704a00000, 0x0000000704c00000, 0x0000000704c00000|100%|HC|  |TAMS 0x0000000704a00000| PB 0x0000000704a00000| Complete 
|  38|0x0000000704c00000, 0x0000000704c00000, 0x0000000704e00000|  0%| F|  |TAMS 0x0000000704c00000| PB 0x0000000704c00000| Untracked 
|  39|0x0000000704e00000, 0x0000000704e00000, 0x0000000705000000|  0%| F|  |TAMS 0x0000000704e00000| PB 0x0000000704e00000| Untracked 
|  40|0x0000000705000000, 0x0000000705200000, 0x0000000705200000|100%| O|  |TAMS 0x0000000705000000| PB 0x0000000705000000| Untracked 
|  41|0x0000000705200000, 0x0000000705400000, 0x0000000705400000|100%| O|  |TAMS 0x0000000705200000| PB 0x0000000705200000| Untracked 
|  42|0x0000000705400000, 0x0000000705400000, 0x0000000705600000|  0%| F|  |TAMS 0x0000000705400000| PB 0x0000000705400000| Untracked 
|  43|0x0000000705600000, 0x0000000705727ec0, 0x0000000705800000| 57%| S|CS|TAMS 0x0000000705600000| PB 0x0000000705600000| Complete 
|  44|0x0000000705800000, 0x0000000705a00000, 0x0000000705a00000|100%| S|CS|TAMS 0x0000000705800000| PB 0x0000000705800000| Complete 
|  45|0x0000000705a00000, 0x0000000705c00000, 0x0000000705c00000|100%| O|  |TAMS 0x0000000705a00000| PB 0x0000000705a00000| Untracked 
|  46|0x0000000705c00000, 0x0000000705e00000, 0x0000000705e00000|100%| S|CS|TAMS 0x0000000705c00000| PB 0x0000000705c00000| Complete 
|  47|0x0000000705e00000, 0x0000000706000000, 0x0000000706000000|100%| O|  |TAMS 0x0000000705e00000| PB 0x0000000705e00000| Untracked 
|  48|0x0000000706000000, 0x0000000706000000, 0x0000000706200000|  0%| F|  |TAMS 0x0000000706000000| PB 0x0000000706000000| Untracked 
|  49|0x0000000706200000, 0x0000000706200000, 0x0000000706400000|  0%| F|  |TAMS 0x0000000706200000| PB 0x0000000706200000| Untracked 
|  50|0x0000000706400000, 0x0000000706600000, 0x0000000706600000|100%| O|  |TAMS 0x0000000706400000| PB 0x0000000706400000| Untracked 
|  51|0x0000000706600000, 0x0000000706800000, 0x0000000706800000|100%| O|  |TAMS 0x0000000706600000| PB 0x0000000706600000| Untracked 
|  52|0x0000000706800000, 0x0000000706a00000, 0x0000000706a00000|100%| O|  |TAMS 0x0000000706800000| PB 0x0000000706800000| Untracked 
|  53|0x0000000706a00000, 0x0000000706c00000, 0x0000000706c00000|100%| O|  |TAMS 0x0000000706a00000| PB 0x0000000706a00000| Untracked 
|  54|0x0000000706c00000, 0x0000000706c00000, 0x0000000706e00000|  0%| F|  |TAMS 0x0000000706c00000| PB 0x0000000706c00000| Untracked 
|  55|0x0000000706e00000, 0x0000000707000000, 0x0000000707000000|100%| O|  |TAMS 0x0000000706e00000| PB 0x0000000706e00000| Untracked 
|  56|0x0000000707000000, 0x0000000707200000, 0x0000000707200000|100%| O|  |TAMS 0x0000000707000000| PB 0x0000000707000000| Untracked 
|  57|0x0000000707200000, 0x0000000707400000, 0x0000000707400000|100%| O|  |TAMS 0x0000000707200000| PB 0x0000000707200000| Untracked 
|  58|0x0000000707400000, 0x0000000707600000, 0x0000000707600000|100%| S|CS|TAMS 0x0000000707400000| PB 0x0000000707400000| Complete 
|  59|0x0000000707600000, 0x0000000707800000, 0x0000000707800000|100%| O|  |TAMS 0x0000000707600000| PB 0x0000000707600000| Untracked 
|  60|0x0000000707800000, 0x0000000707a00000, 0x0000000707a00000|100%| S|CS|TAMS 0x0000000707800000| PB 0x0000000707800000| Complete 
|  61|0x0000000707a00000, 0x0000000707c00000, 0x0000000707c00000|100%| S|CS|TAMS 0x0000000707a00000| PB 0x0000000707a00000| Complete 
|  62|0x0000000707c00000, 0x0000000707e00000, 0x0000000707e00000|100%| O|  |TAMS 0x0000000707c00000| PB 0x0000000707c00000| Untracked 
|  63|0x0000000707e00000, 0x0000000707e00000, 0x0000000708000000|  0%| F|  |TAMS 0x0000000707e00000| PB 0x0000000707e00000| Untracked 
|  64|0x0000000708000000, 0x0000000708000000, 0x0000000708200000|  0%| F|  |TAMS 0x0000000708000000| PB 0x0000000708000000| Untracked 
|  65|0x0000000708200000, 0x0000000708200000, 0x0000000708400000|  0%| F|  |TAMS 0x0000000708200000| PB 0x0000000708200000| Untracked 
|  66|0x0000000708400000, 0x0000000708400000, 0x0000000708600000|  0%| F|  |TAMS 0x0000000708400000| PB 0x0000000708400000| Untracked 
|  67|0x0000000708600000, 0x0000000708600000, 0x0000000708800000|  0%| F|  |TAMS 0x0000000708600000| PB 0x0000000708600000| Untracked 
|  68|0x0000000708800000, 0x0000000708800000, 0x0000000708a00000|  0%| F|  |TAMS 0x0000000708800000| PB 0x0000000708800000| Untracked 
|  69|0x0000000708a00000, 0x0000000708a00000, 0x0000000708c00000|  0%| F|  |TAMS 0x0000000708a00000| PB 0x0000000708a00000| Untracked 
|  70|0x0000000708c00000, 0x0000000708c00000, 0x0000000708e00000|  0%| F|  |TAMS 0x0000000708c00000| PB 0x0000000708c00000| Untracked 
|  71|0x0000000708e00000, 0x0000000708e00000, 0x0000000709000000|  0%| F|  |TAMS 0x0000000708e00000| PB 0x0000000708e00000| Untracked 
|  72|0x0000000709000000, 0x0000000709000000, 0x0000000709200000|  0%| F|  |TAMS 0x0000000709000000| PB 0x0000000709000000| Untracked 
|  73|0x0000000709200000, 0x0000000709200000, 0x0000000709400000|  0%| F|  |TAMS 0x0000000709200000| PB 0x0000000709200000| Untracked 
|  74|0x0000000709400000, 0x0000000709400000, 0x0000000709600000|  0%| F|  |TAMS 0x0000000709400000| PB 0x0000000709400000| Untracked 
|  75|0x0000000709600000, 0x0000000709600000, 0x0000000709800000|  0%| F|  |TAMS 0x0000000709600000| PB 0x0000000709600000| Untracked 
|  76|0x0000000709800000, 0x0000000709800000, 0x0000000709a00000|  0%| F|  |TAMS 0x0000000709800000| PB 0x0000000709800000| Untracked 
|  77|0x0000000709a00000, 0x0000000709a00000, 0x0000000709c00000|  0%| F|  |TAMS 0x0000000709a00000| PB 0x0000000709a00000| Untracked 
|  78|0x0000000709c00000, 0x0000000709c00000, 0x0000000709e00000|  0%| F|  |TAMS 0x0000000709c00000| PB 0x0000000709c00000| Untracked 
|  79|0x0000000709e00000, 0x0000000709e00000, 0x000000070a000000|  0%| F|  |TAMS 0x0000000709e00000| PB 0x0000000709e00000| Untracked 
|  80|0x000000070a000000, 0x000000070a000000, 0x000000070a200000|  0%| F|  |TAMS 0x000000070a000000| PB 0x000000070a000000| Untracked 
|  81|0x000000070a200000, 0x000000070a200000, 0x000000070a400000|  0%| F|  |TAMS 0x000000070a200000| PB 0x000000070a200000| Untracked 
|  82|0x000000070a400000, 0x000000070a400000, 0x000000070a600000|  0%| F|  |TAMS 0x000000070a400000| PB 0x000000070a400000| Untracked 
|  83|0x000000070a600000, 0x000000070a600000, 0x000000070a800000|  0%| F|  |TAMS 0x000000070a600000| PB 0x000000070a600000| Untracked 
|  84|0x000000070a800000, 0x000000070a800000, 0x000000070aa00000|  0%| F|  |TAMS 0x000000070a800000| PB 0x000000070a800000| Untracked 
|  85|0x000000070aa00000, 0x000000070aa00000, 0x000000070ac00000|  0%| F|  |TAMS 0x000000070aa00000| PB 0x000000070aa00000| Untracked 
|  86|0x000000070ac00000, 0x000000070ac00000, 0x000000070ae00000|  0%| F|  |TAMS 0x000000070ac00000| PB 0x000000070ac00000| Untracked 
|  87|0x000000070ae00000, 0x000000070ae00000, 0x000000070b000000|  0%| F|  |TAMS 0x000000070ae00000| PB 0x000000070ae00000| Untracked 
|  88|0x000000070b000000, 0x000000070b000000, 0x000000070b200000|  0%| F|  |TAMS 0x000000070b000000| PB 0x000000070b000000| Untracked 
|  89|0x000000070b200000, 0x000000070b200000, 0x000000070b400000|  0%| F|  |TAMS 0x000000070b200000| PB 0x000000070b200000| Untracked 
|  90|0x000000070b400000, 0x000000070b400000, 0x000000070b600000|  0%| F|  |TAMS 0x000000070b400000| PB 0x000000070b400000| Untracked 
|  91|0x000000070b600000, 0x000000070b600000, 0x000000070b800000|  0%| F|  |TAMS 0x000000070b600000| PB 0x000000070b600000| Untracked 
|  92|0x000000070b800000, 0x000000070b800000, 0x000000070ba00000|  0%| F|  |TAMS 0x000000070b800000| PB 0x000000070b800000| Untracked 
|  93|0x000000070ba00000, 0x000000070ba00000, 0x000000070bc00000|  0%| F|  |TAMS 0x000000070ba00000| PB 0x000000070ba00000| Untracked 
|  94|0x000000070bc00000, 0x000000070bc00000, 0x000000070be00000|  0%| F|  |TAMS 0x000000070bc00000| PB 0x000000070bc00000| Untracked 
|  95|0x000000070be00000, 0x000000070be00000, 0x000000070c000000|  0%| F|  |TAMS 0x000000070be00000| PB 0x000000070be00000| Untracked 
|  96|0x000000070c000000, 0x000000070c000000, 0x000000070c200000|  0%| F|  |TAMS 0x000000070c000000| PB 0x000000070c000000| Untracked 
|  97|0x000000070c200000, 0x000000070c200000, 0x000000070c400000|  0%| F|  |TAMS 0x000000070c200000| PB 0x000000070c200000| Untracked 
|  98|0x000000070c400000, 0x000000070c400000, 0x000000070c600000|  0%| F|  |TAMS 0x000000070c400000| PB 0x000000070c400000| Untracked 
|  99|0x000000070c600000, 0x000000070c600000, 0x000000070c800000|  0%| F|  |TAMS 0x000000070c600000| PB 0x000000070c600000| Untracked 
| 100|0x000000070c800000, 0x000000070c800000, 0x000000070ca00000|  0%| F|  |TAMS 0x000000070c800000| PB 0x000000070c800000| Untracked 
| 101|0x000000070ca00000, 0x000000070ca00000, 0x000000070cc00000|  0%| F|  |TAMS 0x000000070ca00000| PB 0x000000070ca00000| Untracked 
| 102|0x000000070cc00000, 0x000000070cc00000, 0x000000070ce00000|  0%| F|  |TAMS 0x000000070cc00000| PB 0x000000070cc00000| Untracked 
| 103|0x000000070ce00000, 0x000000070ce00000, 0x000000070d000000|  0%| F|  |TAMS 0x000000070ce00000| PB 0x000000070ce00000| Untracked 
| 104|0x000000070d000000, 0x000000070d000000, 0x000000070d200000|  0%| F|  |TAMS 0x000000070d000000| PB 0x000000070d000000| Untracked 
| 105|0x000000070d200000, 0x000000070d200000, 0x000000070d400000|  0%| F|  |TAMS 0x000000070d200000| PB 0x000000070d200000| Untracked 
| 106|0x000000070d400000, 0x000000070d400000, 0x000000070d600000|  0%| F|  |TAMS 0x000000070d400000| PB 0x000000070d400000| Untracked 
| 107|0x000000070d600000, 0x000000070d600000, 0x000000070d800000|  0%| F|  |TAMS 0x000000070d600000| PB 0x000000070d600000| Untracked 
| 108|0x000000070d800000, 0x000000070d800000, 0x000000070da00000|  0%| F|  |TAMS 0x000000070d800000| PB 0x000000070d800000| Untracked 
| 109|0x000000070da00000, 0x000000070da00000, 0x000000070dc00000|  0%| F|  |TAMS 0x000000070da00000| PB 0x000000070da00000| Untracked 
| 110|0x000000070dc00000, 0x000000070dc00000, 0x000000070de00000|  0%| F|  |TAMS 0x000000070dc00000| PB 0x000000070dc00000| Untracked 
| 111|0x000000070de00000, 0x000000070de00000, 0x000000070e000000|  0%| F|  |TAMS 0x000000070de00000| PB 0x000000070de00000| Untracked 
| 112|0x000000070e000000, 0x000000070e000000, 0x000000070e200000|  0%| F|  |TAMS 0x000000070e000000| PB 0x000000070e000000| Untracked 
| 113|0x000000070e200000, 0x000000070e200000, 0x000000070e400000|  0%| F|  |TAMS 0x000000070e200000| PB 0x000000070e200000| Untracked 
| 114|0x000000070e400000, 0x000000070e400000, 0x000000070e600000|  0%| F|  |TAMS 0x000000070e400000| PB 0x000000070e400000| Untracked 
| 115|0x000000070e600000, 0x000000070e600000, 0x000000070e800000|  0%| F|  |TAMS 0x000000070e600000| PB 0x000000070e600000| Untracked 
| 116|0x000000070e800000, 0x000000070e800000, 0x000000070ea00000|  0%| F|  |TAMS 0x000000070e800000| PB 0x000000070e800000| Untracked 
| 117|0x000000070ea00000, 0x000000070ea00000, 0x000000070ec00000|  0%| F|  |TAMS 0x000000070ea00000| PB 0x000000070ea00000| Untracked 
| 118|0x000000070ec00000, 0x000000070ec00000, 0x000000070ee00000|  0%| F|  |TAMS 0x000000070ec00000| PB 0x000000070ec00000| Untracked 
| 119|0x000000070ee00000, 0x000000070ee00000, 0x000000070f000000|  0%| F|  |TAMS 0x000000070ee00000| PB 0x000000070ee00000| Untracked 
| 120|0x000000070f000000, 0x000000070f000000, 0x000000070f200000|  0%| F|  |TAMS 0x000000070f000000| PB 0x000000070f000000| Untracked 
| 121|0x000000070f200000, 0x000000070f200000, 0x000000070f400000|  0%| F|  |TAMS 0x000000070f200000| PB 0x000000070f200000| Untracked 
| 122|0x000000070f400000, 0x000000070f400000, 0x000000070f600000|  0%| F|  |TAMS 0x000000070f400000| PB 0x000000070f400000| Untracked 
| 123|0x000000070f600000, 0x000000070f600000, 0x000000070f800000|  0%| F|  |TAMS 0x000000070f600000| PB 0x000000070f600000| Untracked 
| 124|0x000000070f800000, 0x000000070f800000, 0x000000070fa00000|  0%| F|  |TAMS 0x000000070f800000| PB 0x000000070f800000| Untracked 
| 125|0x000000070fa00000, 0x000000070fa00000, 0x000000070fc00000|  0%| F|  |TAMS 0x000000070fa00000| PB 0x000000070fa00000| Untracked 
| 126|0x000000070fc00000, 0x000000070fc00000, 0x000000070fe00000|  0%| F|  |TAMS 0x000000070fc00000| PB 0x000000070fc00000| Untracked 
| 127|0x000000070fe00000, 0x000000070fe00000, 0x0000000710000000|  0%| F|  |TAMS 0x000000070fe00000| PB 0x000000070fe00000| Untracked 
| 128|0x0000000710000000, 0x0000000710000000, 0x0000000710200000|  0%| F|  |TAMS 0x0000000710000000| PB 0x0000000710000000| Untracked 
| 129|0x0000000710200000, 0x0000000710200000, 0x0000000710400000|  0%| F|  |TAMS 0x0000000710200000| PB 0x0000000710200000| Untracked 
| 130|0x0000000710400000, 0x0000000710400000, 0x0000000710600000|  0%| F|  |TAMS 0x0000000710400000| PB 0x0000000710400000| Untracked 
| 131|0x0000000710600000, 0x0000000710600000, 0x0000000710800000|  0%| F|  |TAMS 0x0000000710600000| PB 0x0000000710600000| Untracked 
| 132|0x0000000710800000, 0x0000000710800000, 0x0000000710a00000|  0%| F|  |TAMS 0x0000000710800000| PB 0x0000000710800000| Untracked 
| 133|0x0000000710a00000, 0x0000000710a00000, 0x0000000710c00000|  0%| F|  |TAMS 0x0000000710a00000| PB 0x0000000710a00000| Untracked 
| 134|0x0000000710c00000, 0x0000000710c00000, 0x0000000710e00000|  0%| F|  |TAMS 0x0000000710c00000| PB 0x0000000710c00000| Untracked 
| 135|0x0000000710e00000, 0x0000000710e00000, 0x0000000711000000|  0%| F|  |TAMS 0x0000000710e00000| PB 0x0000000710e00000| Untracked 
| 136|0x0000000711000000, 0x0000000711000000, 0x0000000711200000|  0%| F|  |TAMS 0x0000000711000000| PB 0x0000000711000000| Untracked 
| 137|0x0000000711200000, 0x0000000711200000, 0x0000000711400000|  0%| F|  |TAMS 0x0000000711200000| PB 0x0000000711200000| Untracked 
| 138|0x0000000711400000, 0x0000000711400000, 0x0000000711600000|  0%| F|  |TAMS 0x0000000711400000| PB 0x0000000711400000| Untracked 
| 139|0x0000000711600000, 0x0000000711600000, 0x0000000711800000|  0%| F|  |TAMS 0x0000000711600000| PB 0x0000000711600000| Untracked 
| 140|0x0000000711800000, 0x0000000711a00000, 0x0000000711a00000|100%| E|  |TAMS 0x0000000711800000| PB 0x0000000711800000| Complete 
| 141|0x0000000711a00000, 0x0000000711c00000, 0x0000000711c00000|100%| E|CS|TAMS 0x0000000711a00000| PB 0x0000000711a00000| Complete 
| 142|0x0000000711c00000, 0x0000000711e00000, 0x0000000711e00000|100%| E|CS|TAMS 0x0000000711c00000| PB 0x0000000711c00000| Complete 
| 143|0x0000000711e00000, 0x0000000712000000, 0x0000000712000000|100%| E|CS|TAMS 0x0000000711e00000| PB 0x0000000711e00000| Complete 
| 144|0x0000000712000000, 0x0000000712200000, 0x0000000712200000|100%| E|CS|TAMS 0x0000000712000000| PB 0x0000000712000000| Complete 
| 145|0x0000000712200000, 0x0000000712400000, 0x0000000712400000|100%| E|CS|TAMS 0x0000000712200000| PB 0x0000000712200000| Complete 
| 146|0x0000000712400000, 0x0000000712600000, 0x0000000712600000|100%| E|CS|TAMS 0x0000000712400000| PB 0x0000000712400000| Complete 
| 147|0x0000000712600000, 0x0000000712800000, 0x0000000712800000|100%| E|CS|TAMS 0x0000000712600000| PB 0x0000000712600000| Complete 
| 148|0x0000000712800000, 0x0000000712a00000, 0x0000000712a00000|100%| E|CS|TAMS 0x0000000712800000| PB 0x0000000712800000| Complete 
| 149|0x0000000712a00000, 0x0000000712c00000, 0x0000000712c00000|100%| E|CS|TAMS 0x0000000712a00000| PB 0x0000000712a00000| Complete 
| 150|0x0000000712c00000, 0x0000000712e00000, 0x0000000712e00000|100%| E|CS|TAMS 0x0000000712c00000| PB 0x0000000712c00000| Complete 
| 151|0x0000000712e00000, 0x0000000713000000, 0x0000000713000000|100%| E|CS|TAMS 0x0000000712e00000| PB 0x0000000712e00000| Complete 
| 152|0x0000000713000000, 0x0000000713200000, 0x0000000713200000|100%| E|CS|TAMS 0x0000000713000000| PB 0x0000000713000000| Complete 
| 153|0x0000000713200000, 0x0000000713400000, 0x0000000713400000|100%| E|CS|TAMS 0x0000000713200000| PB 0x0000000713200000| Complete 
| 154|0x0000000713400000, 0x0000000713600000, 0x0000000713600000|100%| E|  |TAMS 0x0000000713400000| PB 0x0000000713400000| Complete 
| 155|0x0000000713600000, 0x0000000713800000, 0x0000000713800000|100%| E|CS|TAMS 0x0000000713600000| PB 0x0000000713600000| Complete 
| 156|0x0000000713800000, 0x0000000713a00000, 0x0000000713a00000|100%| E|CS|TAMS 0x0000000713800000| PB 0x0000000713800000| Complete 
| 157|0x0000000713a00000, 0x0000000713c00000, 0x0000000713c00000|100%| E|CS|TAMS 0x0000000713a00000| PB 0x0000000713a00000| Complete 
| 158|0x0000000713c00000, 0x0000000713e00000, 0x0000000713e00000|100%| E|CS|TAMS 0x0000000713c00000| PB 0x0000000713c00000| Complete 
| 159|0x0000000713e00000, 0x0000000714000000, 0x0000000714000000|100%| E|CS|TAMS 0x0000000713e00000| PB 0x0000000713e00000| Complete 
| 160|0x0000000714000000, 0x0000000714200000, 0x0000000714200000|100%| E|CS|TAMS 0x0000000714000000| PB 0x0000000714000000| Complete 
| 161|0x0000000714200000, 0x0000000714400000, 0x0000000714400000|100%| E|CS|TAMS 0x0000000714200000| PB 0x0000000714200000| Complete 
| 162|0x0000000714400000, 0x0000000714600000, 0x0000000714600000|100%| E|CS|TAMS 0x0000000714400000| PB 0x0000000714400000| Complete 
| 163|0x0000000714600000, 0x0000000714800000, 0x0000000714800000|100%| E|CS|TAMS 0x0000000714600000| PB 0x0000000714600000| Complete 
| 164|0x0000000714800000, 0x0000000714a00000, 0x0000000714a00000|100%| E|CS|TAMS 0x0000000714800000| PB 0x0000000714800000| Complete 
| 165|0x0000000714a00000, 0x0000000714c00000, 0x0000000714c00000|100%| E|CS|TAMS 0x0000000714a00000| PB 0x0000000714a00000| Complete 
| 166|0x0000000714c00000, 0x0000000714e00000, 0x0000000714e00000|100%| E|CS|TAMS 0x0000000714c00000| PB 0x0000000714c00000| Complete 
| 167|0x0000000714e00000, 0x0000000715000000, 0x0000000715000000|100%| E|CS|TAMS 0x0000000714e00000| PB 0x0000000714e00000| Complete 
| 168|0x0000000715000000, 0x0000000715200000, 0x0000000715200000|100%| E|CS|TAMS 0x0000000715000000| PB 0x0000000715000000| Complete 
| 169|0x0000000715200000, 0x0000000715400000, 0x0000000715400000|100%| E|CS|TAMS 0x0000000715200000| PB 0x0000000715200000| Complete 
| 170|0x0000000715400000, 0x0000000715600000, 0x0000000715600000|100%| E|CS|TAMS 0x0000000715400000| PB 0x0000000715400000| Complete 
| 171|0x0000000715600000, 0x0000000715800000, 0x0000000715800000|100%| E|CS|TAMS 0x0000000715600000| PB 0x0000000715600000| Complete 
| 172|0x0000000715800000, 0x0000000715a00000, 0x0000000715a00000|100%| E|CS|TAMS 0x0000000715800000| PB 0x0000000715800000| Complete 
|2038|0x00000007fec00000, 0x00000007fee00000, 0x00000007fee00000|100%| E|CS|TAMS 0x00000007fec00000| PB 0x00000007fec00000| Complete 
|2039|0x00000007fee00000, 0x00000007ff000000, 0x00000007ff000000|100%| E|CS|TAMS 0x00000007fee00000| PB 0x00000007fee00000| Complete 
|2040|0x00000007ff000000, 0x00000007ff200000, 0x00000007ff200000|100%| O|  |TAMS 0x00000007ff000000| PB 0x00000007ff000000| Untracked 
|2041|0x00000007ff200000, 0x00000007ff400000, 0x00000007ff400000|100%| O|  |TAMS 0x00000007ff200000| PB 0x00000007ff200000| Untracked 
|2042|0x00000007ff400000, 0x00000007ff600000, 0x00000007ff600000|100%| O|  |TAMS 0x00000007ff400000| PB 0x00000007ff400000| Untracked 
|2043|0x00000007ff600000, 0x00000007ff800000, 0x00000007ff800000|100%| O|  |TAMS 0x00000007ff600000| PB 0x00000007ff600000| Untracked 
|2044|0x00000007ff800000, 0x00000007ffa00000, 0x00000007ffa00000|100%| E|CS|TAMS 0x00000007ff800000| PB 0x00000007ff800000| Complete 
|2045|0x00000007ffa00000, 0x00000007ffc00000, 0x00000007ffc00000|100%| O|  |TAMS 0x00000007ffa00000| PB 0x00000007ffa00000| Untracked 
|2046|0x00000007ffc00000, 0x00000007ffe00000, 0x00000007ffe00000|100%| O|  |TAMS 0x00000007ffc00000| PB 0x00000007ffc00000| Untracked 
|2047|0x00000007ffe00000, 0x0000000800000000, 0x0000000800000000|100%| O|  |TAMS 0x00000007ffe00000| PB 0x00000007ffe00000| Untracked 

Card table byte_map: [0x00000291d0400000,0x00000291d0c00000] _byte_map_base: 0x00000291ccc00000

Marking Bits: (CMBitMap*) 0x00000291bdb09190
 Bits: [0x00000291d0c00000, 0x00000291d4c00000)

Polling page: 0x00000291bd260000

Metaspace:

Usage:
  Non-class:     88.08 MB used.
      Class:     13.65 MB used.
       Both:    101.72 MB used.

Virtual space:
  Non-class space:      128.00 MB reserved,      89.12 MB ( 70%) committed,  2 nodes.
      Class space:        1.00 GB reserved,      14.69 MB (  1%) committed,  1 nodes.
             Both:        1.12 GB reserved,     103.81 MB (  9%) committed. 

Chunk freelists:
   Non-Class:  6.22 MB
       Class:  1.28 MB
        Both:  7.50 MB

MaxMetaspaceSize: unlimited
CompressedClassSpaceSize: 1.00 GB
Initial GC threshold: 21.00 MB
Current GC threshold: 149.06 MB
CDS: off
 - commit_granule_bytes: 65536.
 - commit_granule_words: 8192.
 - virtual_space_node_default_size: 8388608.
 - enlarge_chunks_in_place: 1.
 - use_allocation_guard: 0.


Internal statistics:

num_allocs_failed_limit: 6.
num_arena_births: 4462.
num_arena_deaths: 30.
num_vsnodes_births: 3.
num_vsnodes_deaths: 0.
num_space_committed: 1660.
num_space_uncommitted: 0.
num_chunks_returned_to_freelist: 45.
num_chunks_taken_from_freelist: 9476.
num_chunk_merges: 3.
num_chunk_splits: 5783.
num_chunks_enlarged: 3249.
num_inconsistent_stats: 0.

CodeHeap 'non-profiled nmethods': size=120000Kb used=8080Kb max_used=8080Kb free=111919Kb
 bounds [0x00000291c86d0000, 0x00000291c8ec0000, 0x00000291cfc00000]
CodeHeap 'profiled nmethods': size=120000Kb used=21291Kb max_used=21291Kb free=98708Kb
 bounds [0x00000291c0c00000, 0x00000291c20d0000, 0x00000291c8130000]
CodeHeap 'non-nmethods': size=5760Kb used=2152Kb max_used=2175Kb free=3607Kb
 bounds [0x00000291c8130000, 0x00000291c83a0000, 0x00000291c86d0000]
CodeCache: size=245760Kb, used=31523Kb, max_used=31546Kb, free=214234Kb
 total_blobs=12043, nmethods=11215, adapters=731, full_count=0
Compilation: enabled, stopped_count=0, restarted_count=0

Compilation events (20 events):
Event: 46.864 Thread 0x00000291d72a84b0 nmethod 13492 0x00000291c20c3790 code [0x00000291c20c3960, 0x00000291c20c3db0]
Event: 46.864 Thread 0x00000291d72a84b0 13493       3       kotlin.reflect.jvm.internal.impl.protobuf.SmallSortedMap$EntrySet::<init> (6 bytes)
Event: 46.865 Thread 0x00000291d72a84b0 nmethod 13493 0x00000291c20c3f10 code [0x00000291c20c40c0, 0x00000291c20c43a8]
Event: 46.865 Thread 0x00000291d72a84b0 13500       3       kotlin.reflect.jvm.internal.impl.protobuf.GeneratedMessageLite$ExtendableMessage$ExtensionWriter::writeUntil (140 bytes)
Event: 46.866 Thread 0x00000291d72a84b0 nmethod 13500 0x00000291c20c4510 code [0x00000291c20c4880, 0x00000291c20c5ec8]
Event: 46.866 Thread 0x00000291d72a84b0 13497       3       kotlin.reflect.jvm.internal.impl.protobuf.FieldSet::iterator (40 bytes)
Event: 46.866 Thread 0x00000291d72a84b0 nmethod 13497 0x00000291c20c6590 code [0x00000291c20c67a0, 0x00000291c20c6ca0]
Event: 46.866 Thread 0x00000291d72a84b0 13494       3       kotlin.reflect.jvm.internal.impl.protobuf.SmallSortedMap$EntrySet::<init> (10 bytes)
Event: 46.866 Thread 0x00000291d72a84b0 nmethod 13494 0x00000291c20c6e90 code [0x00000291c20c7040, 0x00000291c20c72c8]
Event: 46.866 Thread 0x00000291d72a84b0 13495       3       kotlin.reflect.jvm.internal.impl.protobuf.SmallSortedMap$EntrySet::iterator (13 bytes)
Event: 46.866 Thread 0x00000291d72a84b0 nmethod 13495 0x00000291c20c7410 code [0x00000291c20c75c0, 0x00000291c20c78b8]
Event: 46.866 Thread 0x00000291d72a84b0 13498       3       kotlin.reflect.jvm.internal.impl.protobuf.SmallSortedMap$EntryIterator::<init> (6 bytes)
Event: 46.866 Thread 0x00000291d72a84b0 nmethod 13498 0x00000291c20c7a10 code [0x00000291c20c7bc0, 0x00000291c20c7df0]
Event: 46.866 Thread 0x00000291d72a84b0 13499       3       kotlin.reflect.jvm.internal.impl.protobuf.SmallSortedMap$EntryIterator::<init> (15 bytes)
Event: 46.866 Thread 0x00000291d72a84b0 nmethod 13499 0x00000291c20c7f10 code [0x00000291c20c80c0, 0x00000291c20c8298]
Event: 46.866 Thread 0x00000291d72a84b0 13485       3       kotlin.reflect.jvm.internal.impl.metadata.ProtoBuf$ValueParameter::getSerializedSize (237 bytes)
Event: 46.868 Thread 0x00000291d72a84b0 nmethod 13485 0x00000291c20c8390 code [0x00000291c20c87c0, 0x00000291c20ca238]
Event: 46.868 Thread 0x00000291d72a84b0 13496       1       kotlin.reflect.jvm.internal.impl.metadata.ProtoBuf$Property::getVersionRequirementList (5 bytes)
Event: 46.868 Thread 0x00000291d72a84b0 nmethod 13496 0x00000291c8eb3e90 code [0x00000291c8eb4020, 0x00000291c8eb40f0]
Event: 46.877 Thread 0x00000291d72a84b0 13501       3       kotlin.reflect.jvm.internal.impl.metadata.ProtoBuf$Type::writeTo (394 bytes)

GC Heap History (20 events):
Event: 33.755 GC heap before
{Heap before GC invocations=45 (full 0):
 garbage-first heap   total 192512K, used 166836K [0x0000000700000000, 0x0000000800000000)
  region size 2048K, 28 young (57344K), 3 survivors (6144K)
 Metaspace       used 85129K, committed 87104K, reserved 1179648K
  class space    used 11595K, committed 12608K, reserved 1048576K
}
Event: 33.768 GC heap after
{Heap after GC invocations=46 (full 0):
 garbage-first heap   total 192512K, used 120509K [0x0000000700000000, 0x0000000800000000)
  region size 2048K, 4 young (8192K), 4 survivors (8192K)
 Metaspace       used 85129K, committed 87104K, reserved 1179648K
  class space    used 11595K, committed 12608K, reserved 1048576K
}
Event: 33.922 GC heap before
{Heap before GC invocations=46 (full 0):
 garbage-first heap   total 192512K, used 132797K [0x0000000700000000, 0x0000000800000000)
  region size 2048K, 12 young (24576K), 4 survivors (8192K)
 Metaspace       used 85135K, committed 87104K, reserved 1179648K
  class space    used 11595K, committed 12608K, reserved 1048576K
}
Event: 33.940 GC heap after
{Heap after GC invocations=47 (full 0):
 garbage-first heap   total 231424K, used 130613K [0x0000000700000000, 0x0000000800000000)
  region size 2048K, 4 young (8192K), 4 survivors (8192K)
 Metaspace       used 85135K, committed 87104K, reserved 1179648K
  class space    used 11595K, committed 12608K, reserved 1048576K
}
Event: 34.037 GC heap before
{Heap before GC invocations=47 (full 0):
 garbage-first heap   total 231424K, used 146997K [0x0000000700000000, 0x0000000800000000)
  region size 2048K, 6 young (12288K), 4 survivors (8192K)
 Metaspace       used 85135K, committed 87104K, reserved 1179648K
  class space    used 11595K, committed 12608K, reserved 1048576K
}
Event: 34.044 GC heap after
{Heap after GC invocations=48 (full 0):
 garbage-first heap   total 231424K, used 139377K [0x0000000700000000, 0x0000000800000000)
  region size 2048K, 1 young (2048K), 1 survivors (2048K)
 Metaspace       used 85135K, committed 87104K, reserved 1179648K
  class space    used 11595K, committed 12608K, reserved 1048576K
}
Event: 34.144 GC heap before
{Heap before GC invocations=48 (full 0):
 garbage-first heap   total 231424K, used 145521K [0x0000000700000000, 0x0000000800000000)
  region size 2048K, 2 young (4096K), 1 survivors (2048K)
 Metaspace       used 85135K, committed 87104K, reserved 1179648K
  class space    used 11595K, committed 12608K, reserved 1048576K
}
Event: 34.146 GC heap after
{Heap after GC invocations=49 (full 0):
 garbage-first heap   total 231424K, used 144802K [0x0000000700000000, 0x0000000800000000)
  region size 2048K, 1 young (2048K), 1 survivors (2048K)
 Metaspace       used 85135K, committed 87104K, reserved 1179648K
  class space    used 11595K, committed 12608K, reserved 1048576K
}
Event: 36.814 GC heap before
{Heap before GC invocations=50 (full 0):
 garbage-first heap   total 243712K, used 191906K [0x0000000700000000, 0x0000000800000000)
  region size 2048K, 26 young (53248K), 1 survivors (2048K)
 Metaspace       used 86983K, committed 88960K, reserved 1179648K
  class space    used 11800K, committed 12800K, reserved 1048576K
}
Event: 36.825 GC heap after
{Heap after GC invocations=51 (full 0):
 garbage-first heap   total 243712K, used 134383K [0x0000000700000000, 0x0000000800000000)
  region size 2048K, 3 young (6144K), 3 survivors (6144K)
 Metaspace       used 86983K, committed 88960K, reserved 1179648K
  class space    used 11800K, committed 12800K, reserved 1048576K
}
Event: 39.070 GC heap before
{Heap before GC invocations=51 (full 0):
 garbage-first heap   total 243712K, used 208111K [0x0000000700000000, 0x0000000800000000)
  region size 2048K, 38 young (77824K), 3 survivors (6144K)
 Metaspace       used 87705K, committed 89728K, reserved 1179648K
  class space    used 11883K, committed 12864K, reserved 1048576K
}
Event: 39.084 GC heap after
{Heap after GC invocations=52 (full 0):
 garbage-first heap   total 243712K, used 134211K [0x0000000700000000, 0x0000000800000000)
  region size 2048K, 4 young (8192K), 4 survivors (8192K)
 Metaspace       used 87705K, committed 89728K, reserved 1179648K
  class space    used 11883K, committed 12864K, reserved 1048576K
}
Event: 40.421 GC heap before
{Heap before GC invocations=52 (full 0):
 garbage-first heap   total 243712K, used 207939K [0x0000000700000000, 0x0000000800000000)
  region size 2048K, 41 young (83968K), 4 survivors (8192K)
 Metaspace       used 89449K, committed 91520K, reserved 1179648K
  class space    used 12106K, committed 13120K, reserved 1048576K
}
Event: 40.432 GC heap after
{Heap after GC invocations=53 (full 0):
 garbage-first heap   total 243712K, used 137625K [0x0000000700000000, 0x0000000800000000)
  region size 2048K, 5 young (10240K), 5 survivors (10240K)
 Metaspace       used 89449K, committed 91520K, reserved 1179648K
  class space    used 12106K, committed 13120K, reserved 1048576K
}
Event: 41.920 GC heap before
{Heap before GC invocations=54 (full 0):
 garbage-first heap   total 243712K, used 211353K [0x0000000700000000, 0x0000000800000000)
  region size 2048K, 42 young (86016K), 5 survivors (10240K)
 Metaspace       used 91544K, committed 93632K, reserved 1179648K
  class space    used 12406K, committed 13440K, reserved 1048576K
}
Event: 41.936 GC heap after
{Heap after GC invocations=55 (full 0):
 garbage-first heap   total 243712K, used 143196K [0x0000000700000000, 0x0000000800000000)
  region size 2048K, 6 young (12288K), 6 survivors (12288K)
 Metaspace       used 91544K, committed 93632K, reserved 1179648K
  class space    used 12406K, committed 13440K, reserved 1048576K
}
Event: 42.989 GC heap before
{Heap before GC invocations=55 (full 0):
 garbage-first heap   total 243712K, used 216924K [0x0000000700000000, 0x0000000800000000)
  region size 2048K, 42 young (86016K), 6 survivors (12288K)
 Metaspace       used 93089K, committed 95232K, reserved 1179648K
  class space    used 12599K, committed 13696K, reserved 1048576K
}
Event: 43.008 GC heap after
{Heap after GC invocations=56 (full 0):
 garbage-first heap   total 243712K, used 123116K [0x0000000700000000, 0x0000000800000000)
  region size 2048K, 3 young (6144K), 3 survivors (6144K)
 Metaspace       used 93089K, committed 95232K, reserved 1179648K
  class space    used 12599K, committed 13696K, reserved 1048576K
}
Event: 44.579 GC heap before
{Heap before GC invocations=56 (full 0):
 garbage-first heap   total 243712K, used 215276K [0x0000000700000000, 0x0000000800000000)
  region size 2048K, 49 young (100352K), 3 survivors (6144K)
 Metaspace       used 98893K, committed 100992K, reserved 1179648K
  class space    used 13429K, committed 14464K, reserved 1048576K
}
Event: 44.599 GC heap after
{Heap after GC invocations=57 (full 0):
 garbage-first heap   total 374784K, used 126111K [0x0000000700000000, 0x0000000800000000)
  region size 2048K, 6 young (12288K), 6 survivors (12288K)
 Metaspace       used 98893K, committed 100992K, reserved 1179648K
  class space    used 13429K, committed 14464K, reserved 1048576K
}

Dll operation events (3 events):
Event: 0.073 Loaded shared library D:\Android_studio\jbr\bin\java.dll
Event: 0.078 Loaded shared library D:\Android_studio\jbr\bin\zip.dll
Event: 1.937 Loaded shared library D:\Android_studio\jbr\bin\verify.dll

Deoptimization events (20 events):
Event: 46.225 Thread 0x00000291e116b1d0 Uncommon trap: trap_request=0xffffff6e fr.pc=0x00000291c8ea0e5c relative=0x00000000000002fc
Event: 46.225 Thread 0x00000291e116b1d0 Uncommon trap: reason=loop_limit_check action=maybe_recompile pc=0x00000291c8ea0e5c method=org.gradle.api.internal.file.pattern.GreedyPathMatcher.matches([Ljava/lang/String;I)Z @ 34 c2
Event: 46.225 Thread 0x00000291e116b1d0 DEOPT PACKING pc=0x00000291c8ea0e5c sp=0x000000bc64af9a80
Event: 46.225 Thread 0x00000291e116b1d0 DEOPT UNPACKING pc=0x00000291c8187ba2 sp=0x000000bc64af99b0 mode 2
Event: 46.229 Thread 0x00000291e116b1d0 Uncommon trap: trap_request=0xffffff6e fr.pc=0x00000291c8ea15a4 relative=0x00000000000000c4
Event: 46.229 Thread 0x00000291e116b1d0 Uncommon trap: reason=loop_limit_check action=maybe_recompile pc=0x00000291c8ea15a4 method=org.gradle.api.internal.file.pattern.GreedyPathMatcher.matches([Ljava/lang/String;I)Z @ 34 c2
Event: 46.229 Thread 0x00000291e116b1d0 DEOPT PACKING pc=0x00000291c8ea15a4 sp=0x000000bc64af99f0
Event: 46.229 Thread 0x00000291e116b1d0 DEOPT UNPACKING pc=0x00000291c8187ba2 sp=0x000000bc64af99a8 mode 2
Event: 46.299 Thread 0x00000291e116b1d0 Uncommon trap: trap_request=0xffffff76 fr.pc=0x00000291c8b6ad90 relative=0x00000000000002b0
Event: 46.299 Thread 0x00000291e116b1d0 Uncommon trap: reason=predicate action=maybe_recompile pc=0x00000291c8b6ad90 method=java.util.TimSort.binarySort([Ljava/lang/Object;IIILjava/util/Comparator;)V @ 34 c2
Event: 46.299 Thread 0x00000291e116b1d0 DEOPT PACKING pc=0x00000291c8b6ad90 sp=0x000000bc64afc620
Event: 46.299 Thread 0x00000291e116b1d0 DEOPT UNPACKING pc=0x00000291c8187ba2 sp=0x000000bc64afc4b0 mode 2
Event: 46.851 Thread 0x00000291e116b1d0 Uncommon trap: trap_request=0xffffff45 fr.pc=0x00000291c8e67b64 relative=0x0000000000001224
Event: 46.851 Thread 0x00000291e116b1d0 Uncommon trap: reason=unstable_if action=reinterpret pc=0x00000291c8e67b64 method=java.lang.reflect.AccessibleObject.verifyAccess(Ljava/lang/Class;Ljava/lang/Class;Ljava/lang/Class;I)Z @ 2 c2
Event: 46.851 Thread 0x00000291e116b1d0 DEOPT PACKING pc=0x00000291c8e67b64 sp=0x000000bc64af8b10
Event: 46.851 Thread 0x00000291e116b1d0 DEOPT UNPACKING pc=0x00000291c8187ba2 sp=0x000000bc64af8ac8 mode 2
Event: 46.851 Thread 0x00000291e116b1d0 Uncommon trap: trap_request=0xffffff45 fr.pc=0x00000291c8dec050 relative=0x0000000000001cb0
Event: 46.851 Thread 0x00000291e116b1d0 Uncommon trap: reason=unstable_if action=reinterpret pc=0x00000291c8dec050 method=java.lang.invoke.DirectMethodHandle.preparedFieldLambdaForm(Ljava/lang/invoke/MemberName;)Ljava/lang/invoke/LambdaForm; @ 77 c2
Event: 46.851 Thread 0x00000291e116b1d0 DEOPT PACKING pc=0x00000291c8dec050 sp=0x000000bc64af8890
Event: 46.851 Thread 0x00000291e116b1d0 DEOPT UNPACKING pc=0x00000291c8187ba2 sp=0x000000bc64af87b8 mode 2

Classes loaded (20 events):
Event: 44.599 Loading class java/util/SplittableRandom
Event: 44.599 Loading class java/util/random/RandomGenerator$SplittableGenerator
Event: 44.600 Loading class java/util/random/RandomGenerator$StreamableGenerator
Event: 44.600 Loading class java/util/random/RandomGenerator$StreamableGenerator done
Event: 44.600 Loading class java/util/random/RandomGenerator$SplittableGenerator done
Event: 44.600 Loading class java/util/SplittableRandom done
Event: 44.600 Loading class java/util/SplittableRandom$AbstractSplittableGeneratorProxy
Event: 44.601 Loading class jdk/internal/util/random/RandomSupport$AbstractSplittableGenerator
Event: 44.614 Loading class jdk/internal/util/random/RandomSupport$AbstractSpliteratorGenerator
Event: 44.614 Loading class jdk/internal/util/random/RandomSupport$AbstractSpliteratorGenerator done
Event: 44.614 Loading class jdk/internal/util/random/RandomSupport$AbstractSplittableGenerator done
Event: 44.615 Loading class java/util/SplittableRandom$AbstractSplittableGeneratorProxy done
Event: 45.328 Loading class java/rmi/RemoteException
Event: 45.329 Loading class java/rmi/RemoteException done
Event: 46.027 Loading class java/io/UTFDataFormatException
Event: 46.028 Loading class java/io/UTFDataFormatException done
Event: 46.029 Loading class java/lang/reflect/InaccessibleObjectException
Event: 46.030 Loading class java/lang/reflect/InaccessibleObjectException done
Event: 46.490 Loading class java/lang/reflect/Executable$ParameterData
Event: 46.491 Loading class java/lang/reflect/Executable$ParameterData done

Classes unloaded (15 events):
Event: 18.937 Thread 0x00000291d70b6ac0 Unloading class 0x00000008008b1800 'java/lang/invoke/LambdaForm$MH+0x00000008008b1800'
Event: 18.937 Thread 0x00000291d70b6ac0 Unloading class 0x00000008008b1400 'java/lang/invoke/LambdaForm$DMH+0x00000008008b1400'
Event: 18.937 Thread 0x00000291d70b6ac0 Unloading class 0x00000008008b0800 'java/lang/invoke/LambdaForm$DMH+0x00000008008b0800'
Event: 34.373 Thread 0x00000291d70b6ac0 Unloading class 0x0000000800c59000 'java/lang/invoke/LambdaForm$MH+0x0000000800c59000'
Event: 34.374 Thread 0x00000291d70b6ac0 Unloading class 0x0000000800c58800 'java/lang/invoke/LambdaForm$MH+0x0000000800c58800'
Event: 34.374 Thread 0x00000291d70b6ac0 Unloading class 0x0000000800c58000 'java/lang/invoke/LambdaForm$MH+0x0000000800c58000'
Event: 34.374 Thread 0x00000291d70b6ac0 Unloading class 0x0000000800c54c00 'java/lang/invoke/LambdaForm$MH+0x0000000800c54c00'
Event: 34.374 Thread 0x00000291d70b6ac0 Unloading class 0x0000000800b94000 'java/lang/invoke/LambdaForm$MH+0x0000000800b94000'
Event: 34.374 Thread 0x00000291d70b6ac0 Unloading class 0x0000000800b93000 'java/lang/invoke/LambdaForm$MH+0x0000000800b93000'
Event: 34.374 Thread 0x00000291d70b6ac0 Unloading class 0x0000000800b92c00 'java/lang/invoke/LambdaForm$MH+0x0000000800b92c00'
Event: 34.374 Thread 0x00000291d70b6ac0 Unloading class 0x0000000800b92000 'java/lang/invoke/LambdaForm$MH+0x0000000800b92000'
Event: 34.374 Thread 0x00000291d70b6ac0 Unloading class 0x0000000800b91800 'java/lang/invoke/LambdaForm$MH+0x0000000800b91800'
Event: 34.374 Thread 0x00000291d70b6ac0 Unloading class 0x0000000800b91000 'java/lang/invoke/LambdaForm$MH+0x0000000800b91000'
Event: 34.374 Thread 0x00000291d70b6ac0 Unloading class 0x0000000800b90c00 'java/lang/invoke/LambdaForm$MH+0x0000000800b90c00'
Event: 34.374 Thread 0x00000291d70b6ac0 Unloading class 0x0000000800b90000 'java/lang/invoke/LambdaForm$MH+0x0000000800b90000'

Classes redefined (0 events):
No events

Internal exceptions (20 events):
Event: 46.726 Thread 0x00000291e116b1d0 Exception <a 'sun/nio/fs/WindowsException'{0x00000007127c30a0}> (0x00000007127c30a0) 
thrown [s\src\hotspot\share\prims\jni.cpp, line 537]
Event: 46.728 Thread 0x00000291e116b1d0 Exception <a 'sun/nio/fs/WindowsException'{0x00000007127cc5c8}> (0x00000007127cc5c8) 
thrown [s\src\hotspot\share\prims\jni.cpp, line 537]
Event: 46.729 Thread 0x00000291e116b1d0 Exception <a 'sun/nio/fs/WindowsException'{0x00000007127df1c8}> (0x00000007127df1c8) 
thrown [s\src\hotspot\share\prims\jni.cpp, line 537]
Event: 46.730 Thread 0x00000291e116b1d0 Exception <a 'sun/nio/fs/WindowsException'{0x00000007127e98f0}> (0x00000007127e98f0) 
thrown [s\src\hotspot\share\prims\jni.cpp, line 537]
Event: 46.732 Thread 0x00000291e116b1d0 Exception <a 'sun/nio/fs/WindowsException'{0x00000007127f5758}> (0x00000007127f5758) 
thrown [s\src\hotspot\share\prims\jni.cpp, line 537]
Event: 46.735 Thread 0x00000291e116b1d0 Exception <a 'sun/nio/fs/WindowsException'{0x00000007127ff2e0}> (0x00000007127ff2e0) 
thrown [s\src\hotspot\share\prims\jni.cpp, line 537]
Event: 46.736 Thread 0x00000291e116b1d0 Exception <a 'sun/nio/fs/WindowsException'{0x000000071240a6c0}> (0x000000071240a6c0) 
thrown [s\src\hotspot\share\prims\jni.cpp, line 537]
Event: 46.738 Thread 0x00000291e116b1d0 Exception <a 'sun/nio/fs/WindowsException'{0x00000007124163a8}> (0x00000007124163a8) 
thrown [s\src\hotspot\share\prims\jni.cpp, line 537]
Event: 46.740 Thread 0x00000291e116b1d0 Exception <a 'sun/nio/fs/WindowsException'{0x0000000712428af8}> (0x0000000712428af8) 
thrown [s\src\hotspot\share\prims\jni.cpp, line 537]
Event: 46.742 Thread 0x00000291e116b1d0 Exception <a 'sun/nio/fs/WindowsException'{0x0000000712434b30}> (0x0000000712434b30) 
thrown [s\src\hotspot\share\prims\jni.cpp, line 537]
Event: 46.743 Thread 0x00000291e116b1d0 Exception <a 'sun/nio/fs/WindowsException'{0x0000000712440828}> (0x0000000712440828) 
thrown [s\src\hotspot\share\prims\jni.cpp, line 537]
Event: 46.744 Thread 0x00000291e116b1d0 Exception <a 'sun/nio/fs/WindowsException'{0x000000071244ca88}> (0x000000071244ca88) 
thrown [s\src\hotspot\share\prims\jni.cpp, line 537]
Event: 46.750 Thread 0x00000291e116b1d0 Exception <a 'sun/nio/fs/WindowsException'{0x000000071245b1a0}> (0x000000071245b1a0) 
thrown [s\src\hotspot\share\prims\jni.cpp, line 537]
Event: 46.757 Thread 0x00000291e116b1d0 Exception <a 'sun/nio/fs/WindowsException'{0x0000000712470b90}> (0x0000000712470b90) 
thrown [s\src\hotspot\share\prims\jni.cpp, line 537]
Event: 46.758 Thread 0x00000291e116b1d0 Exception <a 'sun/nio/fs/WindowsException'{0x0000000712484290}> (0x0000000712484290) 
thrown [s\src\hotspot\share\prims\jni.cpp, line 537]
Event: 46.762 Thread 0x00000291e116b1d0 Exception <a 'sun/nio/fs/WindowsException'{0x0000000712495f98}> (0x0000000712495f98) 
thrown [s\src\hotspot\share\prims\jni.cpp, line 537]
Event: 46.763 Thread 0x00000291e116b1d0 Exception <a 'sun/nio/fs/WindowsException'{0x00000007124a1b58}> (0x00000007124a1b58) 
thrown [s\src\hotspot\share\prims\jni.cpp, line 537]
Event: 46.764 Thread 0x00000291e116b1d0 Exception <a 'sun/nio/fs/WindowsException'{0x00000007124abbf0}> (0x00000007124abbf0) 
thrown [s\src\hotspot\share\prims\jni.cpp, line 537]
Event: 46.770 Thread 0x00000291e116b1d0 Exception <a 'sun/nio/fs/WindowsException'{0x00000007124b7838}> (0x00000007124b7838) 
thrown [s\src\hotspot\share\prims\jni.cpp, line 537]
Event: 46.772 Thread 0x00000291e116b1d0 Exception <a 'sun/nio/fs/WindowsException'{0x00000007124c3ae8}> (0x00000007124c3ae8) 
thrown [s\src\hotspot\share\prims\jni.cpp, line 537]

ZGC Phase Switch (0 events):
No events

VM Operations (20 events):
Event: 41.823 Executing safepoint VM operation: Cleanup
Event: 41.823 Executing safepoint VM operation: Cleanup done
Event: 41.920 Executing safepoint VM operation: G1CollectForAllocation (G1 Evacuation Pause)
Event: 41.936 Executing safepoint VM operation: G1CollectForAllocation (G1 Evacuation Pause) done
Event: 42.088 Executing non-safepoint VM operation: HandshakeAllThreads (Deoptimize)
Event: 42.088 Executing non-safepoint VM operation: HandshakeAllThreads (Deoptimize) done
Event: 42.978 Executing safepoint VM operation: ICBufferFull
Event: 42.978 Executing safepoint VM operation: ICBufferFull done
Event: 42.989 Executing safepoint VM operation: G1CollectForAllocation (G1 Evacuation Pause)
Event: 43.008 Executing safepoint VM operation: G1CollectForAllocation (G1 Evacuation Pause) done
Event: 43.649 Executing non-safepoint VM operation: HandshakeAllThreads (Deoptimize)
Event: 43.649 Executing non-safepoint VM operation: HandshakeAllThreads (Deoptimize) done
Event: 43.901 Executing safepoint VM operation: ICBufferFull
Event: 43.901 Executing safepoint VM operation: ICBufferFull done
Event: 44.461 Executing non-safepoint VM operation: HandshakeAllThreads (Deoptimize)
Event: 44.462 Executing non-safepoint VM operation: HandshakeAllThreads (Deoptimize) done
Event: 44.578 Executing safepoint VM operation: G1CollectForAllocation (G1 Evacuation Pause)
Event: 44.599 Executing safepoint VM operation: G1CollectForAllocation (G1 Evacuation Pause) done
Event: 46.611 Executing safepoint VM operation: Cleanup
Event: 46.611 Executing safepoint VM operation: Cleanup done

Memory protections (0 events):
No events

Nmethod flushes (20 events):
Event: 40.623 Thread 0x00000291d70b6ac0 flushing  nmethod 0x00000291c1bfdd90
Event: 40.623 Thread 0x00000291d70b6ac0 flushing  nmethod 0x00000291c1c3b090
Event: 40.623 Thread 0x00000291d70b6ac0 flushing  nmethod 0x00000291c1c93f10
Event: 40.623 Thread 0x00000291d70b6ac0 flushing  nmethod 0x00000291c1c95d90
Event: 40.623 Thread 0x00000291d70b6ac0 flushing  nmethod 0x00000291c1d1cd90
Event: 40.623 Thread 0x00000291d70b6ac0 flushing  nmethod 0x00000291c1d1d310
Event: 40.623 Thread 0x00000291d70b6ac0 flushing  nmethod 0x00000291c1d1d690
Event: 40.623 Thread 0x00000291d70b6ac0 flushing  nmethod 0x00000291c1d1f390
Event: 40.623 Thread 0x00000291d70b6ac0 flushing  nmethod 0x00000291c1d21790
Event: 40.623 Thread 0x00000291d70b6ac0 flushing  nmethod 0x00000291c1d21e90
Event: 40.623 Thread 0x00000291d70b6ac0 flushing  nmethod 0x00000291c1d23190
Event: 40.623 Thread 0x00000291d70b6ac0 flushing  nmethod 0x00000291c1d23790
Event: 40.623 Thread 0x00000291d70b6ac0 flushing  nmethod 0x00000291c1d23b90
Event: 40.623 Thread 0x00000291d70b6ac0 flushing  nmethod 0x00000291c1d24390
Event: 40.623 Thread 0x00000291d70b6ac0 flushing  nmethod 0x00000291c1d24e10
Event: 40.623 Thread 0x00000291d70b6ac0 flushing  nmethod 0x00000291c1d67c90
Event: 40.623 Thread 0x00000291d70b6ac0 flushing  nmethod 0x00000291c1d68290
Event: 40.623 Thread 0x00000291d70b6ac0 flushing  nmethod 0x00000291c1d68690
Event: 40.623 Thread 0x00000291d70b6ac0 flushing  nmethod 0x00000291c1d68c90
Event: 40.623 Thread 0x00000291d70b6ac0 flushing  nmethod 0x00000291c1d69490

Events (20 events):
Event: 14.650 Thread 0x00000291de3613e0 Thread added: 0x00000291de526a10
Event: 14.721 Thread 0x00000291de3613e0 Thread added: 0x00000291de5270a0
Event: 15.033 Thread 0x00000291de522f00 Thread exited: 0x00000291de522f00
Event: 17.604 Thread 0x00000291de5270a0 Thread added: 0x00000291de522f00
Event: 20.383 Thread 0x00000291de3613e0 Thread added: 0x00000291de527730
Event: 20.427 Thread 0x00000291de527730 Thread added: 0x00000291e116a4b0
Event: 20.427 Thread 0x00000291de527730 Thread added: 0x00000291e116b1d0
Event: 20.427 Thread 0x00000291de527730 Thread added: 0x00000291e1167d50
Event: 20.476 Thread 0x00000291e116a4b0 Thread added: 0x00000291e116d2a0
Event: 21.172 Thread 0x00000291e116b1d0 Thread added: 0x00000291e116cc10
Event: 21.192 Thread 0x00000291e116b1d0 Thread added: 0x00000291e1168a70
Event: 21.198 Thread 0x00000291e116b1d0 Thread added: 0x00000291e1169790
Event: 21.596 Thread 0x00000291de526a10 Thread added: 0x00000291e116ab40
Event: 34.732 Thread 0x00000291de527730 Thread added: 0x00000291e1893290
Event: 34.734 Thread 0x00000291de527730 Thread added: 0x00000291e1892570
Event: 34.737 Thread 0x00000291de527730 Thread added: 0x00000291e188dd40
Event: 36.414 Thread 0x00000291e116a4b0 Thread added: 0x00000291e188f0f0
Event: 44.322 Thread 0x00000291e1892570 Thread added: 0x00000291e116bef0
Event: 44.503 Thread 0x00000291e1892570 Thread added: 0x00000291e116c580
Event: 44.503 Thread 0x00000291e1892570 Thread added: 0x00000291e188fe10


Dynamic libraries:
0x00007ff6d38b0000 - 0x00007ff6d38ba000 	D:\Android_studio\jbr\bin\java.exe
0x00007fff14f50000 - 0x00007fff15168000 	C:\WINDOWS\SYSTEM32\ntdll.dll
0x00007fff139d0000 - 0x00007fff13a94000 	C:\WINDOWS\System32\KERNEL32.DLL
0x00007fff12580000 - 0x00007fff12953000 	C:\WINDOWS\System32\KERNELBASE.dll
0x00007fff12060000 - 0x00007fff12171000 	C:\WINDOWS\System32\ucrtbase.dll
0x00007ffef5bb0000 - 0x00007ffef5bc8000 	D:\Android_studio\jbr\bin\jli.dll
0x00007fff12c70000 - 0x00007fff12e22000 	C:\WINDOWS\System32\USER32.dll
0x00007fff12550000 - 0x00007fff12576000 	C:\WINDOWS\System32\win32u.dll
0x00007ffef8c80000 - 0x00007ffef8c9b000 	D:\Android_studio\jbr\bin\VCRUNTIME140.dll
0x00007fff14dc0000 - 0x00007fff14de9000 	C:\WINDOWS\System32\GDI32.dll
0x00007ffefd7f0000 - 0x00007ffefda8c000 	C:\WINDOWS\WinSxS\amd64_microsoft.windows.common-controls_6595b64144ccf1df_6.0.22621.6060_none_2712eda17382d24b\COMCTL32.dll
0x00007fff13030000 - 0x00007fff130d7000 	C:\WINDOWS\System32\msvcrt.dll
0x00007fff122c0000 - 0x00007fff123db000 	C:\WINDOWS\System32\gdi32full.dll
0x00007fff12a20000 - 0x00007fff12aba000 	C:\WINDOWS\System32\msvcp_win.dll
0x00007fff12ff0000 - 0x00007fff13021000 	C:\WINDOWS\System32\IMM32.DLL
0x00007ffef8ca0000 - 0x00007ffef8cac000 	D:\Android_studio\jbr\bin\vcruntime140_1.dll
0x00007ffef8760000 - 0x00007ffef87ed000 	D:\Android_studio\jbr\bin\msvcp140.dll
0x00007ffeb15a0000 - 0x00007ffeb2236000 	D:\Android_studio\jbr\bin\server\jvm.dll
0x00007fff136d0000 - 0x00007fff13781000 	C:\WINDOWS\System32\ADVAPI32.dll
0x00007fff14d10000 - 0x00007fff14db8000 	C:\WINDOWS\System32\sechost.dll
0x00007fff12bc0000 - 0x00007fff12be8000 	C:\WINDOWS\System32\bcrypt.dll
0x00007fff14df0000 - 0x00007fff14f08000 	C:\WINDOWS\System32\RPCRT4.dll
0x00007fff14a60000 - 0x00007fff14ad1000 	C:\WINDOWS\System32\WS2_32.dll
0x00007fff11f30000 - 0x00007fff11f7d000 	C:\WINDOWS\SYSTEM32\POWRPROF.dll
0x00007fff0c6a0000 - 0x00007fff0c6d4000 	C:\WINDOWS\SYSTEM32\WINMM.dll
0x00007fff0bf20000 - 0x00007fff0bf2a000 	C:\WINDOWS\SYSTEM32\VERSION.dll
0x00007fff11f10000 - 0x00007fff11f23000 	C:\WINDOWS\SYSTEM32\UMPDC.dll
0x00007fff11040000 - 0x00007fff11058000 	C:\WINDOWS\SYSTEM32\kernel.appcore.dll
0x00007ffef8c70000 - 0x00007ffef8c7a000 	D:\Android_studio\jbr\bin\jimage.dll
0x00007fff0fb70000 - 0x00007fff0fda3000 	C:\WINDOWS\SYSTEM32\DBGHELP.DLL
0x00007fff13d30000 - 0x00007fff140c1000 	C:\WINDOWS\System32\combase.dll
0x00007fff14970000 - 0x00007fff14a48000 	C:\WINDOWS\System32\OLEAUT32.dll
0x00007fff0a160000 - 0x00007fff0a192000 	C:\WINDOWS\SYSTEM32\dbgcore.DLL
0x00007fff12ac0000 - 0x00007fff12b3b000 	C:\WINDOWS\System32\bcryptPrimitives.dll
0x00007fff0e630000 - 0x00007fff0e63e000 	D:\Android_studio\jbr\bin\instrument.dll
0x00007ffef6e40000 - 0x00007ffef6e60000 	D:\Android_studio\jbr\bin\java.dll
0x00007ffef6e20000 - 0x00007ffef6e38000 	D:\Android_studio\jbr\bin\zip.dll
0x00007fff140d0000 - 0x00007fff1496c000 	C:\WINDOWS\System32\SHELL32.dll
0x00007fff12180000 - 0x00007fff122bf000 	C:\WINDOWS\System32\wintypes.dll
0x00007fff0ff50000 - 0x00007fff1086a000 	C:\WINDOWS\SYSTEM32\windows.storage.dll
0x00007fff12e50000 - 0x00007fff12f54000 	C:\WINDOWS\System32\SHCORE.dll
0x00007fff13910000 - 0x00007fff13979000 	C:\WINDOWS\System32\shlwapi.dll
0x00007fff11f90000 - 0x00007fff11fb5000 	C:\WINDOWS\SYSTEM32\profapi.dll
0x00007ffef8c60000 - 0x00007ffef8c70000 	D:\Android_studio\jbr\bin\net.dll
0x00007fff0b9d0000 - 0x00007fff0bafc000 	C:\WINDOWS\SYSTEM32\WINHTTP.dll
0x00007fff11520000 - 0x00007fff11589000 	C:\WINDOWS\system32\mswsock.dll
0x00007ffeef9f0000 - 0x00007ffeefa06000 	D:\Android_studio\jbr\bin\nio.dll
0x00007ffef86f0000 - 0x00007ffef8700000 	D:\Android_studio\jbr\bin\verify.dll
0x00007ffef5c10000 - 0x00007ffef5c37000 	C:\Users\tharushi\.gradle\native\660c5614fbf4a5f2a75b1949f50a0caf5cd603558e7d8a26e50b933a0cfb79d1\windows-amd64\native-platform.dll
0x00007ffeee030000 - 0x00007ffeee0a7000 	C:\Users\tharushi\.gradle\native\0.2.8\x86_64-windows-gnu\gradle-fileevents.dll
0x00007ffefd7b0000 - 0x00007ffefd7b9000 	D:\Android_studio\jbr\bin\management.dll
0x00007ffefd7a0000 - 0x00007ffefd7ab000 	D:\Android_studio\jbr\bin\management_ext.dll
0x00007fff12c60000 - 0x00007fff12c68000 	C:\WINDOWS\System32\PSAPI.DLL
0x00007fff10ad0000 - 0x00007fff10afd000 	C:\WINDOWS\SYSTEM32\IPHLPAPI.DLL
0x00007fff13d20000 - 0x00007fff13d29000 	C:\WINDOWS\System32\NSI.dll
0x00007ffefd7c0000 - 0x00007ffefd7c9000 	D:\Android_studio\jbr\bin\extnet.dll
0x00007fff11770000 - 0x00007fff1178b000 	C:\WINDOWS\SYSTEM32\CRYPTSP.dll
0x00007fff10fa0000 - 0x00007fff10fd7000 	C:\WINDOWS\system32\rsaenh.dll
0x00007fff11610000 - 0x00007fff11638000 	C:\WINDOWS\SYSTEM32\USERENV.dll
0x00007fff11790000 - 0x00007fff1179c000 	C:\WINDOWS\SYSTEM32\CRYPTBASE.dll
0x00007ffefd7d0000 - 0x00007ffefd7d8000 	C:\WINDOWS\system32\wshunix.dll
0x00007fff11150000 - 0x00007fff11184000 	C:\WINDOWS\SYSTEM32\ntmarta.dll

JVMTI agents:
C:\Users\tharushi\.gradle\wrapper\dists\gradle-9.4.1-bin\arn2x92ynaizyzdaamcbpbhtj\gradle-9.4.1\lib\agents\gradle-instrumentation-agent-9.4.1.jar path:D:\Android_studio\jbr\bin\instrument.dll, loaded, initialized, instrumentlib options:none

dbghelp: loaded successfully - version: 4.0.5 - missing functions: none
symbol engine: initialized successfully - sym options: 0x614 - pdb path: .;D:\Android_studio\jbr\bin;C:\WINDOWS\SYSTEM32;C:\WINDOWS\WinSxS\amd64_microsoft.windows.common-controls_6595b64144ccf1df_6.0.22621.6060_none_2712eda17382d24b;D:\Android_studio\jbr\bin\server;C:\Users\tharushi\.gradle\native\660c5614fbf4a5f2a75b1949f50a0caf5cd603558e7d8a26e50b933a0cfb79d1\windows-amd64;C:\Users\tharushi\.gradle\native\0.2.8\x86_64-windows-gnu

VM Arguments:
jvm_args: --add-opens=java.base/java.lang=ALL-UNNAMED --add-opens=java.base/java.lang.invoke=ALL-UNNAMED --add-opens=java.base/java.util=ALL-UNNAMED --add-opens=java.prefs/java.util.prefs=ALL-UNNAMED --add-exports=jdk.compiler/com.sun.tools.javac.api=ALL-UNNAMED --add-exports=jdk.compiler/com.sun.tools.javac.util=ALL-UNNAMED --add-opens=java.base/java.util=ALL-UNNAMED --add-opens=java.prefs/java.util.prefs=ALL-UNNAMED --add-opens=java.base/java.nio.charset=ALL-UNNAMED --add-opens=java.base/java.net=ALL-UNNAMED --add-opens=java.base/java.util.concurrent=ALL-UNNAMED --add-opens=java.base/java.util.concurrent.atomic=ALL-UNNAMED --add-opens=java.xml/javax.xml.namespace=ALL-UNNAMED --add-opens=java.base/java.time=ALL-UNNAMED -Xmx4096m -Dfile.encoding=UTF-8 -Duser.country=US -Duser.language=en -Duser.variant -javaagent:C:\Users\tharushi\.gradle\wrapper\dists\gradle-9.4.1-bin\arn2x92ynaizyzdaamcbpbhtj\gradle-9.4.1\lib\agents\gradle-instrumentation-agent-9.4.1.jar 
java_command: org.gradle.launcher.daemon.bootstrap.GradleDaemon 9.4.1
java_class_path (initial): C:\Users\tharushi\.gradle\wrapper\dists\gradle-9.4.1-bin\arn2x92ynaizyzdaamcbpbhtj\gradle-9.4.1\lib\gradle-daemon-main-9.4.1.jar
Launcher Type: SUN_STANDARD

[Global flags]
     intx CICompilerCount                          = 3                                         {product} {ergonomic}
     uint ConcGCThreads                            = 1                                         {product} {ergonomic}
     uint G1ConcRefinementThreads                  = 4                                         {product} {ergonomic}
   size_t G1HeapRegionSize                         = 2097152                                   {product} {ergonomic}
    uintx GCDrainStackTargetSize                   = 64                                        {product} {ergonomic}
   size_t InitialHeapSize                          = 65011712                                  {product} {ergonomic}
   size_t MarkStackSize                            = 4194304                                   {product} {ergonomic}
   size_t MaxHeapSize                              = 4294967296                                {product} {command line}
   size_t MaxNewSize                               = 2575302656                                {product} {ergonomic}
   size_t MinHeapDeltaBytes                        = 2097152                                   {product} {ergonomic}
   size_t MinHeapSize                              = 8388608                                   {product} {ergonomic}
    uintx NonNMethodCodeHeapSize                   = 5832780                                {pd product} {ergonomic}
    uintx NonProfiledCodeHeapSize                  = 122912730                              {pd product} {ergonomic}
    uintx ProfiledCodeHeapSize                     = 122912730                              {pd product} {ergonomic}
    uintx ReservedCodeCacheSize                    = 251658240                              {pd product} {ergonomic}
     bool SegmentedCodeCache                       = true                                      {product} {ergonomic}
   size_t SoftMaxHeapSize                          = 4294967296                             {manageable} {ergonomic}
     bool UseCompressedOops                        = true                           {product lp64_product} {ergonomic}
     bool UseG1GC                                  = true                                      {product} {ergonomic}
     bool UseLargePagesIndividualAllocation        = false                                  {pd product} {ergonomic}

Logging:
Log output configuration:
 #0: stdout all=warning uptime,level,tags foldmultilines=false
 #1: stderr all=off uptime,level,tags foldmultilines=false

Release file:
JAVA_VERSION="21.0.10" 
MODULES="java.base java.compiler java.datatransfer java.xml java.prefs java.desktop java.instrument java.logging java.management java.security.sasl java.naming java.rmi java.management.rmi java.net.http java.scripting java.security.jgss java.transaction.xa java.sql java.sql.rowset java.xml.crypto java.se java.smartcardio jdk.accessibility jdk.internal.jvmstat jdk.attach jdk.charsets jdk.internal.opt jdk.zipfs jdk.compiler jdk.crypto.ec jdk.crypto.cryptoki jdk.dynalink jdk.hotspot.agent jdk.httpserver jdk.internal.ed jdk.internal.le jdk.internal.vm.ci jdk.jartool jdk.javadoc jdk.jcmd jdk.jdeps jdk.jdwp.agent jdk.jdi jdk.jfr jdk.jlink jdk.jsobject jdk.localedata jdk.management jdk.management.agent jdk.management.jfr jdk.naming.dns jdk.naming.rmi jdk.net jdk.sctp jdk.security.auth jdk.security.jgss jdk.unsupported jdk.unsupported.desktop jdk.xml.dom" 
IMPLEMENTOR="JetBrains s.r.o." 
JAVA_RUNTIME_VERSION="21.0.10+-14961533-b1163.108" 
LIBC="default" 
OS_ARCH="x86_64" 
OS_NAME="Windows" 
SOURCE=".:git:1351622c2ff2" 

Environment Variables:
JAVA_HOME=C:\Program Files\Eclipse Adoptium\jdk-17.0.12.7-hotspot\
PATH=C:\Python314\Scripts\;C:\Python314\;C:\Program Files\Python313\Scripts\;C:\Program Files\Python313\;C:\Program Files\Eclipse Adoptium\jdk-17.0.12.7-hotspot\bin;C:\WINDOWS\system32;C:\WINDOWS;C:\WINDOWS\System32\Wbem;C:\WINDOWS\System32\WindowsPowerShell\v1.0\;C:\WINDOWS\System32\OpenSSH\;C:\Program Files\dotnet\;C:\Program Files\Git\cmd;E:\Git\cmd;C:\TDM-GCC-64\bin;C:\gcc-14.1.0\bin;C:\msys64\ucrt64\bin;C:\Program Files\MySQL\MySQL Server 8.0\bin;C:\Program Files\apache-maven-3.9.12\bin;C:\Program Files\RabbitMQ Server\rabbitmq_server-4.2.3\sbin;E:\MinGW\bin;C:\Users\tharushi\AppData\Roaming\Python\Python313\Scripts;C:\Program Files\nodejs\;C:\ProgramData\chocolatey\bin;C:\Program Files\MySQL\MySQL Shell 8.0\bin\;C:\Users\tharushi\AppData\Local\Microsoft\WindowsApps;E:\Apps\Microsoft VS Code\bin;C:\MinGW\bin;C:\Users\tharushi\AppData\Local\GitHubDesktop\bin;C:\Users\tharushi\AppData\Roaming\npm
USERNAME=tharushi
OS=Windows_NT
PROCESSOR_IDENTIFIER=Intel64 Family 6 Model 126 Stepping 5, GenuineIntel
TMP=C:\Users\tharushi\AppData\Local\Temp
TEMP=C:\Users\tharushi\AppData\Local\Temp




Periodic native trim disabled

JNI global refs:
JNI global refs: 28, weak refs: 57

JNI global refs memory usage: 835, weak refs: 833

Process memory usage:
Resident Set Size: 245048K (6% of 3956052K total physical memory with 81896K free physical memory)

OOME stack traces (most recent first):
Classloader memory used:
Loader org.gradle.internal.classloader.VisitableURLClassLoader                         : 39632K
Loader bootstrap                                                                       : 27915K
Loader org.gradle.internal.classloader.VisitableURLClassLoader$InstrumentingVisitableURLClassLoader: 23201K
Loader org.gradle.initialization.MixInLegacyTypesClassLoader                           : 9489K
Loader java.net.URLClassLoader                                                         : 2535K
Loader jdk.internal.reflect.DelegatingClassLoader                                      : 1219K
Loader jdk.internal.loader.ClassLoaders$AppClassLoader                                 : 192K
Loader jdk.internal.loader.ClassLoaders$PlatformClassLoader                            : 191K

Classes loaded by more than one classloader:
Class kotlin.NotImplementedError                                                      : loaded 2 times (x 82B)
Class kotlin.text.StringsKt__StringsKt                                                : loaded 2 times (x 71B)
Class com.google.common.collect.RegularImmutableMap$KeySet                            : loaded 2 times (x 152B)
Class com.google.common.base.PairwiseEquivalence                                      : loaded 2 times (x 83B)
Class com.google.common.base.Equivalence$Identity                                     : loaded 2 times (x 82B)
Class org.gradle.internal.classloader.FilteringClassLoader                            : loaded 2 times (x 105B)
Class kotlin.io.FilesKt__FileTreeWalkKt                                               : loaded 2 times (x 71B)
Class kotlin.sequences.FilteringSequence$iterator$1                                   : loaded 2 times (x 79B)
Class kotlin.sequences.SequencesKt__SequenceBuilderKt                                 : loaded 2 times (x 71B)
Class kotlin.collections.CollectionsKt__ReversedViewsKt                               : loaded 2 times (x 71B)
Class [Lcom.google.common.collect.MapMakerInternalMap$Segment;                        : loaded 2 times (x 69B)
Class com.google.common.io.FileWriteMode                                              : loaded 2 times (x 79B)
Class [Lcom.google.common.base.AbstractIterator$State;                                : loaded 2 times (x 69B)
Class com.google.common.base.CharMatcher$IsEither                                     : loaded 2 times (x 111B)
Class org.gradle.internal.classloader.ClassLoaderHierarchy                            : loaded 2 times (x 70B)
Class com.google.common.collect.ImmutableList$1                                       : loaded 2 times (x 97B)
Class com.google.common.collect.ImmutableEnumSet                                      : loaded 2 times (x 146B)
Class com.google.common.util.concurrent.ExecutionError                                : loaded 2 times (x 82B)
Class com.google.common.collect.AbstractMapBasedMultimap$WrappedCollection            : loaded 2 times (x 124B)
Class com.google.common.collect.RegularImmutableMap                                   : loaded 2 times (x 121B)
Class com.google.common.collect.ImmutableMap$MapViewOfValuesAsSingletonSets           : loaded 2 times (x 126B)
Class [Lorg.objectweb.asm.Symbol;                                                     : loaded 2 times (x 69B)
Class org.objectweb.asm.ClassVisitor                                                  : loaded 2 times (x 88B)
Class com.google.common.collect.TransformedListIterator                               : loaded 2 times (x 93B)
Class com.google.common.collect.UnmodifiableListIterator                              : loaded 2 times (x 95B)
Class org.objectweb.asm.MethodTooLargeException                                       : loaded 2 times (x 83B)
Class com.google.common.collect.MapMakerInternalMap$StrongKeyDummyValueEntry$LinkedStrongKeyDummyValueEntry: loaded 2 times (x 82B)
Class com.google.common.collect.MapMakerInternalMap$Strength                          : loaded 2 times (x 80B)
Class com.google.common.base.Platform$JdkPatternCompiler                              : loaded 2 times (x 75B)
Class [Lcom.google.common.cache.CacheBuilder$OneWeigher;                              : loaded 2 times (x 69B)
Class com.google.common.base.Suppliers                                                : loaded 2 times (x 71B)
Class org.gradle.internal.classloader.DefaultClassLoaderFactory                       : loaded 2 times (x 82B)
Class kotlin.sequences.SequencesKt___SequencesKt                                      : loaded 2 times (x 71B)
Class kotlin.collections.AbstractList$Companion                                       : loaded 2 times (x 71B)
Class [Lcom.google.common.collect.AbstractIterator$State;                             : loaded 2 times (x 69B)
Class com.google.common.base.CharMatcher$None                                         : loaded 2 times (x 112B)
Class [Lcom.google.common.collect.ImmutableMapEntry;                                  : loaded 2 times (x 69B)
Class kotlin.text.StringsKt__AppendableKt                                             : loaded 2 times (x 71B)
Class com.google.common.collect.ImmutableEnumMap                                      : loaded 2 times (x 126B)
Class com.google.common.collect.ListMultimap                                          : loaded 2 times (x 70B)
Class org.objectweb.asm.AnnotationVisitor                                             : loaded 2 times (x 78B)
Class com.google.common.collect.Iterators$EmptyModifiableIterator                     : loaded 2 times (x 86B)
Class com.google.common.collect.Sets$1                                                : loaded 2 times (x 139B)
Class com.google.common.base.Splitter                                                 : loaded 2 times (x 72B)
Class org.gradle.api.internal.DefaultClassPathProvider                                : loaded 2 times (x 76B)
Class kotlin.sequences.Sequence                                                       : loaded 2 times (x 70B)
Class kotlin.text.StringsKt__StringNumberConversionsJVMKt                             : loaded 2 times (x 71B)
Class org.apache.commons.io.FilenameUtils                                             : loaded 2 times (x 71B)
Class com.google.common.collect.MapMakerInternalMap$Strength$1                        : loaded 2 times (x 80B)
Class com.google.common.collect.Maps$ViewCachingAbstractMap                           : loaded 2 times (x 125B)
Class com.google.common.collect.Sets$2                                                : loaded 2 times (x 139B)
Class [Lorg.gradle.api.internal.ClassPathProvider;                                    : loaded 2 times (x 69B)
Class org.gradle.api.internal.ClassPathProvider                                       : loaded 2 times (x 70B)
Class com.google.common.collect.MapMakerInternalMap$Strength$2                        : loaded 2 times (x 80B)
Class com.google.common.collect.Sets$3                                                : loaded 2 times (x 139B)
Class com.google.common.base.AbstractIterator$State                                   : loaded 2 times (x 79B)
Class com.google.common.cache.LocalCache$LocalLoadingCache                            : loaded 2 times (x 134B)
Class org.gradle.internal.service.UnknownServiceException                             : loaded 2 times (x 83B)
Class org.objectweb.asm.ModuleVisitor                                                 : loaded 2 times (x 81B)
Class com.google.common.collect.MapMakerInternalMap$StrongValueEntry                  : loaded 2 times (x 70B)
Class com.google.common.collect.Sets$4                                                : loaded 2 times (x 139B)
Class com.google.common.cache.LocalCache$Strength$1                                   : loaded 2 times (x 81B)
Class com.google.common.util.concurrent.SettableFuture                                : loaded 2 times (x 114B)
Class com.google.common.cache.LocalCache$Strength$2                                   : loaded 2 times (x 81B)
Class kotlin.collections.ArraysKt___ArraysJvmKt                                       : loaded 2 times (x 71B)
Class kotlin.collections.CollectionsKt__CollectionsKt                                 : loaded 2 times (x 71B)
Class kotlin.text.StringsKt__RegexExtensionsJVMKt                                     : loaded 2 times (x 71B)
Class com.google.common.collect.Interners$InternerImpl                                : loaded 2 times (x 75B)
Class com.google.common.collect.Interner                                              : loaded 2 times (x 70B)
Class com.google.common.collect.TransformedIterator                                   : loaded 2 times (x 80B)
Class com.google.common.base.Splitter$1                                               : loaded 2 times (x 77B)
Class com.google.common.cache.LocalCache$Strength$3                                   : loaded 2 times (x 81B)
Class com.google.common.collect.MapDifference                                         : loaded 2 times (x 70B)
Class kotlin._Assertions                                                              : loaded 2 times (x 71B)
Class org.objectweb.asm.FieldWriter                                                   : loaded 2 times (x 78B)
Class com.google.common.collect.MapMaker$Dummy                                        : loaded 2 times (x 79B)
Class com.google.common.cache.CacheBuilder$NullListener                               : loaded 2 times (x 82B)
Class org.gradle.internal.classpath.TransformedClassPath                              : loaded 2 times (x 96B)
Class org.gradle.internal.classloader.InstrumentingClassLoader                        : loaded 2 times (x 70B)
Class kotlin.enums.EnumEntriesList                                                    : loaded 2 times (x 223B)
Class com.google.common.collect.Iterators$ArrayItr                                    : loaded 2 times (x 97B)
Class com.google.common.cache.CacheLoader$FunctionToCacheLoader                       : loaded 2 times (x 75B)
Class com.google.common.collect.ImmutableCollection$Builder                           : loaded 2 times (x 76B)
Class kotlin.comparisons.ComparisonsKt___ComparisonsJvmKt                             : loaded 2 times (x 71B)
Class kotlin.collections.CollectionsKt__IteratorsJVMKt                                : loaded 2 times (x 71B)
Class com.google.common.collect.BaseImmutableMultimap                                 : loaded 2 times (x 123B)
Class com.google.common.base.Joiner                                                   : loaded 2 times (x 79B)
Class com.google.common.base.MoreObjects                                              : loaded 2 times (x 71B)
Class org.jetbrains.kotlin.build.report.metrics.GradleBuildTime                       : loaded 2 times (x 86B)
Class com.google.common.collect.Platform                                              : loaded 2 times (x 71B)
Class com.google.common.collect.UnmodifiableIterator                                  : loaded 2 times (x 80B)
Class org.gradle.internal.service.ServiceLocator                                      : loaded 2 times (x 70B)
Class kotlin.Pair                                                                     : loaded 2 times (x 72B)
Class [Lkotlin.Function;                                                              : loaded 2 times (x 69B)
Class com.google.common.collect.SingletonImmutableBiMap                               : loaded 2 times (x 143B)
Class org.apache.commons.io.FileExistsException                                       : loaded 2 times (x 82B)
Class com.google.common.collect.Iterators$SingletonIterator                           : loaded 2 times (x 81B)
Class com.google.common.cache.LocalCache$1                                            : loaded 2 times (x 89B)
Class com.google.common.collect.AbstractMapEntry                                      : loaded 2 times (x 81B)
Class kotlin.io.CloseableKt                                                           : loaded 2 times (x 71B)
Class kotlin.collections.CollectionsKt__MutableCollectionsKt                          : loaded 2 times (x 71B)
Class com.google.common.collect.ImmutableList$Builder                                 : loaded 2 times (x 77B)
Class com.google.common.collect.AbstractSetMultimap                                   : loaded 2 times (x 174B)
Class com.google.common.collect.MapMakerInternalMap$AbstractStrongKeyEntry            : loaded 2 times (x 80B)
Class com.google.common.collect.Sets$ImprovedAbstractSet                              : loaded 2 times (x 135B)
Class com.google.common.cache.LocalCache$2                                            : loaded 2 times (x 142B)
Class com.google.common.collect.AbstractMultimap                                      : loaded 2 times (x 123B)
Class kotlin.io.TerminateException                                                    : loaded 2 times (x 82B)
Class kotlin.io.FilesKt__FilePathComponentsKt                                         : loaded 2 times (x 71B)
Class com.google.common.collect.RegularImmutableAsList                                : loaded 2 times (x 217B)
Class com.google.common.base.Optional                                                 : loaded 2 times (x 80B)
Class com.google.common.collect.Iterators                                             : loaded 2 times (x 71B)
Class com.google.common.util.concurrent.AbstractFuture$Trusted                        : loaded 2 times (x 70B)
Class [Lorg.jetbrains.kotlin.build.report.metrics.BuildTime;                          : loaded 2 times (x 69B)
Class com.google.common.io.ByteSink$AsCharSink                                        : loaded 2 times (x 80B)
Class com.google.common.collect.Lists$StringAsImmutableList                           : loaded 2 times (x 207B)
Class com.google.common.util.concurrent.UncheckedExecutionException                   : loaded 2 times (x 82B)
Class kotlin.collections.EmptyList                                                    : loaded 2 times (x 174B)
Class kotlin.collections.MapsKt__MapsJVMKt                                            : loaded 2 times (x 71B)
Class org.objectweb.asm.ClassWriter                                                   : loaded 2 times (x 106B)
Class com.google.common.collect.AbstractMapBasedMultimap$KeySet$1                     : loaded 2 times (x 82B)
Class com.google.common.base.CharMatcher$And                                          : loaded 2 times (x 112B)
Class com.google.common.cache.CacheLoader$UnsupportedLoadingOperationException        : loaded 2 times (x 82B)
Class com.google.common.collect.FluentIterable$1                                      : loaded 2 times (x 81B)
Class org.objectweb.asm.FieldVisitor                                                  : loaded 2 times (x 77B)
Class com.google.common.base.Objects                                                  : loaded 2 times (x 71B)
Class com.google.common.collect.IndexedImmutableSet                                   : loaded 2 times (x 152B)
Class com.google.common.collect.ImmutableMap$1                                        : loaded 2 times (x 81B)
Class com.google.common.collect.BiMap                                                 : loaded 2 times (x 70B)
Class org.gradle.api.internal.classpath.DefaultModuleRegistry$DefaultModule           : loaded 2 times (x 82B)
Class com.google.common.base.Absent                                                   : loaded 2 times (x 80B)
Class com.google.common.collect.FluentIterable$2                                      : loaded 2 times (x 81B)
Class com.google.common.collect.AbstractIterator                                      : loaded 2 times (x 82B)
Class kotlin.collections.ArraysKt__ArraysKt                                           : loaded 2 times (x 71B)
Class com.google.common.collect.FluentIterable$3                                      : loaded 2 times (x 81B)
Class com.google.common.math.MathPreconditions                                        : loaded 2 times (x 71B)
Class com.google.common.collect.ObjectArrays                                          : loaded 2 times (x 71B)
Class com.google.common.collect.AbstractIndexedListIterator                           : loaded 2 times (x 96B)
Class com.google.common.collect.ArrayListMultimapGwtSerializationDependencies         : loaded 2 times (x 172B)
Class com.google.common.collect.Multiset                                              : loaded 2 times (x 70B)
Class kotlin.collections.SetsKt__SetsJVMKt                                            : loaded 2 times (x 71B)
Class kotlin.Function                                                                 : loaded 2 times (x 70B)
Class com.google.common.collect.ImmutableMapEntrySet                                  : loaded 2 times (x 152B)
Class org.gradle.api.internal.classpath.Module                                        : loaded 2 times (x 70B)
Class kotlin.io.FileAlreadyExistsException                                            : loaded 2 times (x 82B)
Class com.google.common.cache.Weigher                                                 : loaded 2 times (x 70B)
Class org.gradle.api.internal.classpath.UnknownModuleException                        : loaded 2 times (x 82B)
Class com.google.common.base.Stopwatch                                                : loaded 2 times (x 72B)
Class com.google.common.cache.LocalCache$Strength                                     : loaded 2 times (x 81B)
Class com.google.common.cache.Cache                                                   : loaded 2 times (x 70B)
Class org.jetbrains.kotlin.build.report.metrics.BuildMetricsReporter                  : loaded 2 times (x 70B)
Class org.apache.commons.io.filefilter.IOFileFilter                                   : loaded 2 times (x 70B)
Class com.google.common.collect.ImmutableMap$Builder                                  : loaded 2 times (x 82B)
Class com.google.common.base.NullnessCasts                                            : loaded 2 times (x 71B)
Class com.google.common.util.concurrent.AbstractFuture$Cancellation                   : loaded 2 times (x 72B)
Class kotlin.io.ByteStreamsKt                                                         : loaded 2 times (x 71B)
Class com.google.common.base.Present                                                  : loaded 2 times (x 81B)
Class com.google.common.collect.AbstractMapBasedMultimap$WrappedCollection$WrappedIterator: loaded 2 times (x 84B)
Class com.google.common.cache.RemovalListener                                         : loaded 2 times (x 70B)
Class org.gradle.api.internal.DefaultClassPathRegistry                                : loaded 2 times (x 76B)
Class com.google.common.collect.Multimap                                              : loaded 2 times (x 70B)
Class org.gradle.internal.classpath.DefaultClassPath$ImmutableUniqueList              : loaded 2 times (x 199B)
Class org.gradle.api.internal.ClassPathRegistry                                       : loaded 2 times (x 70B)
Class kotlin.text.StringsKt__StringsJVMKt                                             : loaded 2 times (x 71B)
Class com.google.common.collect.MapMakerInternalMap$Segment                           : loaded 2 times (x 142B)
Class com.google.common.base.ExtraObjectsMethodsForWeb                                : loaded 2 times (x 71B)
Class kotlin.collections.SetsKt                                                       : loaded 2 times (x 71B)
Class kotlin.text.StringsKt__IndentKt                                                 : loaded 2 times (x 71B)
Class com.google.common.io.ByteSink                                                   : loaded 2 times (x 76B)
Class com.google.common.collect.SingletonImmutableList                                : loaded 2 times (x 207B)
Class com.google.common.cache.CacheBuilder                                            : loaded 2 times (x 72B)
Class org.gradle.internal.classpath.ClassPath                                         : loaded 2 times (x 70B)
Class com.google.common.collect.Interners$InternerBuilder                             : loaded 2 times (x 76B)
Class com.google.common.io.Files$FileByteSource                                       : loaded 2 times (x 85B)
Class com.google.common.collect.ImmutableList$ReverseImmutableList                    : loaded 2 times (x 209B)
Class com.google.common.base.JdkPattern                                               : loaded 2 times (x 75B)
Class kotlin.collections.MapsKt__MapsKt                                               : loaded 2 times (x 71B)
Class org.objectweb.asm.SymbolTable$Entry                                             : loaded 2 times (x 74B)
Class org.gradle.api.internal.classpath.DefaultModuleRegistry$DefaultModuleAlias      : loaded 2 times (x 80B)
Class com.google.common.collect.Iterators$1                                           : loaded 2 times (x 81B)
Class com.google.common.base.Suppliers$SupplierOfInstance                             : loaded 2 times (x 79B)
Class kotlin.UninitializedPropertyAccessException                                     : loaded 2 times (x 82B)
Class com.google.common.cache.LocalCache$ComputingValueReference                      : loaded 2 times (x 96B)
Class com.google.common.collect.ImmutableMap$IteratorBasedImmutableMap                : loaded 2 times (x 126B)
Class com.google.common.collect.SingletonImmutableSet                                 : loaded 2 times (x 146B)
Class com.google.common.cache.LocalCache$Segment                                      : loaded 2 times (x 154B)
Class [Lorg.objectweb.asm.SymbolTable$Entry;                                          : loaded 2 times (x 69B)
Class com.google.common.collect.ImmutableBiMap                                        : loaded 2 times (x 143B)
Class com.google.common.collect.Iterators$4                                           : loaded 2 times (x 82B)
Class com.google.common.cache.CacheLoader                                             : loaded 2 times (x 74B)
Class com.google.common.collect.AbstractListMultimap                                  : loaded 2 times (x 172B)
Class org.gradle.api.internal.classpath.ModuleRegistry                                : loaded 2 times (x 70B)
Class org.gradle.internal.installation.GradleInstallation$1                           : loaded 2 times (x 75B)
Class com.google.common.collect.ImmutableSet$JdkBackedSetBuilderImpl                  : loaded 2 times (x 76B)
Class com.google.common.base.Splitter$SplittingIterator                               : loaded 2 times (x 84B)
Class com.google.common.collect.Iterators$5                                           : loaded 2 times (x 82B)
Class com.google.common.util.concurrent.internal.InternalFutureFailureAccess          : loaded 2 times (x 72B)
Class com.google.common.base.CharMatcher$ForPredicate                                 : loaded 2 times (x 112B)
Class com.google.common.cache.LocalCache$LocalManualCache$1                           : loaded 2 times (x 75B)
Class kotlin.io.FilesKt__UtilsKt                                                      : loaded 2 times (x 71B)
Class kotlin.collections.CollectionsKt__CollectionsJVMKt                              : loaded 2 times (x 71B)
Class com.google.common.base.CharMatcher$AnyOf                                        : loaded 2 times (x 112B)
Class com.google.common.collect.ImmutableCollection                                   : loaded 2 times (x 125B)
Class org.gradle.api.internal.classpath.DefaultModuleRegistry                         : loaded 2 times (x 84B)
Class kotlin.sequences.SequencesKt                                                    : loaded 2 times (x 71B)
Class kotlin.collections.CollectionsKt__IteratorsKt                                   : loaded 2 times (x 71B)
Class org.jetbrains.kotlin.build.report.metrics.GradleBuildTime$Companion             : loaded 2 times (x 71B)
Class com.google.common.collect.Lists                                                 : loaded 2 times (x 71B)
Class com.google.common.util.concurrent.ListenableFuture                              : loaded 2 times (x 70B)
Class com.google.common.cache.ReferenceEntry                                          : loaded 2 times (x 70B)
Class com.google.common.base.Converter                                                : loaded 2 times (x 90B)
Class com.google.common.collect.ImmutableSet$CachingAsList                            : loaded 2 times (x 148B)
Class kotlin.text.StringsKt                                                           : loaded 2 times (x 71B)
Class com.google.common.collect.Iterators$9                                           : loaded 2 times (x 81B)
Class com.google.common.util.concurrent.AbstractFuture                                : loaded 2 times (x 106B)
Class com.google.common.base.FunctionalEquivalence                                    : loaded 2 times (x 83B)
Class com.google.common.collect.AbstractMapBasedMultimap                              : loaded 2 times (x 139B)
Class com.google.common.collect.ImmutableAsList                                       : loaded 2 times (x 209B)
Class kotlin.LazyKt__LazyJVMKt                                                        : loaded 2 times (x 71B)
Class org.objectweb.asm.RecordComponentVisitor                                        : loaded 2 times (x 77B)
Class com.google.common.cache.CacheLoader$SupplierToCacheLoader                       : loaded 2 times (x 75B)
Class kotlin.io.FilesKt__FileReadWriteKt                                              : loaded 2 times (x 71B)
Class kotlin.text.StringsKt__StringNumberConversionsKt                                : loaded 2 times (x 71B)
Class com.google.common.collect.Maps$EntryTransformer                                 : loaded 2 times (x 70B)
Class org.gradle.internal.service.ServiceLookupException                              : loaded 2 times (x 82B)
Class [Lcom.google.common.cache.LocalCache$EntryFactory;                              : loaded 2 times (x 69B)
Class org.gradle.internal.classloader.ClassLoaderFactory                              : loaded 2 times (x 70B)
Class com.google.common.base.CharMatcher$IsNot                                        : loaded 2 times (x 111B)
Class com.google.common.base.CommonPattern                                            : loaded 2 times (x 74B)
Class com.google.common.cache.LocalCache$LocalManualCache                             : loaded 2 times (x 99B)
Class org.gradle.internal.service.CachingServiceLocator                               : loaded 2 times (x 82B)
Class com.google.common.math.IntMath                                                  : loaded 2 times (x 71B)
Class com.google.common.collect.AbstractMapBasedMultimap$KeySet                       : loaded 2 times (x 137B)
Class org.jetbrains.kotlin.build.report.metrics.BuildTime                             : loaded 2 times (x 70B)
Class com.google.common.collect.MapMakerInternalMap$InternalEntry                     : loaded 2 times (x 70B)
Class com.google.common.collect.ImmutableMapEntry                                     : loaded 2 times (x 85B)
Class kotlin.enums.EnumEntries                                                        : loaded 2 times (x 70B)
Class com.google.common.collect.ImmutableMultimap                                     : loaded 2 times (x 147B)
Class com.google.common.collect.ImmutableMapEntry$NonTerminalImmutableMapEntry        : loaded 2 times (x 85B)
Class com.google.common.base.Equivalence                                              : loaded 2 times (x 82B)
Class com.google.common.base.Function                                                 : loaded 2 times (x 70B)
Class com.google.common.collect.IndexedImmutableSet$1                                 : loaded 2 times (x 213B)
Class com.google.common.collect.RegularImmutableList                                  : loaded 2 times (x 213B)
Class com.google.common.cache.CacheBuilder$OneWeigher                                 : loaded 2 times (x 82B)
Class org.gradle.internal.classloader.ClasspathUtil                                   : loaded 2 times (x 71B)
Class kotlin.io.FileSystemException                                                   : loaded 2 times (x 82B)
Class com.google.common.util.concurrent.Uninterruptibles                              : loaded 2 times (x 71B)
Class com.google.common.collect.AbstractMapBasedMultimap$WrappedSet                   : loaded 2 times (x 142B)
Class com.google.common.util.concurrent.LazyLogger                                    : loaded 2 times (x 72B)
Class com.google.common.collect.Maps                                                  : loaded 2 times (x 71B)
Class org.gradle.api.specs.Spec                                                       : loaded 2 times (x 70B)
Class com.google.common.collect.MapMaker                                              : loaded 2 times (x 72B)
Class org.apache.commons.io.file.PathFilter                                           : loaded 2 times (x 70B)
Class [Lcom.google.common.collect.ImmutableEntry;                                     : loaded 2 times (x 69B)
Class com.google.common.cache.LocalCache$LoadingValueReference                        : loaded 2 times (x 96B)
Class kotlin.SynchronizedLazyImpl                                                     : loaded 2 times (x 76B)
Class kotlin.text.StringsKt__RegexExtensionsKt                                        : loaded 2 times (x 71B)
Class com.google.common.collect.MapMakerInternalMap$StrongKeyDummyValueEntry          : loaded 2 times (x 82B)
Class com.google.common.base.Platform                                                 : loaded 2 times (x 71B)
Class kotlin.sequences.SequencesKt__SequencesJVMKt                                    : loaded 2 times (x 71B)
Class kotlin.collections.AbstractList                                                 : loaded 2 times (x 197B)
Class kotlin.collections.AbstractCollection                                           : loaded 2 times (x 117B)
Class com.google.common.collect.AbstractMapBasedMultimap$WrappedList                  : loaded 2 times (x 205B)
Class com.google.common.collect.Maps$8                                                : loaded 2 times (x 82B)
Class kotlin.LazyKt__LazyKt                                                           : loaded 2 times (x 71B)
Class kotlin.text.StringsKt__StringBuilderJVMKt                                       : loaded 2 times (x 71B)
Class [Lcom.google.common.collect.Iterators$EmptyModifiableIterator;                  : loaded 2 times (x 69B)
Class com.google.common.collect.Sets$SetView                                          : loaded 2 times (x 138B)
Class com.google.common.cache.LocalCache$StrongValueReference                         : loaded 2 times (x 90B)
Class kotlin.UNINITIALIZED_VALUE                                                      : loaded 2 times (x 71B)
Class org.objectweb.asm.Type                                                          : loaded 2 times (x 72B)
Class com.google.common.graph.SuccessorsFunction                                      : loaded 2 times (x 70B)
Class org.gradle.internal.classloader.VisitableURLClassLoader$InstrumentingVisitableURLClassLoader: loaded 2 times (x 123B)
Class kotlin.comparisons.ComparisonsKt__ComparisonsKt                                 : loaded 2 times (x 71B)
Class kotlin.ranges.RangesKt__RangesKt                                                : loaded 2 times (x 71B)
Class kotlin.collections.SetsKt___SetsKt                                              : loaded 2 times (x 71B)
Class kotlin.sequences.SequencesKt__SequencesKt                                       : loaded 2 times (x 71B)
Class org.objectweb.asm.ByteVector                                                    : loaded 2 times (x 79B)
Class com.google.common.math.IntMath$1                                                : loaded 2 times (x 71B)
Class com.google.common.collect.MapMakerInternalMap$StrongKeyDummyValueEntry$Helper   : loaded 2 times (x 79B)
Class org.apache.commons.io.FileUtils                                                 : loaded 2 times (x 71B)
Class com.google.common.io.Files$FileByteSink                                         : loaded 2 times (x 77B)
Class [Lcom.google.common.cache.CacheBuilder$NullListener;                            : loaded 2 times (x 69B)
Class org.gradle.internal.classloader.VisitableURLClassLoader$Spec                    : loaded 2 times (x 74B)
Class org.gradle.internal.classpath.DefaultClassPath                                  : loaded 2 times (x 90B)
Class kotlin.comparisons.ComparisonsKt                                                : loaded 2 times (x 71B)
Class kotlin.comparisons.ComparisonsKt___ComparisonsKt                                : loaded 2 times (x 71B)
Class kotlin.sequences.FilteringSequence                                              : loaded 2 times (x 75B)
Class [Lorg.jetbrains.kotlin.build.report.metrics.GradleBuildTime;                    : loaded 2 times (x 69B)
Class org.objectweb.asm.Symbol                                                        : loaded 2 times (x 73B)
Class com.google.common.base.AbstractIterator                                         : loaded 2 times (x 80B)
Class com.google.common.io.Closer                                                     : loaded 2 times (x 78B)
Class com.google.common.collect.RegularImmutableMap$Values                            : loaded 2 times (x 207B)
Class com.google.common.base.CharMatcher$BitSetMatcher                                : loaded 2 times (x 112B)
Class com.google.common.collect.ImmutableSet                                          : loaded 2 times (x 145B)
Class org.gradle.internal.classloader.ClassLoaderSpec                                 : loaded 2 times (x 71B)
Class kotlin.collections.CollectionsKt___CollectionsJvmKt                             : loaded 2 times (x 71B)
Class org.objectweb.asm.AnnotationWriter                                              : loaded 2 times (x 79B)
Class com.google.common.cache.CacheStats                                              : loaded 2 times (x 71B)
Class kotlin.TuplesKt                                                                 : loaded 2 times (x 71B)
Class kotlin.Unit                                                                     : loaded 2 times (x 71B)
Class kotlin.sequences.SequencesKt___SequencesJvmKt                                   : loaded 2 times (x 71B)
Class org.objectweb.asm.RecordComponentWriter                                         : loaded 2 times (x 78B)
Class com.google.common.collect.Interners                                             : loaded 2 times (x 71B)
Class com.google.common.io.Closer$Suppressor                                          : loaded 2 times (x 70B)
Class com.google.common.io.LineProcessor                                              : loaded 2 times (x 70B)
Class com.google.common.base.CharMatcher$Or                                           : loaded 2 times (x 112B)
Class com.google.common.util.concurrent.AbstractFuture$Listener                       : loaded 2 times (x 72B)
Class org.gradle.api.internal.classpath.Module$ModuleAlias                            : loaded 2 times (x 70B)
Class kotlin.ranges.RangesKt                                                          : loaded 2 times (x 71B)
Class org.objectweb.asm.Attribute                                                     : loaded 2 times (x 77B)
Class com.google.common.base.Supplier                                                 : loaded 2 times (x 70B)
Class org.gradle.internal.classloader.VisitableURLClassLoader                         : loaded 2 times (x 117B)
Class kotlin.collections.ArraysUtilJVM                                                : loaded 2 times (x 71B)
Class kotlin.jvm.functions.Function0                                                  : loaded 2 times (x 70B)
Class com.google.common.collect.ImmutableList$SerializedForm                          : loaded 2 times (x 73B)
Class org.gradle.internal.Cast                                                        : loaded 2 times (x 71B)
Class org.gradle.api.Action                                                           : loaded 2 times (x 70B)
Class kotlin.jvm.functions.Function1                                                  : loaded 2 times (x 70B)
Class org.objectweb.asm.Handler                                                       : loaded 2 times (x 72B)
Class com.google.common.collect.MapMakerInternalMap                                   : loaded 2 times (x 161B)
Class com.google.common.base.Strings                                                  : loaded 2 times (x 71B)
Class com.google.common.collect.Sets                                                  : loaded 2 times (x 71B)
Class com.google.common.base.CharMatcher$FastMatcher                                  : loaded 2 times (x 111B)
Class com.google.common.base.Ticker                                                   : loaded 2 times (x 72B)
Class kotlin.jvm.functions.Function2                                                  : loaded 2 times (x 70B)
Class [Lcom.google.common.cache.LocalCache$Segment;                                   : loaded 2 times (x 69B)
Class com.google.common.base.Predicate                                                : loaded 2 times (x 70B)
Class [Lcom.google.common.cache.LocalCache$Strength;                                  : loaded 2 times (x 69B)
Class com.google.common.cache.CacheBuilder$1                                          : loaded 2 times (x 85B)
Class com.google.common.collect.ImmutableMap                                          : loaded 2 times (x 120B)
Class org.gradle.internal.classpath.DefaultClassPath$ImmutableUniqueList$Builder      : loaded 2 times (x 75B)
Class kotlin.jvm.functions.Function3                                                  : loaded 2 times (x 70B)
Class kotlin.collections.MapsKt___MapsJvmKt                                           : loaded 2 times (x 71B)
Class com.google.common.collect.MapMakerInternalMap$WeakValueReference                : loaded 2 times (x 70B)
Class com.google.common.base.CharMatcher$NegatedFastMatcher                           : loaded 2 times (x 113B)
Class com.google.common.cache.LocalCache                                              : loaded 2 times (x 187B)
Class com.google.common.cache.CacheBuilder$2                                          : loaded 2 times (x 79B)
Class kotlin.collections.CollectionsKt___CollectionsKt                                : loaded 2 times (x 71B)
Class [Lcom.google.common.collect.AbstractMapEntry;                                   : loaded 2 times (x 69B)
Class com.google.common.collect.ImmutableEntry                                        : loaded 2 times (x 82B)
Class com.google.common.cache.CacheBuilder$3                                          : loaded 2 times (x 72B)
Class com.google.common.collect.ArrayListMultimap                                     : loaded 2 times (x 172B)
Class org.gradle.api.GradleException                                                  : loaded 2 times (x 82B)
Class kotlin.text.StringsKt___StringsJvmKt                                            : loaded 2 times (x 71B)
Class com.google.common.collect.CollectPreconditions                                  : loaded 2 times (x 71B)
Class kotlin.collections.MapsKt___MapsKt                                              : loaded 2 times (x 71B)
Class kotlin.io.FilesKt                                                               : loaded 2 times (x 71B)
Class kotlin.collections.ArraysKt___ArraysKt                                          : loaded 2 times (x 71B)
Class [Lcom.google.common.collect.MapMakerInternalMap$Strength;                       : loaded 2 times (x 69B)
Class [Lcom.google.common.io.FileWriteMode;                                           : loaded 2 times (x 69B)
Class com.google.common.collect.SortedMapDifference                                   : loaded 2 times (x 70B)
Class kotlin.collections.MapsKt__MapWithDefaultKt                                     : loaded 2 times (x 71B)
Class com.google.common.collect.MapMakerInternalMap$StrongKeyDummyValueSegment        : loaded 2 times (x 142B)
Class com.google.common.io.Files                                                      : loaded 2 times (x 71B)
Class com.google.common.cache.LocalCache$EntryFactory                                 : loaded 2 times (x 83B)
Class kotlin.collections.CollectionsKt__MutableCollectionsJVMKt                       : loaded 2 times (x 71B)
Class kotlin.enums.EnumEntriesKt                                                      : loaded 2 times (x 71B)
Class kotlin.text.StringsKt___StringsKt                                               : loaded 2 times (x 71B)
Class [Lcom.google.common.collect.MapMaker$Dummy;                                     : loaded 2 times (x 69B)
Class com.google.common.cache.LocalCache$AbstractReferenceEntry                       : loaded 2 times (x 107B)
Class org.gradle.internal.IoActions                                                   : loaded 2 times (x 71B)
Class org.objectweb.asm.SymbolTable                                                   : loaded 2 times (x 72B)
Class com.google.common.collect.ImmutableMapKeySet                                    : loaded 2 times (x 152B)
Class com.google.common.cache.CacheLoader$InvalidCacheLoadException                   : loaded 2 times (x 82B)
Class com.google.common.collect.ImmutableSet$RegularSetBuilderImpl                    : loaded 2 times (x 77B)
Class kotlin.jvm.internal.Intrinsics                                                  : loaded 2 times (x 71B)
Class com.google.common.collect.FluentIterable                                        : loaded 2 times (x 81B)
Class com.google.common.cache.LocalCache$StrongEntry                                  : loaded 2 times (x 108B)
Class com.google.common.util.concurrent.AbstractFuture$TrustedFuture                  : loaded 2 times (x 114B)
Class com.google.common.cache.LoadingCache                                            : loaded 2 times (x 70B)
Class kotlin.collections.MapsKt                                                       : loaded 2 times (x 71B)
Class kotlin.collections.CollectionsKt__IterablesKt                                   : loaded 2 times (x 71B)
Class org.objectweb.asm.MethodWriter                                                  : loaded 2 times (x 106B)
Class com.google.common.collect.RegularImmutableMap$BucketOverflowException           : loaded 2 times (x 82B)
Class [Lcom.google.common.cache.Weigher;                                              : loaded 2 times (x 69B)
Class kotlin.KotlinNullPointerException                                               : loaded 2 times (x 83B)
Class com.google.common.collect.AbstractMapBasedMultimap$RandomAccessWrappedList      : loaded 2 times (x 205B)
Class kotlin.ranges.RangesKt___RangesKt                                               : loaded 2 times (x 71B)
Class com.google.common.collect.AbstractIterator$State                                : loaded 2 times (x 79B)
Class com.google.common.collect.RegularImmutableBiMap                                 : loaded 2 times (x 149B)
Class com.google.common.base.CharMatcher$Negated                                      : loaded 2 times (x 113B)
Class com.google.common.base.CharMatcher$Is                                           : loaded 2 times (x 111B)
Class com.google.common.cache.LocalCache$ValueReference                               : loaded 2 times (x 70B)
Class kotlin.collections.ArraysKt                                                     : loaded 2 times (x 71B)
Class com.google.common.base.PatternCompiler                                          : loaded 2 times (x 70B)
Class com.google.common.collect.Hashing                                               : loaded 2 times (x 71B)
Class com.google.common.util.concurrent.AbstractFuture$Failure                        : loaded 2 times (x 72B)
Class com.google.common.base.Equivalence$Equals                                       : loaded 2 times (x 82B)
Class com.google.common.base.Preconditions                                            : loaded 2 times (x 71B)
Class kotlin.collections.SetsKt__SetsKt                                               : loaded 2 times (x 71B)
Class kotlin.LazyKt                                                                   : loaded 2 times (x 71B)
Class org.objectweb.asm.Label                                                         : loaded 2 times (x 73B)
Class org.objectweb.asm.CurrentFrame                                                  : loaded 2 times (x 73B)
Class org.objectweb.asm.ClassTooLargeException                                        : loaded 2 times (x 83B)
Class com.google.common.collect.ImmutableSetMultimap                                  : loaded 2 times (x 180B)
Class com.google.common.io.CharSink                                                   : loaded 2 times (x 79B)
Class com.google.common.base.CharMatcher                                              : loaded 2 times (x 111B)
Class com.google.common.collect.PeekingIterator                                       : loaded 2 times (x 70B)
Class com.google.common.base.Joiner$1                                                 : loaded 2 times (x 80B)
Class kotlin.collections.ArraysKt__ArraysJVMKt                                        : loaded 2 times (x 71B)
Class org.objectweb.asm.Frame                                                         : loaded 2 times (x 73B)
Class org.objectweb.asm.MethodVisitor                                                 : loaded 2 times (x 105B)
Class com.google.common.collect.MapMakerInternalMap$InternalEntryHelper               : loaded 2 times (x 70B)
Class com.google.common.collect.Maps$IteratorBasedAbstractMap                         : loaded 2 times (x 125B)
Class com.google.common.base.CharMatcher$1                                            : loaded 2 times (x 113B)
Class com.google.common.base.CharMatcher$NamedFastMatcher                             : loaded 2 times (x 112B)
Class com.google.common.collect.Table                                                 : loaded 2 times (x 70B)
Class com.google.common.base.Joiner$2                                                 : loaded 2 times (x 79B)
Class com.google.common.cache.LocalCache$EntryFactory$1                               : loaded 2 times (x 83B)
Class [Lcom.google.common.cache.RemovalListener;                                      : loaded 2 times (x 69B)
Class kotlin.text.StringsKt__StringBuilderKt                                          : loaded 2 times (x 71B)
Class com.google.common.cache.LocalCache$EntryFactory$2                               : loaded 2 times (x 83B)
Class kotlin.Lazy                                                                     : loaded 2 times (x 70B)
Class kotlin.NoWhenBranchMatchedException                                             : loaded 2 times (x 82B)
Class org.objectweb.asm.ModuleWriter                                                  : loaded 2 times (x 82B)
Class com.google.common.collect.ImmutableMapEntrySet$RegularEntrySet                  : loaded 2 times (x 152B)
Class com.google.common.cache.LocalCache$EntryFactory$3                               : loaded 2 times (x 83B)
Class com.google.common.base.Ticker$1                                                 : loaded 2 times (x 72B)
Class com.google.common.collect.Maps$BiMapConverter                                   : loaded 2 times (x 90B)
Class [Lkotlin.jvm.functions.Function1;                                               : loaded 2 times (x 69B)
Class com.google.common.collect.SetMultimap                                           : loaded 2 times (x 70B)
Class com.google.common.base.CharMatcher$InRange                                      : loaded 2 times (x 111B)
Class com.google.common.cache.LocalCache$EntryFactory$4                               : loaded 2 times (x 83B)
Class com.google.common.collect.ImmutableSet$Builder                                  : loaded 2 times (x 85B)
Class kotlin.sequences.ConstrainedOnceSequence                                        : loaded 2 times (x 75B)
Class com.google.common.cache.LocalCache$EntryFactory$5                               : loaded 2 times (x 83B)
Class kotlin.jvm.internal.markers.KMappedMarker                                       : loaded 2 times (x 70B)
Class com.google.common.cache.LocalCache$EntryFactory$6                               : loaded 2 times (x 83B)
Class org.gradle.internal.installation.CurrentGradleInstallationLocator               : loaded 2 times (x 71B)
Class com.google.common.collect.Maps$KeySet                                           : loaded 2 times (x 137B)
Class com.google.common.cache.LocalCache$EntryFactory$7                               : loaded 2 times (x 83B)
Class com.google.common.collect.ImmutableList                                         : loaded 2 times (x 206B)
Class org.gradle.internal.service.DefaultServiceLocator                               : loaded 2 times (x 83B)
Class com.google.common.collect.Maps$EntrySet                                         : loaded 2 times (x 136B)
Class com.google.common.cache.LocalCache$EntryFactory$8                               : loaded 2 times (x 83B)
Class com.google.common.collect.ImmutableSet$SetBuilderImpl                           : loaded 2 times (x 76B)
Class org.gradle.internal.installation.CurrentGradleInstallation                      : loaded 2 times (x 73B)
Class com.google.common.collect.ForwardingObject                                      : loaded 2 times (x 72B)
Class com.google.common.collect.ImmutableList$SubList                                 : loaded 2 times (x 209B)
Class com.google.common.cache.CacheLoader$1                                           : loaded 2 times (x 75B)
Class org.gradle.util.internal.GUtil                                                  : loaded 2 times (x 71B)
Class kotlin.io.NoSuchFileException                                                   : loaded 2 times (x 82B)
Class kotlin.collections.CollectionsKt                                                : loaded 2 times (x 71B)
Class com.google.common.io.ByteSource                                                 : loaded 2 times (x 84B)
Class com.google.common.cache.AbstractCache$StatsCounter                              : loaded 2 times (x 70B)
Class com.google.common.collect.MapMakerInternalMap$1                                 : loaded 2 times (x 83B)
Class com.google.common.collect.Iterators$MergingIterator                             : loaded 2 times (x 81B)
Class com.google.common.collect.RegularImmutableSet                                   : loaded 2 times (x 149B)
Class org.gradle.internal.installation.GradleInstallation                             : loaded 2 times (x 75B)
Class com.google.common.base.Splitter$Strategy                                        : loaded 2 times (x 70B)
Class com.google.common.collect.Iterables                                             : loaded 2 times (x 71B)

---------------  S Y S T E M  ---------------

OS:
 Windows 11 , 64 bit Build 22621 (10.0.22621.5415)
OS uptime: 0 days 4:46 hours
Hyper-V role detected

CPU: total 4 (initial active 4) (2 cores per cpu, 2 threads per core) family 6 model 126 stepping 5 microcode 0xcc, cx8, cmov, fxsr, ht, mmx, 3dnowpref, sse, sse2, sse3, ssse3, sse4.1, sse4.2, popcnt, lzcnt, tsc, tscinvbit, avx, avx2, aes, erms, clmul, bmi1, bmi2, adx, avx512f, avx512dq, avx512cd, avx512bw, avx512vl, sha, fma, vzeroupper, avx512_vpopcntdq, avx512_vpclmulqdq, avx512_vaes, avx512_vnni, clflush, clflushopt, avx512_vbmi2, avx512_vbmi, hv, rdtscp, rdpid, fsrm, gfni, avx512_bitalg, f16c, avx512_ifma
Processor Information for the first 4 processors :
  Max Mhz: 1190, Current Mhz: 1190, Mhz Limit: 1190

Memory: 4k page, system-wide physical 3863M (78M free)
TotalPageFile size 12055M (AvailPageFile size 0M)
current process WorkingSet (physical memory assigned to process): 239M, peak: 439M
current process commit charge ("private bytes"): 677M, peak: 677M

vm_info: OpenJDK 64-Bit Server VM (21.0.10+-14961533-b1163.108) for windows-amd64 JRE (21.0.10+-14961533-b1163.108), built on 2026-03-02T19:58:50Z by "builder" with MS VC++ 16.10 / 16.11 (VS2019)

END.
