#
# There is insufficient memory for the Java Runtime Environment to continue.
# Native memory allocation (mmap) failed to map 746586112 bytes. Error detail: G1 virtual space
# Possible reasons:
#   The system is out of physical RAM or swap space
#   This process is running with CompressedOops enabled, and the Java Heap may be blocking the growth of the native heap
# Possible solutions:
#   Reduce memory load on the system
#   Increase physical memory or swap space
#   Check if swap backing store is full
#   Decrease Java heap size (-Xmx/-Xms)
#   Decrease number of Java threads
#   Decrease Java thread stack sizes (-Xss)
#   Set larger code cache with -XX:ReservedCodeCacheSize=
#   JVM is running with Zero Based Compressed Oops mode in which the Java heap is
#     placed in the first 32GB address space. The Java Heap base address is the
#     maximum limit for the native heap growth. Please use -XX:HeapBaseMinAddress
#     to set the Java Heap base and to place the Java Heap above 32GB virtual address.
# This output file may be truncated or incomplete.
#
#  Out of Memory Error (os_windows.cpp:3926), pid=7204, tid=6684
#
# JRE version: OpenJDK Runtime Environment (21.0.10) (build 21.0.10+-14961533-b1163.108)
# Java VM: OpenJDK 64-Bit Server VM (21.0.10+-14961533-b1163.108, mixed mode, tiered, compressed oops, compressed class ptrs, g1 gc, windows-amd64)
# No core dump will be written. Minidumps are not enabled by default on client versions of Windows
#

---------------  S U M M A R Y ------------

Command Line: --add-opens=java.base/java.lang=ALL-UNNAMED --add-opens=java.base/java.lang.invoke=ALL-UNNAMED --add-opens=java.base/java.util=ALL-UNNAMED --add-opens=java.prefs/java.util.prefs=ALL-UNNAMED --add-exports=jdk.compiler/com.sun.tools.javac.api=ALL-UNNAMED --add-exports=jdk.compiler/com.sun.tools.javac.util=ALL-UNNAMED --add-opens=java.base/java.util=ALL-UNNAMED --add-opens=java.prefs/java.util.prefs=ALL-UNNAMED --add-opens=java.base/java.nio.charset=ALL-UNNAMED --add-opens=java.base/java.net=ALL-UNNAMED --add-opens=java.base/java.util.concurrent=ALL-UNNAMED --add-opens=java.base/java.util.concurrent.atomic=ALL-UNNAMED --add-opens=java.xml/javax.xml.namespace=ALL-UNNAMED --add-opens=java.base/java.time=ALL-UNNAMED -Xmx4096m -Dfile.encoding=UTF-8 -Duser.country=US -Duser.language=en -Duser.variant -javaagent:C:\Users\tharushi\.gradle\wrapper\dists\gradle-9.4.1-bin\arn2x92ynaizyzdaamcbpbhtj\gradle-9.4.1\lib\agents\gradle-instrumentation-agent-9.4.1.jar org.gradle.launcher.daemon.bootstrap.GradleDaemon 9.4.1

Host: Intel(R) Core(TM) i3-1005G1 CPU @ 1.20GHz, 4 cores, 3G,  Windows 11 , 64 bit Build 22621 (10.0.22621.5415)
Time: Wed Aug 12 19:00:44 2026 Sri Lanka Standard Time elapsed time: 3978.405460 seconds (0d 1h 6m 18s)

---------------  T H R E A D  ---------------

Current thread (0x00000226ca02b5b0):  VMThread "VM Thread"          [id=6684, stack(0x000000f5b0a00000,0x000000f5b0b00000) (1024K)]

Stack: [0x000000f5b0a00000,0x000000f5b0b00000]
Native frames: (J=compiled Java code, j=interpreted, Vv=VM code, C=native code)
V  [jvm.dll+0x6d78a9]
V  [jvm.dll+0x8665b3]
V  [jvm.dll+0x868bde]
V  [jvm.dll+0x8692c3]
V  [jvm.dll+0x280ee6]
V  [jvm.dll+0x6d4165]
V  [jvm.dll+0x6c77fa]
V  [jvm.dll+0x358f4b]
V  [jvm.dll+0x360bc6]
V  [jvm.dll+0x3b2ea6]
V  [jvm.dll+0x3b3178]
V  [jvm.dll+0x32b65c]
V  [jvm.dll+0x32b6e7]
V  [jvm.dll+0x3715cc]
V  [jvm.dll+0x36fd7e]
V  [jvm.dll+0x32adb1]
V  [jvm.dll+0x36f480]
V  [jvm.dll+0x86f048]
V  [jvm.dll+0x870394]
V  [jvm.dll+0x8708d0]
V  [jvm.dll+0x870b63]
V  [jvm.dll+0x80fd28]
V  [jvm.dll+0x6d60fd]
C  [ucrtbase.dll+0x29333]
C  [KERNEL32.DLL+0x1259d]
C  [ntdll.dll+0x5af78]

VM_Operation (0x000000f5b30fa490): G1CollectForAllocation, mode: safepoint, requested by thread 0x00000226d2682810


---------------  P R O C E S S  ---------------

Threads class SMR info:
_java_thread_list=0x00000226d4027020, length=53, elements={
0x00000226b0bfb750, 0x00000226ca405350, 0x00000226ca406dc0, 0x00000226ca4228d0,
0x00000226ca42b6b0, 0x00000226ca42c110, 0x00000226ca42cb70, 0x00000226ca42d5d0,
0x00000226ca433390, 0x00000226ca434440, 0x00000226ca7fa260, 0x00000226cfde20f0,
0x00000226cfb847f0, 0x00000226ca7bbb40, 0x00000226cf772830, 0x00000226cf770df0,
0x00000226cf773be0, 0x00000226d14f8300, 0x00000226d14f6f50, 0x00000226d14f9d40,
0x00000226d0fc3d90, 0x00000226d0fc85c0, 0x00000226d0fc64f0, 0x00000226d03bc4a0,
0x00000226d03c2da0, 0x00000226d03c0640, 0x00000226d03c0cd0, 0x00000226d03bdee0,
0x00000226d03c2710, 0x00000226d03c19f0, 0x00000226d03c3430, 0x00000226d03be570,
0x00000226d03bec00, 0x00000226d03bf290, 0x00000226d03bf920, 0x00000226d26869b0,
0x00000226d2685c90, 0x00000226d2680740, 0x00000226d2686320, 0x00000226d26848e0,
0x00000226d2681af0, 0x00000226d2682180, 0x00000226d2682810, 0x00000226d2683530,
0x00000226d2684250, 0x00000226d0fc57d0, 0x00000226d2ea3030, 0x00000226d2e9d450,
0x00000226d2e9ee90, 0x00000226d2ea29a0, 0x00000226d2ea36c0, 0x00000226d2e9fbb0,
0x00000226d2ea3d50
}

Java Threads: ( => current thread )
  0x00000226b0bfb750 JavaThread "main"                              [_thread_blocked, id=12076, stack(0x000000f5b0300000,0x000000f5b0400000) (1024K)]
  0x00000226ca405350 JavaThread "Common-Cleaner"             daemon [_thread_blocked, id=12120, stack(0x000000f5b0b00000,0x000000f5b0c00000) (1024K)]
  0x00000226ca406dc0 JavaThread "Reference Handler"          daemon [_thread_blocked, id=12180, stack(0x000000f5b0c00000,0x000000f5b0d00000) (1024K)]
  0x00000226ca4228d0 JavaThread "Finalizer"                  daemon [_thread_blocked, id=4304, stack(0x000000f5b0d00000,0x000000f5b0e00000) (1024K)]
  0x00000226ca42b6b0 JavaThread "Signal Dispatcher"          daemon [_thread_blocked, id=7612, stack(0x000000f5b0e00000,0x000000f5b0f00000) (1024K)]
  0x00000226ca42c110 JavaThread "Attach Listener"            daemon [_thread_blocked, id=4336, stack(0x000000f5b0f00000,0x000000f5b1000000) (1024K)]
  0x00000226ca42cb70 JavaThread "Service Thread"             daemon [_thread_blocked, id=10060, stack(0x000000f5b1000000,0x000000f5b1100000) (1024K)]
  0x00000226ca42d5d0 JavaThread "Monitor Deflation Thread"   daemon [_thread_blocked, id=12116, stack(0x000000f5b1100000,0x000000f5b1200000) (1024K)]
  0x00000226ca433390 JavaThread "C2 CompilerThread0"         daemon [_thread_blocked, id=2720, stack(0x000000f5b1200000,0x000000f5b1300000) (1024K)]
  0x00000226ca434440 JavaThread "C1 CompilerThread0"         daemon [_thread_blocked, id=5164, stack(0x000000f5b1300000,0x000000f5b1400000) (1024K)]
  0x00000226ca7fa260 JavaThread "Notification Thread"        daemon [_thread_blocked, id=12460, stack(0x000000f5b1400000,0x000000f5b1500000) (1024K)]
  0x00000226cfde20f0 JavaThread "Daemon health stats"               [_thread_blocked, id=7456, stack(0x000000f5b1800000,0x000000f5b1900000) (1024K)]
  0x00000226cfb847f0 JavaThread "Incoming local TCP Connector on port 59023"        [_thread_in_native, id=5448, stack(0x000000f5b1900000,0x000000f5b1a00000) (1024K)]
  0x00000226ca7bbb40 JavaThread "Daemon periodic checks"            [_thread_blocked, id=14228, stack(0x000000f5b1a00000,0x000000f5b1b00000) (1024K)]
  0x00000226cf772830 JavaThread "Cache worker for journal cache (C:\Users\tharushi\.gradle\caches\journal-1)"        [_thread_blocked, id=11584, stack(0x000000f5b2200000,0x000000f5b2300000) (1024K)]
  0x00000226cf770df0 JavaThread "File lock request listener"        [_thread_in_native, id=3320, stack(0x000000f5b2300000,0x000000f5b2400000) (1024K)]
  0x00000226cf773be0 JavaThread "Cache worker for file hash cache (C:\Users\tharushi\.gradle\caches\9.4.1\fileHashes)"        [_thread_blocked, id=7796, stack(0x000000f5b2400000,0x000000f5b2500000) (1024K)]
  0x00000226d14f8300 JavaThread "Cache worker for file content cache (C:\Users\tharushi\.gradle\caches\9.4.1\fileContent)"        [_thread_blocked, id=11016, stack(0x000000f5b2800000,0x000000f5b2900000) (1024K)]
  0x00000226d14f6f50 JavaThread "File watcher server"        daemon [_thread_blocked, id=8488, stack(0x000000f5b2900000,0x000000f5b2a00000) (1024K)]
  0x00000226d14f9d40 JavaThread "File watcher consumer"      daemon [_thread_blocked, id=11524, stack(0x000000f5b2a00000,0x000000f5b2b00000) (1024K)]
  0x00000226d0fc3d90 JavaThread "Memory manager"                    [_thread_blocked, id=6944, stack(0x000000f5b3200000,0x000000f5b3300000) (1024K)]
  0x00000226d0fc85c0 JavaThread "pool-2-thread-1"                   [_thread_blocked, id=12388, stack(0x000000f5b3b00000,0x000000f5b3c00000) (1024K)]
  0x00000226d0fc64f0 JavaThread "pool-6-thread-1"                   [_thread_blocked, id=14052, stack(0x000000f5b3400000,0x000000f5b3500000) (1024K)]
  0x00000226d03bc4a0 JavaThread "pool-10-thread-1"                  [_thread_blocked, id=13556, stack(0x000000f5b3500000,0x000000f5b3600000) (1024K)]
  0x00000226d03c2da0 JavaThread "Daemon Thread 4"                   [_thread_blocked, id=3168, stack(0x000000f5b0000000,0x000000f5b0100000) (1024K)]
  0x00000226d03c0640 JavaThread "Handler for socket connection from /127.0.0.1:59023 to /127.0.0.1:57350"        [_thread_in_native, id=8152, stack(0x000000f5b0100000,0x000000f5b0200000) (1024K)]
  0x00000226d03c0cd0 JavaThread "Cancel handler"                    [_thread_blocked, id=7852, stack(0x000000f5b0200000,0x000000f5b0300000) (1024K)]
  0x00000226d03bdee0 JavaThread "Daemon worker Thread 4"            [_thread_blocked, id=8832, stack(0x000000f5b1b00000,0x000000f5b1c00000) (1024K)]
  0x00000226d03c2710 JavaThread "Asynchronous log dispatcher for DefaultDaemonConnection: socket connection from /127.0.0.1:59023 to /127.0.0.1:57350"        [_thread_blocked, id=1384, stack(0x000000f5b1c00000,0x000000f5b1d00000) (1024K)]
  0x00000226d03c19f0 JavaThread "Stdin handler"                     [_thread_blocked, id=8900, stack(0x000000f5b1d00000,0x000000f5b1e00000) (1024K)]
  0x00000226d03c3430 JavaThread "Daemon client event forwarder"        [_thread_blocked, id=13908, stack(0x000000f5b1e00000,0x000000f5b1f00000) (1024K)]
  0x00000226d03be570 JavaThread "Cache worker for file hash cache (D:\MAD_mini_project\SmartNest\.gradle\9.4.1\fileHashes)"        [_thread_blocked, id=11540, stack(0x000000f5b1f00000,0x000000f5b2000000) (1024K)]
  0x00000226d03bec00 JavaThread "Cache worker for checksums cache (D:\MAD_mini_project\SmartNest\.gradle\9.4.1\checksums)"        [_thread_blocked, id=9572, stack(0x000000f5b2000000,0x000000f5b2100000) (1024K)]
  0x00000226d03bf290 JavaThread "Cache worker for Build Output Cleanup Cache (D:\MAD_mini_project\SmartNest\.gradle\buildOutputCleanup)"        [_thread_blocked, id=13672, stack(0x000000f5b2100000,0x000000f5b2200000) (1024K)]
  0x00000226d03bf920 JavaThread "Cache worker for cache directory md-supplier (C:\Users\tharushi\.gradle\caches\9.4.1\md-supplier)"        [_thread_blocked, id=10432, stack(0x000000f5b2500000,0x000000f5b2600000) (1024K)]
  0x00000226d26869b0 JavaThread "Cache worker for cache directory md-rule (C:\Users\tharushi\.gradle\caches\9.4.1\md-rule)"        [_thread_blocked, id=1260, stack(0x000000f5b2600000,0x000000f5b2700000) (1024K)]
  0x00000226d2685c90 JavaThread "build event listener"              [_thread_blocked, id=5032, stack(0x000000f5b2b00000,0x000000f5b2c00000) (1024K)]
  0x00000226d2680740 JavaThread "build event listener"              [_thread_blocked, id=14112, stack(0x000000f5b2c00000,0x000000f5b2d00000) (1024K)]
  0x00000226d2686320 JavaThread "build event listener"              [_thread_blocked, id=2400, stack(0x000000f5b2d00000,0x000000f5b2e00000) (1024K)]
  0x00000226d26848e0 JavaThread "Build operations"                  [_thread_blocked, id=9712, stack(0x000000f5b2e00000,0x000000f5b2f00000) (1024K)]
  0x00000226d2681af0 JavaThread "included builds"                   [_thread_blocked, id=12728, stack(0x000000f5b2700000,0x000000f5b2800000) (1024K)]
  0x00000226d2682180 JavaThread "Execution worker"                  [_thread_blocked, id=2800, stack(0x000000f5b2f00000,0x000000f5b3000000) (1024K)]
  0x00000226d2682810 JavaThread "Execution worker Thread 2"         [_thread_blocked, id=14072, stack(0x000000f5b3000000,0x000000f5b3100000) (1024K)]
  0x00000226d2683530 JavaThread "Execution worker Thread 3"         [_thread_blocked, id=14188, stack(0x000000f5b3100000,0x000000f5b3200000) (1024K)]
  0x00000226d2684250 JavaThread "Cache worker for execution history cache (D:\MAD_mini_project\SmartNest\.gradle\9.4.1\executionHistory)"        [_thread_blocked, id=12032, stack(0x000000f5b3300000,0x000000f5b3400000) (1024K)]
  0x00000226d0fc57d0 JavaThread "pool-12-thread-1"                  [_thread_blocked, id=12848, stack(0x000000f5b3600000,0x000000f5b3700000) (1024K)]
  0x00000226d2ea3030 JavaThread "WorkerExecutor Queue"              [_thread_blocked, id=11432, stack(0x000000f5b3700000,0x000000f5b3800000) (1024K)]
  0x00000226d2e9d450 JavaThread "WorkerExecutor Queue Thread 2"        [_thread_blocked, id=11856, stack(0x000000f5b3800000,0x000000f5b3900000) (1024K)]
  0x00000226d2e9ee90 JavaThread "WorkerExecutor Queue Thread 3"        [_thread_blocked, id=8008, stack(0x000000f5b3900000,0x000000f5b3a00000) (1024K)]
  0x00000226d2ea29a0 JavaThread "WorkerExecutor Queue Thread 4"        [_thread_blocked, id=2900, stack(0x000000f5b3a00000,0x000000f5b3b00000) (1024K)]
  0x00000226d2ea36c0 JavaThread "pool-13-thread-1"                  [_thread_blocked, id=6120, stack(0x000000f5b3c00000,0x000000f5b3d00000) (1024K)]
  0x00000226d2e9fbb0 JavaThread "stderr"                            [_thread_in_native, id=9476, stack(0x000000f5b3d00000,0x000000f5b3e00000) (1024K)]
  0x00000226d2ea3d50 JavaThread "stdout"                            [_thread_in_native, id=6860, stack(0x000000f5b3e00000,0x000000f5b3f00000) (1024K)]
Total: 53

Other Threads:
=>0x00000226ca02b5b0 VMThread "VM Thread"                           [id=6684, stack(0x000000f5b0a00000,0x000000f5b0b00000) (1024K)]
  0x00000226c9fd31c0 WatcherThread "VM Periodic Task Thread"        [id=3840, stack(0x000000f5b0900000,0x000000f5b0a00000) (1024K)]
  0x00000226b0c62d30 WorkerThread "GC Thread#0"                     [id=8756, stack(0x000000f5b0400000,0x000000f5b0500000) (1024K)]
  0x00000226ca918710 WorkerThread "GC Thread#1"                     [id=14260, stack(0x000000f5b1500000,0x000000f5b1600000) (1024K)]
  0x00000226ca9e14f0 WorkerThread "GC Thread#2"                     [id=7128, stack(0x000000f5b1600000,0x000000f5b1700000) (1024K)]
  0x00000226cf567ca0 WorkerThread "GC Thread#3"                     [id=13808, stack(0x000000f5b1700000,0x000000f5b1800000) (1024K)]
  0x00000226b0c73d20 ConcurrentGCThread "G1 Main Marker"            [id=13348, stack(0x000000f5b0500000,0x000000f5b0600000) (1024K)]
  0x00000226b0c749a0 WorkerThread "G1 Conc#0"                       [id=6516, stack(0x000000f5b0600000,0x000000f5b0700000) (1024K)]
  0x00000226b0cad340 ConcurrentGCThread "G1 Refine#0"               [id=3940, stack(0x000000f5b0700000,0x000000f5b0800000) (1024K)]
  0x00000226b0cb0cf0 ConcurrentGCThread "G1 Service"                [id=12192, stack(0x000000f5b0800000,0x000000f5b0900000) (1024K)]
Total: 10

Threads with active compile tasks:
C2 CompilerThread0  3978528 23719       4       com.squareup.javapoet.CodeBlock$Builder::add (556 bytes)
Total: 1

VM state: at safepoint (normal execution)

VM Mutex/Monitor currently owned by a thread:  ([mutex/lock_event])
[0x00007ffeb21586d0] Threads_lock - owner thread: 0x00000226ca02b5b0
[0x00007ffeb21587d0] Heap_lock - owner thread: 0x00000226d2682810

Heap address: 0x0000000700000000, size: 4096 MB, Compressed Oops mode: Zero based, Oop shift amount: 3

CDS archive(s) not mapped
Compressed class space mapped at: 0x0000000800000000-0x0000000840000000, reserved size: 1073741824
Narrow klass base: 0x0000000800000000, Narrow klass shift: 0, Narrow klass range: 0x40000000

GC Precious Log:
 CardTable entry size: 512
 Card Set container configuration: InlinePtr #cards 4 size 8 Array Of Cards #cards 16 size 48 Howl #buckets 8 coarsen threshold 3686 Howl Bitmap #cards 512 size 80 coarsen threshold 460 Card regions per heap region 1 cards per card region 4096
 CPUs: 4 total, 4 available
 Memory: 3863M
 Large Page Support: Disabled
 NUMA Support: Disabled
 Compressed Oops: Enabled (Zero based)
 Heap Region Size: 2M
 Heap Min Capacity: 8M
 Heap Initial Capacity: 62M
 Heap Max Capacity: 4G
 Pre-touch: Disabled
 Parallel Workers: 4
 Concurrent Workers: 1
 Concurrent Refinement Workers: 4
 Periodic GC: Disabled

Heap:
 garbage-first heap   total 395264K, used 134757K [0x0000000700000000, 0x0000000800000000)
  region size 2048K, 1 young (2048K), 1 survivors (2048K)
 Metaspace       used 133957K, committed 136192K, reserved 1179648K
  class space    used 17854K, committed 18944K, reserved 1048576K

Heap Regions: E=young(eden), S=young(survivor), O=old, HS=humongous(starts), HC=humongous(continues), CS=collection set, F=free, TAMS=top-at-mark-start, PB=parsable bottom
|   0|0x0000000700000000, 0x0000000700200000, 0x0000000700200000|100%|HS|  |TAMS 0x0000000700000000| PB 0x0000000700000000| Complete 
|   1|0x0000000700200000, 0x0000000700400000, 0x0000000700400000|100%|HC|  |TAMS 0x0000000700200000| PB 0x0000000700200000| Complete 
|   2|0x0000000700400000, 0x0000000700600000, 0x0000000700600000|100%| O|  |TAMS 0x0000000700400000| PB 0x0000000700400000| Untracked 
|   3|0x0000000700600000, 0x0000000700800000, 0x0000000700800000|100%| O|  |TAMS 0x0000000700600000| PB 0x0000000700600000| Untracked 
|   4|0x0000000700800000, 0x0000000700a00000, 0x0000000700a00000|100%| O|  |TAMS 0x0000000700800000| PB 0x0000000700800000| Untracked 
|   5|0x0000000700a00000, 0x0000000700c00000, 0x0000000700c00000|100%| O|  |TAMS 0x0000000700a00000| PB 0x0000000700a00000| Untracked 
|   6|0x0000000700c00000, 0x0000000700e00000, 0x0000000700e00000|100%| O|  |TAMS 0x0000000700c00000| PB 0x0000000700c00000| Untracked 
|   7|0x0000000700e00000, 0x0000000701000000, 0x0000000701000000|100%| O|  |TAMS 0x0000000700e00000| PB 0x0000000700e00000| Untracked 
|   8|0x0000000701000000, 0x0000000701200000, 0x0000000701200000|100%| O|  |TAMS 0x0000000701000000| PB 0x0000000701000000| Untracked 
|   9|0x0000000701200000, 0x0000000701400000, 0x0000000701400000|100%| O|  |TAMS 0x0000000701200000| PB 0x0000000701200000| Untracked 
|  10|0x0000000701400000, 0x0000000701600000, 0x0000000701600000|100%| O|  |TAMS 0x0000000701400000| PB 0x0000000701400000| Untracked 
|  11|0x0000000701600000, 0x0000000701800000, 0x0000000701800000|100%| O|  |TAMS 0x0000000701600000| PB 0x0000000701600000| Untracked 
|  12|0x0000000701800000, 0x0000000701a00000, 0x0000000701a00000|100%| O|  |TAMS 0x0000000701800000| PB 0x0000000701800000| Untracked 
|  13|0x0000000701a00000, 0x0000000701c00000, 0x0000000701c00000|100%|HS|  |TAMS 0x0000000701a00000| PB 0x0000000701a00000| Complete 
|  14|0x0000000701c00000, 0x0000000701e00000, 0x0000000701e00000|100%| O|  |TAMS 0x0000000701c00000| PB 0x0000000701c00000| Untracked 
|  15|0x0000000701e00000, 0x0000000702000000, 0x0000000702000000|100%| O|  |TAMS 0x0000000701e00000| PB 0x0000000701e00000| Untracked 
|  16|0x0000000702000000, 0x0000000702200000, 0x0000000702200000|100%|HS|  |TAMS 0x0000000702000000| PB 0x0000000702000000| Complete 
|  17|0x0000000702200000, 0x0000000702400000, 0x0000000702400000|100%| O|  |TAMS 0x0000000702200000| PB 0x0000000702200000| Untracked 
|  18|0x0000000702400000, 0x0000000702600000, 0x0000000702600000|100%| O|  |TAMS 0x0000000702400000| PB 0x0000000702400000| Untracked 
|  19|0x0000000702600000, 0x0000000702800000, 0x0000000702800000|100%| O|  |TAMS 0x0000000702600000| PB 0x0000000702600000| Untracked 
|  20|0x0000000702800000, 0x0000000702a00000, 0x0000000702a00000|100%| O|  |TAMS 0x0000000702800000| PB 0x0000000702800000| Untracked 
|  21|0x0000000702a00000, 0x0000000702c00000, 0x0000000702c00000|100%| O|  |TAMS 0x0000000702a00000| PB 0x0000000702a00000| Untracked 
|  22|0x0000000702c00000, 0x0000000702e00000, 0x0000000702e00000|100%| O|  |TAMS 0x0000000702c00000| PB 0x0000000702c00000| Untracked 
|  23|0x0000000702e00000, 0x0000000703000000, 0x0000000703000000|100%| O|  |TAMS 0x0000000702e00000| PB 0x0000000702e00000| Untracked 
|  24|0x0000000703000000, 0x0000000703200000, 0x0000000703200000|100%| O|  |TAMS 0x0000000703000000| PB 0x0000000703000000| Untracked 
|  25|0x0000000703200000, 0x0000000703400000, 0x0000000703400000|100%| O|  |TAMS 0x0000000703200000| PB 0x0000000703200000| Untracked 
|  26|0x0000000703400000, 0x0000000703600000, 0x0000000703600000|100%| O|  |TAMS 0x0000000703400000| PB 0x0000000703400000| Untracked 
|  27|0x0000000703600000, 0x0000000703800000, 0x0000000703800000|100%| O|  |TAMS 0x0000000703600000| PB 0x0000000703600000| Untracked 
|  28|0x0000000703800000, 0x0000000703a00000, 0x0000000703a00000|100%| O|  |TAMS 0x0000000703800000| PB 0x0000000703800000| Untracked 
|  29|0x0000000703a00000, 0x0000000703c00000, 0x0000000703c00000|100%| O|  |TAMS 0x0000000703a00000| PB 0x0000000703a00000| Untracked 
|  30|0x0000000703c00000, 0x0000000703e00000, 0x0000000703e00000|100%| O|  |TAMS 0x0000000703c00000| PB 0x0000000703c00000| Untracked 
|  31|0x0000000703e00000, 0x0000000704000000, 0x0000000704000000|100%| O|Cm|TAMS 0x0000000703e00000| PB 0x0000000703e00000| Complete 
|  32|0x0000000704000000, 0x0000000704200000, 0x0000000704200000|100%| O|  |TAMS 0x0000000704000000| PB 0x0000000704000000| Untracked 
|  33|0x0000000704200000, 0x0000000704400000, 0x0000000704400000|100%| O|  |TAMS 0x0000000704200000| PB 0x0000000704200000| Untracked 
|  34|0x0000000704400000, 0x0000000704600000, 0x0000000704600000|100%| O|  |TAMS 0x0000000704400000| PB 0x0000000704400000| Untracked 
|  35|0x0000000704600000, 0x0000000704800000, 0x0000000704800000|100%| O|  |TAMS 0x0000000704600000| PB 0x0000000704600000| Untracked 
|  36|0x0000000704800000, 0x0000000704a00000, 0x0000000704a00000|100%| O|  |TAMS 0x0000000704800000| PB 0x0000000704800000| Untracked 
|  37|0x0000000704a00000, 0x0000000704c00000, 0x0000000704c00000|100%| O|  |TAMS 0x0000000704a00000| PB 0x0000000704a00000| Untracked 
|  38|0x0000000704c00000, 0x0000000704e00000, 0x0000000704e00000|100%| O|  |TAMS 0x0000000704c00000| PB 0x0000000704c00000| Untracked 
|  39|0x0000000704e00000, 0x0000000705000000, 0x0000000705000000|100%| O|Cm|TAMS 0x0000000704e00000| PB 0x0000000704e00000| Complete 
|  40|0x0000000705000000, 0x0000000705200000, 0x0000000705200000|100%| O|  |TAMS 0x0000000705000000| PB 0x0000000705000000| Untracked 
|  41|0x0000000705200000, 0x0000000705400000, 0x0000000705400000|100%| O|  |TAMS 0x0000000705200000| PB 0x0000000705200000| Untracked 
|  42|0x0000000705400000, 0x0000000705600000, 0x0000000705600000|100%| O|  |TAMS 0x0000000705400000| PB 0x0000000705400000| Untracked 
|  43|0x0000000705600000, 0x0000000705800000, 0x0000000705800000|100%| O|  |TAMS 0x0000000705600000| PB 0x0000000705600000| Untracked 
|  44|0x0000000705800000, 0x0000000705a00000, 0x0000000705a00000|100%| O|  |TAMS 0x0000000705800000| PB 0x0000000705800000| Untracked 
|  45|0x0000000705a00000, 0x0000000705a00000, 0x0000000705c00000|  0%| F|  |TAMS 0x0000000705a00000| PB 0x0000000705a00000| Untracked 
|  46|0x0000000705c00000, 0x0000000705c00000, 0x0000000705e00000|  0%| F|  |TAMS 0x0000000705c00000| PB 0x0000000705c00000| Untracked 
|  47|0x0000000705e00000, 0x0000000706000000, 0x0000000706000000|100%| O|  |TAMS 0x0000000705e00000| PB 0x0000000705e00000| Untracked 
|  48|0x0000000706000000, 0x0000000706200000, 0x0000000706200000|100%| O|  |TAMS 0x0000000706000000| PB 0x0000000706000000| Untracked 
|  49|0x0000000706200000, 0x0000000706400000, 0x0000000706400000|100%| O|Cm|TAMS 0x0000000706200000| PB 0x0000000706200000| Complete 
|  50|0x0000000706400000, 0x0000000706600000, 0x0000000706600000|100%| O|Cm|TAMS 0x0000000706400000| PB 0x0000000706400000| Complete 
|  51|0x0000000706600000, 0x0000000706800000, 0x0000000706800000|100%| O|  |TAMS 0x0000000706600000| PB 0x0000000706600000| Untracked 
|  52|0x0000000706800000, 0x0000000706a00000, 0x0000000706a00000|100%| O|  |TAMS 0x0000000706800000| PB 0x0000000706800000| Untracked 
|  53|0x0000000706a00000, 0x0000000706c00000, 0x0000000706c00000|100%| O|Cm|TAMS 0x0000000706a00000| PB 0x0000000706a00000| Complete 
|  54|0x0000000706c00000, 0x0000000706e00000, 0x0000000706e00000|100%| O|  |TAMS 0x0000000706c00000| PB 0x0000000706c00000| Untracked 
|  55|0x0000000706e00000, 0x0000000707000000, 0x0000000707000000|100%| O|  |TAMS 0x0000000706e00000| PB 0x0000000706e00000| Untracked 
|  56|0x0000000707000000, 0x0000000707000000, 0x0000000707200000|  0%| F|  |TAMS 0x0000000707000000| PB 0x0000000707000000| Untracked 
|  57|0x0000000707200000, 0x0000000707200000, 0x0000000707400000|  0%| F|  |TAMS 0x0000000707200000| PB 0x0000000707200000| Untracked 
|  58|0x0000000707400000, 0x0000000707600000, 0x0000000707600000|100%| O|  |TAMS 0x0000000707400000| PB 0x0000000707400000| Untracked 
|  59|0x0000000707600000, 0x0000000707800000, 0x0000000707800000|100%| O|Cm|TAMS 0x0000000707600000| PB 0x0000000707600000| Complete 
|  60|0x0000000707800000, 0x0000000707a00000, 0x0000000707a00000|100%| O|  |TAMS 0x0000000707800000| PB 0x0000000707800000| Untracked 
|  61|0x0000000707a00000, 0x0000000707c00000, 0x0000000707c00000|100%| O|Cm|TAMS 0x0000000707a00000| PB 0x0000000707a00000| Complete 
|  62|0x0000000707c00000, 0x0000000707e00000, 0x0000000707e00000|100%| O|  |TAMS 0x0000000707c00000| PB 0x0000000707c00000| Untracked 
|  63|0x0000000707e00000, 0x0000000708000000, 0x0000000708000000|100%| O|Cm|TAMS 0x0000000707e00000| PB 0x0000000707e00000| Complete 
|  64|0x0000000708000000, 0x0000000708200000, 0x0000000708200000|100%| O|  |TAMS 0x0000000708000000| PB 0x0000000708000000| Untracked 
|  65|0x0000000708200000, 0x0000000708400000, 0x0000000708400000|100%| O|  |TAMS 0x0000000708200000| PB 0x0000000708200000| Untracked 
|  66|0x0000000708400000, 0x0000000708600000, 0x0000000708600000|100%| O|  |TAMS 0x0000000708400000| PB 0x0000000708400000| Untracked 
|  67|0x0000000708600000, 0x0000000708750640, 0x0000000708800000| 65%| O|  |TAMS 0x0000000708600000| PB 0x0000000708600000| Untracked 
|  68|0x0000000708800000, 0x0000000708800000, 0x0000000708a00000|  0%| F|  |TAMS 0x0000000708800000| PB 0x0000000708800000| Untracked 
|  69|0x0000000708a00000, 0x0000000708a00000, 0x0000000708c00000|  0%| F|  |TAMS 0x0000000708a00000| PB 0x0000000708a00000| Untracked 
|  70|0x0000000708c00000, 0x0000000708c00000, 0x0000000708e00000|  0%| F|  |TAMS 0x0000000708c00000| PB 0x0000000708c00000| Untracked 
|  71|0x0000000708e00000, 0x0000000708e00000, 0x0000000709000000|  0%| F|  |TAMS 0x0000000708e00000| PB 0x0000000708e00000| Untracked 
|  72|0x0000000709000000, 0x0000000709000000, 0x0000000709200000|  0%| F|  |TAMS 0x0000000709000000| PB 0x0000000709000000| Untracked 
|  73|0x0000000709200000, 0x0000000709200000, 0x0000000709400000|  0%| F|  |TAMS 0x0000000709200000| PB 0x0000000709200000| Untracked 
|  74|0x0000000709400000, 0x0000000709400000, 0x0000000709600000|  0%| F|  |TAMS 0x0000000709400000| PB 0x0000000709400000| Untracked 
|  75|0x0000000709600000, 0x0000000709600000, 0x0000000709800000|  0%| F|  |TAMS 0x0000000709600000| PB 0x0000000709600000| Untracked 
|  76|0x0000000709800000, 0x0000000709800000, 0x0000000709a00000|  0%| F|  |TAMS 0x0000000709800000| PB 0x0000000709800000| Untracked 
|  77|0x0000000709a00000, 0x0000000709a00000, 0x0000000709c00000|  0%| F|  |TAMS 0x0000000709a00000| PB 0x0000000709a00000| Untracked 
|  78|0x0000000709c00000, 0x0000000709c00000, 0x0000000709e00000|  0%| F|  |TAMS 0x0000000709c00000| PB 0x0000000709c00000| Untracked 
|  79|0x0000000709e00000, 0x0000000709e00000, 0x000000070a000000|  0%| F|  |TAMS 0x0000000709e00000| PB 0x0000000709e00000| Untracked 
|  80|0x000000070a000000, 0x000000070a000000, 0x000000070a200000|  0%| F|  |TAMS 0x000000070a000000| PB 0x000000070a000000| Untracked 
|  81|0x000000070a200000, 0x000000070a200000, 0x000000070a400000|  0%| F|  |TAMS 0x000000070a200000| PB 0x000000070a200000| Untracked 
|  82|0x000000070a400000, 0x000000070a400000, 0x000000070a600000|  0%| F|  |TAMS 0x000000070a400000| PB 0x000000070a400000| Untracked 
|  83|0x000000070a600000, 0x000000070a600000, 0x000000070a800000|  0%| F|  |TAMS 0x000000070a600000| PB 0x000000070a600000| Untracked 
|  84|0x000000070a800000, 0x000000070a800000, 0x000000070aa00000|  0%| F|  |TAMS 0x000000070a800000| PB 0x000000070a800000| Untracked 
|  85|0x000000070aa00000, 0x000000070aa00000, 0x000000070ac00000|  0%| F|  |TAMS 0x000000070aa00000| PB 0x000000070aa00000| Untracked 
|  86|0x000000070ac00000, 0x000000070ac00000, 0x000000070ae00000|  0%| F|  |TAMS 0x000000070ac00000| PB 0x000000070ac00000| Untracked 
|  87|0x000000070ae00000, 0x000000070ae00000, 0x000000070b000000|  0%| F|  |TAMS 0x000000070ae00000| PB 0x000000070ae00000| Untracked 
|  88|0x000000070b000000, 0x000000070b000000, 0x000000070b200000|  0%| F|  |TAMS 0x000000070b000000| PB 0x000000070b000000| Untracked 
|  89|0x000000070b200000, 0x000000070b200000, 0x000000070b400000|  0%| F|  |TAMS 0x000000070b200000| PB 0x000000070b200000| Untracked 
|  90|0x000000070b400000, 0x000000070b400000, 0x000000070b600000|  0%| F|  |TAMS 0x000000070b400000| PB 0x000000070b400000| Untracked 
|  91|0x000000070b600000, 0x000000070b600000, 0x000000070b800000|  0%| F|  |TAMS 0x000000070b600000| PB 0x000000070b600000| Untracked 
|  92|0x000000070b800000, 0x000000070b800000, 0x000000070ba00000|  0%| F|  |TAMS 0x000000070b800000| PB 0x000000070b800000| Untracked 
|  93|0x000000070ba00000, 0x000000070ba00000, 0x000000070bc00000|  0%| F|  |TAMS 0x000000070ba00000| PB 0x000000070ba00000| Untracked 
|  94|0x000000070bc00000, 0x000000070bc00000, 0x000000070be00000|  0%| F|  |TAMS 0x000000070bc00000| PB 0x000000070bc00000| Untracked 
|  95|0x000000070be00000, 0x000000070be00000, 0x000000070c000000|  0%| F|  |TAMS 0x000000070be00000| PB 0x000000070be00000| Untracked 
|  96|0x000000070c000000, 0x000000070c000000, 0x000000070c200000|  0%| F|  |TAMS 0x000000070c000000| PB 0x000000070c000000| Untracked 
|  97|0x000000070c200000, 0x000000070c200000, 0x000000070c400000|  0%| F|  |TAMS 0x000000070c200000| PB 0x000000070c200000| Untracked 
|  98|0x000000070c400000, 0x000000070c400000, 0x000000070c600000|  0%| F|  |TAMS 0x000000070c400000| PB 0x000000070c400000| Untracked 
|  99|0x000000070c600000, 0x000000070c600000, 0x000000070c800000|  0%| F|  |TAMS 0x000000070c600000| PB 0x000000070c600000| Untracked 
| 100|0x000000070c800000, 0x000000070c800000, 0x000000070ca00000|  0%| F|  |TAMS 0x000000070c800000| PB 0x000000070c800000| Untracked 
| 101|0x000000070ca00000, 0x000000070ca00000, 0x000000070cc00000|  0%| F|  |TAMS 0x000000070ca00000| PB 0x000000070ca00000| Untracked 
| 102|0x000000070cc00000, 0x000000070cc00000, 0x000000070ce00000|  0%| F|  |TAMS 0x000000070cc00000| PB 0x000000070cc00000| Untracked 
| 103|0x000000070ce00000, 0x000000070ce00000, 0x000000070d000000|  0%| F|  |TAMS 0x000000070ce00000| PB 0x000000070ce00000| Untracked 
| 104|0x000000070d000000, 0x000000070d000000, 0x000000070d200000|  0%| F|  |TAMS 0x000000070d000000| PB 0x000000070d000000| Untracked 
| 105|0x000000070d200000, 0x000000070d200000, 0x000000070d400000|  0%| F|  |TAMS 0x000000070d200000| PB 0x000000070d200000| Untracked 
| 106|0x000000070d400000, 0x000000070d400000, 0x000000070d600000|  0%| F|  |TAMS 0x000000070d400000| PB 0x000000070d400000| Untracked 
| 107|0x000000070d600000, 0x000000070d600000, 0x000000070d800000|  0%| F|  |TAMS 0x000000070d600000| PB 0x000000070d600000| Untracked 
| 108|0x000000070d800000, 0x000000070d800000, 0x000000070da00000|  0%| F|  |TAMS 0x000000070d800000| PB 0x000000070d800000| Untracked 
| 109|0x000000070da00000, 0x000000070da00000, 0x000000070dc00000|  0%| F|  |TAMS 0x000000070da00000| PB 0x000000070da00000| Untracked 
| 110|0x000000070dc00000, 0x000000070dc00000, 0x000000070de00000|  0%| F|  |TAMS 0x000000070dc00000| PB 0x000000070dc00000| Untracked 
| 111|0x000000070de00000, 0x000000070de00000, 0x000000070e000000|  0%| F|  |TAMS 0x000000070de00000| PB 0x000000070de00000| Untracked 
| 112|0x000000070e000000, 0x000000070e000000, 0x000000070e200000|  0%| F|  |TAMS 0x000000070e000000| PB 0x000000070e000000| Untracked 
| 113|0x000000070e200000, 0x000000070e200000, 0x000000070e400000|  0%| F|  |TAMS 0x000000070e200000| PB 0x000000070e200000| Untracked 
| 114|0x000000070e400000, 0x000000070e400000, 0x000000070e600000|  0%| F|  |TAMS 0x000000070e400000| PB 0x000000070e400000| Untracked 
| 115|0x000000070e600000, 0x000000070e600000, 0x000000070e800000|  0%| F|  |TAMS 0x000000070e600000| PB 0x000000070e600000| Untracked 
| 116|0x000000070e800000, 0x000000070e800000, 0x000000070ea00000|  0%| F|  |TAMS 0x000000070e800000| PB 0x000000070e800000| Untracked 
| 117|0x000000070ea00000, 0x000000070ea00000, 0x000000070ec00000|  0%| F|  |TAMS 0x000000070ea00000| PB 0x000000070ea00000| Untracked 
| 118|0x000000070ec00000, 0x000000070ec00000, 0x000000070ee00000|  0%| F|  |TAMS 0x000000070ec00000| PB 0x000000070ec00000| Untracked 
| 119|0x000000070ee00000, 0x000000070ee00000, 0x000000070f000000|  0%| F|  |TAMS 0x000000070ee00000| PB 0x000000070ee00000| Untracked 
| 120|0x000000070f000000, 0x000000070f000000, 0x000000070f200000|  0%| F|  |TAMS 0x000000070f000000| PB 0x000000070f000000| Untracked 
| 121|0x000000070f200000, 0x000000070f200000, 0x000000070f400000|  0%| F|  |TAMS 0x000000070f200000| PB 0x000000070f200000| Untracked 
| 122|0x000000070f400000, 0x000000070f400000, 0x000000070f600000|  0%| F|  |TAMS 0x000000070f400000| PB 0x000000070f400000| Untracked 
| 123|0x000000070f600000, 0x000000070f600000, 0x000000070f800000|  0%| F|  |TAMS 0x000000070f600000| PB 0x000000070f600000| Untracked 
| 124|0x000000070f800000, 0x000000070f800000, 0x000000070fa00000|  0%| F|  |TAMS 0x000000070f800000| PB 0x000000070f800000| Untracked 
| 125|0x000000070fa00000, 0x000000070fa00000, 0x000000070fc00000|  0%| F|  |TAMS 0x000000070fa00000| PB 0x000000070fa00000| Untracked 
| 126|0x000000070fc00000, 0x000000070fc00000, 0x000000070fe00000|  0%| F|  |TAMS 0x000000070fc00000| PB 0x000000070fc00000| Untracked 
| 127|0x000000070fe00000, 0x000000070fe00000, 0x0000000710000000|  0%| F|  |TAMS 0x000000070fe00000| PB 0x000000070fe00000| Untracked 
| 128|0x0000000710000000, 0x0000000710000000, 0x0000000710200000|  0%| F|  |TAMS 0x0000000710000000| PB 0x0000000710000000| Untracked 
| 129|0x0000000710200000, 0x0000000710200000, 0x0000000710400000|  0%| F|  |TAMS 0x0000000710200000| PB 0x0000000710200000| Untracked 
| 130|0x0000000710400000, 0x0000000710400000, 0x0000000710600000|  0%| F|  |TAMS 0x0000000710400000| PB 0x0000000710400000| Untracked 
| 131|0x0000000710600000, 0x0000000710600000, 0x0000000710800000|  0%| F|  |TAMS 0x0000000710600000| PB 0x0000000710600000| Untracked 
| 132|0x0000000710800000, 0x0000000710800000, 0x0000000710a00000|  0%| F|  |TAMS 0x0000000710800000| PB 0x0000000710800000| Untracked 
| 133|0x0000000710a00000, 0x0000000710a00000, 0x0000000710c00000|  0%| F|  |TAMS 0x0000000710a00000| PB 0x0000000710a00000| Untracked 
| 134|0x0000000710c00000, 0x0000000710c00000, 0x0000000710e00000|  0%| F|  |TAMS 0x0000000710c00000| PB 0x0000000710c00000| Untracked 
| 135|0x0000000710e00000, 0x0000000710e00000, 0x0000000711000000|  0%| F|  |TAMS 0x0000000710e00000| PB 0x0000000710e00000| Untracked 
| 136|0x0000000711000000, 0x0000000711000000, 0x0000000711200000|  0%| F|  |TAMS 0x0000000711000000| PB 0x0000000711000000| Untracked 
| 137|0x0000000711200000, 0x0000000711200000, 0x0000000711400000|  0%| F|  |TAMS 0x0000000711200000| PB 0x0000000711200000| Untracked 
| 138|0x0000000711400000, 0x0000000711400000, 0x0000000711600000|  0%| F|  |TAMS 0x0000000711400000| PB 0x0000000711400000| Untracked 
| 139|0x0000000711600000, 0x0000000711600000, 0x0000000711800000|  0%| F|  |TAMS 0x0000000711600000| PB 0x0000000711600000| Untracked 
| 140|0x0000000711800000, 0x0000000711800000, 0x0000000711a00000|  0%| F|  |TAMS 0x0000000711800000| PB 0x0000000711800000| Untracked 
| 141|0x0000000711a00000, 0x0000000711a00000, 0x0000000711c00000|  0%| F|  |TAMS 0x0000000711a00000| PB 0x0000000711a00000| Untracked 
| 142|0x0000000711c00000, 0x0000000711c00000, 0x0000000711e00000|  0%| F|  |TAMS 0x0000000711c00000| PB 0x0000000711c00000| Untracked 
| 143|0x0000000711e00000, 0x0000000711e00000, 0x0000000712000000|  0%| F|  |TAMS 0x0000000711e00000| PB 0x0000000711e00000| Untracked 
| 144|0x0000000712000000, 0x0000000712000000, 0x0000000712200000|  0%| F|  |TAMS 0x0000000712000000| PB 0x0000000712000000| Untracked 
| 145|0x0000000712200000, 0x0000000712200000, 0x0000000712400000|  0%| F|  |TAMS 0x0000000712200000| PB 0x0000000712200000| Untracked 
| 146|0x0000000712400000, 0x0000000712400000, 0x0000000712600000|  0%| F|  |TAMS 0x0000000712400000| PB 0x0000000712400000| Untracked 
| 147|0x0000000712600000, 0x0000000712600000, 0x0000000712800000|  0%| F|  |TAMS 0x0000000712600000| PB 0x0000000712600000| Untracked 
| 148|0x0000000712800000, 0x0000000712800000, 0x0000000712a00000|  0%| F|  |TAMS 0x0000000712800000| PB 0x0000000712800000| Untracked 
| 149|0x0000000712a00000, 0x0000000712a00000, 0x0000000712c00000|  0%| F|  |TAMS 0x0000000712a00000| PB 0x0000000712a00000| Untracked 
| 150|0x0000000712c00000, 0x0000000712c00000, 0x0000000712e00000|  0%| F|  |TAMS 0x0000000712c00000| PB 0x0000000712c00000| Untracked 
| 151|0x0000000712e00000, 0x0000000712e00000, 0x0000000713000000|  0%| F|  |TAMS 0x0000000712e00000| PB 0x0000000712e00000| Untracked 
| 152|0x0000000713000000, 0x0000000713000000, 0x0000000713200000|  0%| F|  |TAMS 0x0000000713000000| PB 0x0000000713000000| Untracked 
| 153|0x0000000713200000, 0x0000000713200000, 0x0000000713400000|  0%| F|  |TAMS 0x0000000713200000| PB 0x0000000713200000| Untracked 
| 154|0x0000000713400000, 0x0000000713400000, 0x0000000713600000|  0%| F|  |TAMS 0x0000000713400000| PB 0x0000000713400000| Untracked 
| 155|0x0000000713600000, 0x0000000713600000, 0x0000000713800000|  0%| F|  |TAMS 0x0000000713600000| PB 0x0000000713600000| Untracked 
| 156|0x0000000713800000, 0x0000000713800000, 0x0000000713a00000|  0%| F|  |TAMS 0x0000000713800000| PB 0x0000000713800000| Untracked 
| 157|0x0000000713a00000, 0x0000000713a00000, 0x0000000713c00000|  0%| F|  |TAMS 0x0000000713a00000| PB 0x0000000713a00000| Untracked 
| 158|0x0000000713c00000, 0x0000000713c00000, 0x0000000713e00000|  0%| F|  |TAMS 0x0000000713c00000| PB 0x0000000713c00000| Untracked 
| 159|0x0000000713e00000, 0x0000000713e00000, 0x0000000714000000|  0%| F|  |TAMS 0x0000000713e00000| PB 0x0000000713e00000| Untracked 
| 160|0x0000000714000000, 0x0000000714000000, 0x0000000714200000|  0%| F|  |TAMS 0x0000000714000000| PB 0x0000000714000000| Untracked 
| 161|0x0000000714200000, 0x0000000714200000, 0x0000000714400000|  0%| F|  |TAMS 0x0000000714200000| PB 0x0000000714200000| Untracked 
| 162|0x0000000714400000, 0x0000000714400000, 0x0000000714600000|  0%| F|  |TAMS 0x0000000714400000| PB 0x0000000714400000| Untracked 
| 163|0x0000000714600000, 0x0000000714600000, 0x0000000714800000|  0%| F|  |TAMS 0x0000000714600000| PB 0x0000000714600000| Untracked 
| 164|0x0000000714800000, 0x0000000714800000, 0x0000000714a00000|  0%| F|  |TAMS 0x0000000714800000| PB 0x0000000714800000| Untracked 
| 165|0x0000000714a00000, 0x0000000714a00000, 0x0000000714c00000|  0%| F|  |TAMS 0x0000000714a00000| PB 0x0000000714a00000| Untracked 
| 166|0x0000000714c00000, 0x0000000714c00000, 0x0000000714e00000|  0%| F|  |TAMS 0x0000000714c00000| PB 0x0000000714c00000| Untracked 
| 167|0x0000000714e00000, 0x0000000714e00000, 0x0000000715000000|  0%| F|  |TAMS 0x0000000714e00000| PB 0x0000000714e00000| Untracked 
| 168|0x0000000715000000, 0x0000000715000000, 0x0000000715200000|  0%| F|  |TAMS 0x0000000715000000| PB 0x0000000715000000| Untracked 
| 169|0x0000000715200000, 0x0000000715200000, 0x0000000715400000|  0%| F|  |TAMS 0x0000000715200000| PB 0x0000000715200000| Untracked 
| 170|0x0000000715400000, 0x0000000715400000, 0x0000000715600000|  0%| F|  |TAMS 0x0000000715400000| PB 0x0000000715400000| Untracked 
| 171|0x0000000715600000, 0x0000000715600000, 0x0000000715800000|  0%| F|  |TAMS 0x0000000715600000| PB 0x0000000715600000| Untracked 
| 172|0x0000000715800000, 0x0000000715800000, 0x0000000715a00000|  0%| F|  |TAMS 0x0000000715800000| PB 0x0000000715800000| Untracked 
| 173|0x0000000715a00000, 0x0000000715a00000, 0x0000000715c00000|  0%| F|  |TAMS 0x0000000715a00000| PB 0x0000000715a00000| Untracked 
| 174|0x0000000715c00000, 0x0000000715c00000, 0x0000000715e00000|  0%| F|  |TAMS 0x0000000715c00000| PB 0x0000000715c00000| Untracked 
| 175|0x0000000715e00000, 0x0000000715e00000, 0x0000000716000000|  0%| F|  |TAMS 0x0000000715e00000| PB 0x0000000715e00000| Untracked 
| 176|0x0000000716000000, 0x0000000716000000, 0x0000000716200000|  0%| F|  |TAMS 0x0000000716000000| PB 0x0000000716000000| Untracked 
| 177|0x0000000716200000, 0x0000000716200000, 0x0000000716400000|  0%| F|  |TAMS 0x0000000716200000| PB 0x0000000716200000| Untracked 
| 178|0x0000000716400000, 0x0000000716400000, 0x0000000716600000|  0%| F|  |TAMS 0x0000000716400000| PB 0x0000000716400000| Untracked 
| 179|0x0000000716600000, 0x0000000716600000, 0x0000000716800000|  0%| F|  |TAMS 0x0000000716600000| PB 0x0000000716600000| Untracked 
| 180|0x0000000716800000, 0x0000000716800000, 0x0000000716a00000|  0%| F|  |TAMS 0x0000000716800000| PB 0x0000000716800000| Untracked 
| 181|0x0000000716a00000, 0x0000000716a48f80, 0x0000000716c00000| 14%| S|CS|TAMS 0x0000000716a00000| PB 0x0000000716a00000| Complete 
|2037|0x00000007fea00000, 0x00000007fec00000, 0x00000007fec00000|100%| O|  |TAMS 0x00000007fea00000| PB 0x00000007fea00000| Untracked 
|2038|0x00000007fec00000, 0x00000007fec00000, 0x00000007fee00000|  0%| F|  |TAMS 0x00000007fec00000| PB 0x00000007fec00000| Untracked 
|2039|0x00000007fee00000, 0x00000007fee00000, 0x00000007ff000000|  0%| F|  |TAMS 0x00000007fee00000| PB 0x00000007fee00000| Untracked 
|2040|0x00000007ff000000, 0x00000007ff000000, 0x00000007ff200000|  0%| F|  |TAMS 0x00000007ff000000| PB 0x00000007ff000000| Untracked 
|2041|0x00000007ff200000, 0x00000007ff200000, 0x00000007ff400000|  0%| F|  |TAMS 0x00000007ff200000| PB 0x00000007ff200000| Untracked 
|2042|0x00000007ff400000, 0x00000007ff400000, 0x00000007ff600000|  0%| F|  |TAMS 0x00000007ff400000| PB 0x00000007ff400000| Untracked 
|2043|0x00000007ff600000, 0x00000007ff600000, 0x00000007ff800000|  0%| F|  |TAMS 0x00000007ff600000| PB 0x00000007ff600000| Untracked 
|2044|0x00000007ff800000, 0x00000007ff800000, 0x00000007ffa00000|  0%| F|  |TAMS 0x00000007ff800000| PB 0x00000007ff800000| Untracked 
|2045|0x00000007ffa00000, 0x00000007ffa00000, 0x00000007ffc00000|  0%| F|  |TAMS 0x00000007ffa00000| PB 0x00000007ffa00000| Untracked 
|2046|0x00000007ffc00000, 0x00000007ffc00000, 0x00000007ffe00000|  0%| F|  |TAMS 0x00000007ffc00000| PB 0x00000007ffc00000| Untracked 
|2047|0x00000007ffe00000, 0x0000000800000000, 0x0000000800000000|100%| O|  |TAMS 0x00000007ffe00000| PB 0x00000007ffe00000| Untracked 

Card table byte_map: [0x00000226c3560000,0x00000226c3d60000] _byte_map_base: 0x00000226bfd60000

Marking Bits: (CMBitMap*) 0x00000226b0c63440
 Bits: [0x00000226c3d60000, 0x00000226c7d60000)

Polling page: 0x00000226b03c0000

Metaspace:

Usage:
  Non-class:    113.38 MB used.
      Class:     17.44 MB used.
       Both:    130.82 MB used.

Virtual space:
  Non-class space:      128.00 MB reserved,     114.50 MB ( 89%) committed,  2 nodes.
      Class space:        1.00 GB reserved,      18.50 MB (  2%) committed,  1 nodes.
             Both:        1.12 GB reserved,     133.00 MB ( 12%) committed. 

Chunk freelists:
   Non-Class:  13.30 MB
       Class:  13.34 MB
        Both:  26.63 MB

MaxMetaspaceSize: unlimited
CompressedClassSpaceSize: 1.00 GB
Initial GC threshold: 21.00 MB
Current GC threshold: 220.94 MB
CDS: off
 - commit_granule_bytes: 65536.
 - commit_granule_words: 8192.
 - virtual_space_node_default_size: 8388608.
 - enlarge_chunks_in_place: 1.
 - use_allocation_guard: 0.


Internal statistics:

num_allocs_failed_limit: 6.
num_arena_births: 4722.
num_arena_deaths: 38.
num_vsnodes_births: 3.
num_vsnodes_deaths: 0.
num_space_committed: 2126.
num_space_uncommitted: 0.
num_chunks_returned_to_freelist: 56.
num_chunks_taken_from_freelist: 10835.
num_chunk_merges: 14.
num_chunk_splits: 6826.
num_chunks_enlarged: 4019.
num_inconsistent_stats: 0.

CodeHeap 'non-profiled nmethods': size=120000Kb used=13188Kb max_used=14041Kb free=106811Kb
 bounds [0x00000226bb830000, 0x00000226bc5f0000, 0x00000226c2d60000]
CodeHeap 'profiled nmethods': size=120000Kb used=31196Kb max_used=38256Kb free=88803Kb
 bounds [0x00000226b3d60000, 0x00000226b62d0000, 0x00000226bb290000]
CodeHeap 'non-nmethods': size=5760Kb used=2233Kb max_used=2280Kb free=3526Kb
 bounds [0x00000226bb290000, 0x00000226bb500000, 0x00000226bb830000]
CodeCache: size=245760Kb, used=46617Kb, max_used=54577Kb, free=199140Kb
 total_blobs=15714, nmethods=14825, adapters=790, full_count=0
Compilation: enabled, stopped_count=0, restarted_count=0

Compilation events (20 events):
Event: 3978.283 Thread 0x00000226ca434440 23725       3       com.squareup.javapoet.ParameterSpec::builder (44 bytes)
Event: 3978.285 Thread 0x00000226ca434440 nmethod 23725 0x00000226b4b53c90 code [0x00000226b4b54020, 0x00000226b4b556b0]
Event: 3978.285 Thread 0x00000226ca434440 23726       3       com.squareup.javapoet.ParameterSpec::isValidParameterName (53 bytes)
Event: 3978.286 Thread 0x00000226ca434440 nmethod 23726 0x00000226b4374710 code [0x00000226b4374980, 0x00000226b43751a8]
Event: 3978.286 Thread 0x00000226ca434440 23727       3       com.squareup.javapoet.ParameterSpec$Builder::<init> (44 bytes)
Event: 3978.287 Thread 0x00000226ca434440 nmethod 23727 0x00000226b3dab390 code [0x00000226b3dab620, 0x00000226b3dac540]
Event: 3978.287 Thread 0x00000226ca434440 23728       3       com.squareup.javapoet.MethodSpec$Builder::addParameter (13 bytes)
Event: 3978.287 Thread 0x00000226ca434440 nmethod 23728 0x00000226b42ce810 code [0x00000226b42ce9c0, 0x00000226b42ceba8]
Event: 3978.295 Thread 0x00000226ca434440 23729       3       com.squareup.javapoet.CodeWriter::indent (6 bytes)
Event: 3978.295 Thread 0x00000226ca434440 nmethod 23729 0x00000226b43e0b90 code [0x00000226b43e0d40, 0x00000226b43e0eb0]
Event: 3978.295 Thread 0x00000226ca434440 23730       3       java.util.Collections$UnmodifiableCollection::forEach (11 bytes)
Event: 3978.296 Thread 0x00000226ca434440 nmethod 23730 0x00000226b436ea90 code [0x00000226b436ec40, 0x00000226b436ee20]
Event: 3978.319 Thread 0x00000226ca434440 23731       1       android.databinding.tool.writer.ViewBinder::getRootNode (5 bytes)
Event: 3978.319 Thread 0x00000226ca434440 nmethod 23731 0x00000226bbbfb510 code [0x00000226bbbfb6a0, 0x00000226bbbfb770]
Event: 3978.320 Thread 0x00000226ca434440 23733       3       java.util.UUID::randomUUID (63 bytes)
Event: 3978.320 Thread 0x00000226ca434440 nmethod 23733 0x00000226b447a190 code [0x00000226b447a360, 0x00000226b447a618]
Event: 3978.331 Thread 0x00000226ca434440 23734       3       com.squareup.javapoet.CodeWriter::popTypeVariables (13 bytes)
Event: 3978.331 Thread 0x00000226ca434440 nmethod 23734 0x00000226b473d810 code [0x00000226b473da20, 0x00000226b473e070]
Event: 3978.331 Thread 0x00000226ca434440 23735       3       com.squareup.javapoet.CodeWriter$$Lambda/0x0000000801299e58::<init> (10 bytes)
Event: 3978.332 Thread 0x00000226ca434440 nmethod 23735 0x00000226b4412c10 code [0x00000226b4412dc0, 0x00000226b4412f80]

GC Heap History (20 events):
Event: 1163.832 GC heap after
{Heap after GC invocations=64 (full 0):
 garbage-first heap   total 387072K, used 134959K [0x0000000700000000, 0x0000000800000000)
  region size 2048K, 10 young (20480K), 10 survivors (20480K)
 Metaspace       used 131718K, committed 133888K, reserved 1179648K
  class space    used 17660K, committed 18752K, reserved 1048576K
}
Event: 1164.240 GC heap before
{Heap before GC invocations=64 (full 0):
 garbage-first heap   total 387072K, used 137007K [0x0000000700000000, 0x0000000800000000)
  region size 2048K, 11 young (22528K), 10 survivors (20480K)
 Metaspace       used 131750K, committed 133888K, reserved 1179648K
  class space    used 17662K, committed 18752K, reserved 1048576K
}
Event: 1164.446 GC heap after
{Heap after GC invocations=65 (full 0):
 garbage-first heap   total 387072K, used 137712K [0x0000000700000000, 0x0000000800000000)
  region size 2048K, 2 young (4096K), 2 survivors (4096K)
 Metaspace       used 131750K, committed 133888K, reserved 1179648K
  class space    used 17662K, committed 18752K, reserved 1048576K
}
Event: 1171.959 GC heap before
{Heap before GC invocations=66 (full 0):
 garbage-first heap   total 387072K, used 188912K [0x0000000700000000, 0x0000000800000000)
  region size 2048K, 29 young (59392K), 2 survivors (4096K)
 Metaspace       used 132842K, committed 135040K, reserved 1179648K
  class space    used 17812K, committed 18880K, reserved 1048576K
}
Event: 1171.969 GC heap after
{Heap after GC invocations=67 (full 0):
 garbage-first heap   total 387072K, used 137525K [0x0000000700000000, 0x0000000800000000)
  region size 2048K, 3 young (6144K), 3 survivors (6144K)
 Metaspace       used 132842K, committed 135040K, reserved 1179648K
  class space    used 17812K, committed 18880K, reserved 1048576K
}
Event: 1663.759 GC heap before
{Heap before GC invocations=67 (full 0):
 garbage-first heap   total 387072K, used 381237K [0x0000000700000000, 0x0000000800000000)
  region size 2048K, 92 young (188416K), 3 survivors (6144K)
 Metaspace       used 133212K, committed 135488K, reserved 1179648K
  class space    used 17826K, committed 18944K, reserved 1048576K
}
Event: 1663.991 GC heap after
{Heap after GC invocations=68 (full 0):
 garbage-first heap   total 395264K, used 139466K [0x0000000700000000, 0x0000000800000000)
  region size 2048K, 4 young (8192K), 4 survivors (8192K)
 Metaspace       used 133212K, committed 135488K, reserved 1179648K
  class space    used 17826K, committed 18944K, reserved 1048576K
}
Event: 3947.804 GC heap before
{Heap before GC invocations=68 (full 0):
 garbage-first heap   total 395264K, used 284874K [0x0000000700000000, 0x0000000800000000)
  region size 2048K, 75 young (153600K), 4 survivors (8192K)
 Metaspace       used 133458K, committed 135680K, reserved 1179648K
  class space    used 17836K, committed 18944K, reserved 1048576K
}
Event: 3948.639 GC heap after
{Heap after GC invocations=69 (full 0):
 garbage-first heap   total 395264K, used 137195K [0x0000000700000000, 0x0000000800000000)
  region size 2048K, 4 young (8192K), 4 survivors (8192K)
 Metaspace       used 133458K, committed 135680K, reserved 1179648K
  class space    used 17836K, committed 18944K, reserved 1048576K
}
Event: 3948.968 GC heap before
{Heap before GC invocations=69 (full 0):
 garbage-first heap   total 395264K, used 147435K [0x0000000700000000, 0x0000000800000000)
  region size 2048K, 9 young (18432K), 4 survivors (8192K)
 Metaspace       used 133465K, committed 135680K, reserved 1179648K
  class space    used 17836K, committed 18944K, reserved 1048576K
}
Event: 3949.205 GC heap after
{Heap after GC invocations=70 (full 0):
 garbage-first heap   total 395264K, used 136449K [0x0000000700000000, 0x0000000800000000)
  region size 2048K, 1 young (2048K), 1 survivors (2048K)
 Metaspace       used 133465K, committed 135680K, reserved 1179648K
  class space    used 17836K, committed 18944K, reserved 1048576K
}
Event: 3949.608 GC heap before
{Heap before GC invocations=70 (full 0):
 garbage-first heap   total 395264K, used 152833K [0x0000000700000000, 0x0000000800000000)
  region size 2048K, 9 young (18432K), 1 survivors (2048K)
 Metaspace       used 133473K, committed 135680K, reserved 1179648K
  class space    used 17836K, committed 18944K, reserved 1048576K
}
Event: 3950.046 GC heap after
{Heap after GC invocations=71 (full 0):
 garbage-first heap   total 395264K, used 136436K [0x0000000700000000, 0x0000000800000000)
  region size 2048K, 1 young (2048K), 1 survivors (2048K)
 Metaspace       used 133473K, committed 135680K, reserved 1179648K
  class space    used 17836K, committed 18944K, reserved 1048576K
}
Event: 3950.886 GC heap before
{Heap before GC invocations=71 (full 0):
 garbage-first heap   total 395264K, used 161012K [0x0000000700000000, 0x0000000800000000)
  region size 2048K, 14 young (28672K), 1 survivors (2048K)
 Metaspace       used 133482K, committed 135680K, reserved 1179648K
  class space    used 17836K, committed 18944K, reserved 1048576K
}
Event: 3951.044 GC heap after
{Heap after GC invocations=72 (full 0):
 garbage-first heap   total 395264K, used 137462K [0x0000000700000000, 0x0000000800000000)
  region size 2048K, 2 young (4096K), 2 survivors (4096K)
 Metaspace       used 133482K, committed 135680K, reserved 1179648K
  class space    used 17836K, committed 18944K, reserved 1048576K
}
Event: 3975.625 GC heap before
{Heap before GC invocations=73 (full 0):
 garbage-first heap   total 395264K, used 321782K [0x0000000700000000, 0x0000000800000000)
  region size 2048K, 74 young (151552K), 2 survivors (4096K)
 Metaspace       used 133843K, committed 136000K, reserved 1179648K
  class space    used 17854K, committed 18944K, reserved 1048576K
}
Event: 3975.694 GC heap after
{Heap after GC invocations=74 (full 0):
 garbage-first heap   total 395264K, used 141643K [0x0000000700000000, 0x0000000800000000)
  region size 2048K, 4 young (8192K), 4 survivors (8192K)
 Metaspace       used 133843K, committed 136000K, reserved 1179648K
  class space    used 17854K, committed 18944K, reserved 1048576K
}
Event: 3977.382 GC heap before
{Heap before GC invocations=74 (full 0):
 garbage-first heap   total 395264K, used 151883K [0x0000000700000000, 0x0000000800000000)
  region size 2048K, 9 young (18432K), 4 survivors (8192K)
 Metaspace       used 133927K, committed 136064K, reserved 1179648K
  class space    used 17854K, committed 18944K, reserved 1048576K
}
Event: 3977.500 GC heap after
{Heap after GC invocations=75 (full 0):
 garbage-first heap   total 395264K, used 138692K [0x0000000700000000, 0x0000000800000000)
  region size 2048K, 1 young (2048K), 1 survivors (2048K)
 Metaspace       used 133927K, committed 136064K, reserved 1179648K
  class space    used 17854K, committed 18944K, reserved 1048576K
}
Event: 3978.369 GC heap before
{Heap before GC invocations=75 (full 0):
 garbage-first heap   total 395264K, used 155076K [0x0000000700000000, 0x0000000800000000)
  region size 2048K, 9 young (18432K), 1 survivors (2048K)
 Metaspace       used 133957K, committed 136192K, reserved 1179648K
  class space    used 17854K, committed 18944K, reserved 1048576K
}

Dll operation events (3 events):
Event: 0.055 Loaded shared library D:\Android_studio\jbr\bin\java.dll
Event: 0.063 Loaded shared library D:\Android_studio\jbr\bin\zip.dll
Event: 2.541 Loaded shared library D:\Android_studio\jbr\bin\verify.dll

Deoptimization events (20 events):
Event: 3970.002 Thread 0x00000226d2684250 DEOPT PACKING pc=0x00000226b4ed821c sp=0x000000f5b33fe730
Event: 3970.002 Thread 0x00000226d2684250 DEOPT UNPACKING pc=0x00000226bb2e86e2 sp=0x000000f5b33fdbf0 mode 0
Event: 3970.188 Thread 0x00000226d2ea29a0 DEOPT PACKING pc=0x00000226b62500f0 sp=0x000000f5b3afdbb0
Event: 3970.188 Thread 0x00000226d2ea29a0 DEOPT UNPACKING pc=0x00000226bb2e86e2 sp=0x000000f5b3afd128 mode 0
Event: 3971.080 Thread 0x00000226d2682810 DEOPT PACKING pc=0x00000226b50fb65a sp=0x000000f5b30fa5b0
Event: 3971.080 Thread 0x00000226d2682810 DEOPT UNPACKING pc=0x00000226bb2e86e2 sp=0x000000f5b30f9ac8 mode 0
Event: 3971.658 Thread 0x00000226d2681af0 Uncommon trap: trap_request=0xffffff76 fr.pc=0x00000226bba981e4 relative=0x0000000000000084
Event: 3971.658 Thread 0x00000226d2681af0 Uncommon trap: reason=predicate action=maybe_recompile pc=0x00000226bba981e4 method=java.util.ComparableTimSort.binarySort([Ljava/lang/Object;III)V @ 34 c2
Event: 3971.658 Thread 0x00000226d2681af0 DEOPT PACKING pc=0x00000226bba981e4 sp=0x000000f5b27fbac0
Event: 3971.686 Thread 0x00000226d2681af0 DEOPT UNPACKING pc=0x00000226bb2e7ba2 sp=0x000000f5b27fba68 mode 2
Event: 3973.043 Thread 0x00000226d2682810 DEOPT PACKING pc=0x00000226b4e6fd41 sp=0x000000f5b30fa180
Event: 3973.049 Thread 0x00000226d2682810 DEOPT UNPACKING pc=0x00000226bb2e86e2 sp=0x000000f5b30f96c0 mode 0
Event: 3975.870 Thread 0x00000226ca4228d0 Uncommon trap: trap_request=0xffffffc6 fr.pc=0x00000226bbe90da8 relative=0x0000000000000228
Event: 3975.870 Thread 0x00000226ca4228d0 Uncommon trap: reason=bimorphic_or_optimized_type_check action=maybe_recompile pc=0x00000226bbe90da8 method=java.lang.ThreadLocal.remove(Ljava/lang/Thread;)V @ 2 c2
Event: 3975.870 Thread 0x00000226ca4228d0 DEOPT PACKING pc=0x00000226bbe90da8 sp=0x000000f5b0dff200
Event: 3975.870 Thread 0x00000226ca4228d0 DEOPT UNPACKING pc=0x00000226bb2e7ba2 sp=0x000000f5b0dff168 mode 2
Event: 3976.395 Thread 0x00000226d2682810 Uncommon trap: trap_request=0xffffffc6 fr.pc=0x00000226bc46f3e0 relative=0x0000000000006800
Event: 3976.406 Thread 0x00000226d2682810 Uncommon trap: reason=bimorphic_or_optimized_type_check action=maybe_recompile pc=0x00000226bc46f3e0 method=java.nio.file.FileTreeWalker.<init>(Ljava/util/Collection;I)V @ 18 c2
Event: 3976.406 Thread 0x00000226d2682810 DEOPT PACKING pc=0x00000226bc46f3e0 sp=0x000000f5b30fa7e0
Event: 3976.406 Thread 0x00000226d2682810 DEOPT UNPACKING pc=0x00000226bb2e7ba2 sp=0x000000f5b30fa780 mode 2

Classes loaded (20 events):
Event: 79.206 Loading class java/util/concurrent/CompletableFuture$AsyncRun
Event: 79.207 Loading class java/util/concurrent/CompletableFuture$AsyncRun done
Event: 1149.518 Loading class jdk/internal/math/FormattedFPDecimal
Event: 1149.658 Loading class jdk/internal/math/FormattedFPDecimal done
Event: 1164.595 Loading class sun/nio/cs/UTF_16$Decoder
Event: 1164.656 Loading class sun/nio/cs/UTF_16$Decoder done
Event: 1168.122 Loading class java/nio/file/SimpleFileVisitor
Event: 1168.151 Loading class java/nio/file/SimpleFileVisitor done
Event: 1168.866 Loading class java/util/regex/Pattern$LineEnding
Event: 1168.900 Loading class java/util/regex/Pattern$LineEnding done
Event: 1169.052 Loading class java/util/Collections$UnmodifiableList$1
Event: 1169.079 Loading class java/util/Collections$UnmodifiableList$1 done
Event: 1169.117 Loading class sun/nio/cs/UTF_16$Encoder
Event: 1169.117 Loading class sun/nio/cs/UnicodeEncoder
Event: 1169.118 Loading class sun/nio/cs/UnicodeEncoder done
Event: 1169.118 Loading class sun/nio/cs/UTF_16$Encoder done
Event: 1169.118 Loading class sun/nio/cs/Surrogate$Parser
Event: 1169.119 Loading class sun/nio/cs/Surrogate$Parser done
Event: 1169.119 Loading class sun/nio/cs/Surrogate
Event: 1169.119 Loading class sun/nio/cs/Surrogate done

Classes unloaded (19 events):
Event: 36.653 Thread 0x00000226ca02b5b0 Unloading class 0x00000008008ab000 'java/lang/invoke/LambdaForm$MH+0x00000008008ab000'
Event: 36.653 Thread 0x00000226ca02b5b0 Unloading class 0x00000008008aa400 'java/lang/invoke/LambdaForm$DMH+0x00000008008aa400'
Event: 36.653 Thread 0x00000226ca02b5b0 Unloading class 0x00000008008aa000 'java/lang/invoke/LambdaForm$DMH+0x00000008008aa000'
Event: 65.905 Thread 0x00000226ca02b5b0 Unloading class 0x0000000800ee9c00 'java/lang/invoke/LambdaForm$DMH+0x0000000800ee9c00'
Event: 65.905 Thread 0x00000226ca02b5b0 Unloading class 0x0000000800ee9400 'java/lang/invoke/LambdaForm$DMH+0x0000000800ee9400'
Event: 65.905 Thread 0x00000226ca02b5b0 Unloading class 0x0000000800ee9800 'java/lang/invoke/LambdaForm$DMH+0x0000000800ee9800'
Event: 65.905 Thread 0x00000226ca02b5b0 Unloading class 0x0000000800ee8c00 'java/lang/invoke/LambdaForm$DMH+0x0000000800ee8c00'
Event: 65.905 Thread 0x00000226ca02b5b0 Unloading class 0x0000000800ee8800 'java/lang/invoke/LambdaForm$DMH+0x0000000800ee8800'
Event: 65.905 Thread 0x00000226ca02b5b0 Unloading class 0x0000000800ee8000 'java/lang/invoke/LambdaForm$DMH+0x0000000800ee8000'
Event: 3954.705 Thread 0x00000226ca02b5b0 Unloading class 0x0000000801108800 'java/lang/invoke/LambdaForm$DMH+0x0000000801108800'
Event: 3954.714 Thread 0x00000226ca02b5b0 Unloading class 0x0000000801108400 'java/lang/invoke/LambdaForm$DMH+0x0000000801108400'
Event: 3954.719 Thread 0x00000226ca02b5b0 Unloading class 0x00000008010e5800 'java/lang/invoke/LambdaForm$MH+0x00000008010e5800'
Event: 3954.719 Thread 0x00000226ca02b5b0 Unloading class 0x0000000801004800 'java/lang/invoke/LambdaForm$DMH+0x0000000801004800'
Event: 3954.720 Thread 0x00000226ca02b5b0 Unloading class 0x0000000801004000 'java/lang/invoke/LambdaForm$DMH+0x0000000801004000'
Event: 3954.720 Thread 0x00000226ca02b5b0 Unloading class 0x0000000800fc8000 'java/lang/invoke/LambdaForm$DMH+0x0000000800fc8000'
Event: 3954.721 Thread 0x00000226ca02b5b0 Unloading class 0x0000000800f78c00 'java/lang/invoke/LambdaForm$DMH+0x0000000800f78c00'
Event: 3954.721 Thread 0x00000226ca02b5b0 Unloading class 0x0000000800f78400 'java/lang/invoke/LambdaForm$DMH+0x0000000800f78400'
Event: 3954.723 Thread 0x00000226ca02b5b0 Unloading class 0x0000000800f78800 'java/lang/invoke/LambdaForm$DMH+0x0000000800f78800'
Event: 3954.724 Thread 0x00000226ca02b5b0 Unloading class 0x0000000800f48400 'java/lang/invoke/LambdaForm$DMH+0x0000000800f48400'

Classes redefined (0 events):
No events

Internal exceptions (20 events):
Event: 3976.530 Thread 0x00000226d2682810 Exception <a 'sun/nio/fs/WindowsException'{0x00000007ffabd8f8}> (0x00000007ffabd8f8) 
thrown [s\src\hotspot\share\prims\jni.cpp, line 537]
Event: 3976.622 Thread 0x00000226d2682810 Exception <a 'sun/nio/fs/WindowsException'{0x00000007ffbdbbf8}> (0x00000007ffbdbbf8) 
thrown [s\src\hotspot\share\prims\jni.cpp, line 537]
Event: 3976.766 Thread 0x00000226d2682810 Exception <a 'sun/nio/fs/WindowsException'{0x00000007ff8e0600}> (0x00000007ff8e0600) 
thrown [s\src\hotspot\share\prims\jni.cpp, line 537]
Event: 3977.061 Thread 0x00000226d2682810 Exception <a 'sun/nio/fs/WindowsException'{0x00000007ff618450}> (0x00000007ff618450) 
thrown [s\src\hotspot\share\prims\jni.cpp, line 537]
Event: 3977.360 Thread 0x00000226d2682810 Exception <a 'sun/nio/fs/WindowsException'{0x00000007ff45a850}> (0x00000007ff45a850) 
thrown [s\src\hotspot\share\prims\jni.cpp, line 537]
Event: 3977.503 Thread 0x00000226d2682810 Exception <a 'sun/nio/fs/WindowsException'{0x00000007ffc62e18}> (0x00000007ffc62e18) 
thrown [s\src\hotspot\share\prims\jni.cpp, line 537]
Event: 3977.559 Thread 0x00000226d2682810 Exception <a 'sun/nio/fs/WindowsException'{0x00000007ffd56008}> (0x00000007ffd56008) 
thrown [s\src\hotspot\share\prims\jni.cpp, line 537]
Event: 3977.596 Thread 0x00000226d2682810 Exception <a 'sun/nio/fs/WindowsException'{0x00000007ffa44768}> (0x00000007ffa44768) 
thrown [s\src\hotspot\share\prims\jni.cpp, line 537]
Event: 3977.600 Thread 0x00000226d2682810 Exception <a 'sun/nio/fs/WindowsException'{0x00000007ffb15fc8}> (0x00000007ffb15fc8) 
thrown [s\src\hotspot\share\prims\jni.cpp, line 537]
Event: 3977.689 Thread 0x00000226d2682810 Exception <a 'sun/nio/fs/WindowsException'{0x00000007ff8cf5d8}> (0x00000007ff8cf5d8) 
thrown [s\src\hotspot\share\prims\jni.cpp, line 537]
Event: 3977.717 Thread 0x00000226d2682810 Exception <a 'sun/nio/fs/WindowsException'{0x00000007ff9a2870}> (0x00000007ff9a2870) 
thrown [s\src\hotspot\share\prims\jni.cpp, line 537]
Event: 3977.730 Thread 0x00000226d2682810 Exception <a 'sun/nio/fs/WindowsException'{0x00000007ff68e280}> (0x00000007ff68e280) 
thrown [s\src\hotspot\share\prims\jni.cpp, line 537]
Event: 3977.801 Thread 0x00000226d2682810 Exception <a 'sun/nio/fs/WindowsException'{0x00000007ff7aece8}> (0x00000007ff7aece8) 
thrown [s\src\hotspot\share\prims\jni.cpp, line 537]
Event: 3977.808 Thread 0x00000226d2682810 Exception <a 'sun/nio/fs/WindowsException'{0x00000007ff49acd8}> (0x00000007ff49acd8) 
thrown [s\src\hotspot\share\prims\jni.cpp, line 537]
Event: 3977.870 Thread 0x00000226d2682810 Exception <a 'sun/nio/fs/WindowsException'{0x00000007ff5eea98}> (0x00000007ff5eea98) 
thrown [s\src\hotspot\share\prims\jni.cpp, line 537]
Event: 3977.919 Thread 0x00000226d2682810 Exception <a 'sun/nio/fs/WindowsException'{0x00000007ff129650}> (0x00000007ff129650) 
thrown [s\src\hotspot\share\prims\jni.cpp, line 537]
Event: 3977.938 Thread 0x00000226d2682810 Exception <a 'sun/nio/fs/WindowsException'{0x00000007fee14d18}> (0x00000007fee14d18) 
thrown [s\src\hotspot\share\prims\jni.cpp, line 537]
Event: 3978.141 Thread 0x00000226d2682810 Exception <a 'sun/nio/fs/WindowsException'{0x00000007fefa28d0}> (0x00000007fefa28d0) 
thrown [s\src\hotspot\share\prims\jni.cpp, line 537]
Event: 3978.302 Thread 0x00000226d2682810 Exception <a 'sun/nio/fs/WindowsException'{0x00000007fec9b678}> (0x00000007fec9b678) 
thrown [s\src\hotspot\share\prims\jni.cpp, line 537]
Event: 3978.333 Thread 0x00000226d2682810 Exception <a 'sun/nio/fs/WindowsException'{0x00000007fed73508}> (0x00000007fed73508) 
thrown [s\src\hotspot\share\prims\jni.cpp, line 537]

ZGC Phase Switch (0 events):
No events

VM Operations (20 events):
Event: 3969.840 Executing non-safepoint VM operation: RendezvousGCThreads done
Event: 3969.840 Executing non-safepoint VM operation: HandshakeAllThreads (Deoptimize)
Event: 3969.841 Executing non-safepoint VM operation: HandshakeAllThreads (Deoptimize) done
Event: 3970.850 Executing safepoint VM operation: Cleanup
Event: 3970.880 Executing safepoint VM operation: Cleanup done
Event: 3971.887 Executing safepoint VM operation: Cleanup
Event: 3971.887 Executing safepoint VM operation: Cleanup done
Event: 3972.907 Executing safepoint VM operation: Cleanup
Event: 3972.908 Executing safepoint VM operation: Cleanup done
Event: 3973.917 Executing safepoint VM operation: Cleanup
Event: 3973.917 Executing safepoint VM operation: Cleanup done
Event: 3974.959 Executing safepoint VM operation: Cleanup
Event: 3974.959 Executing safepoint VM operation: Cleanup done
Event: 3975.624 Executing safepoint VM operation: G1CollectForAllocation (G1 Evacuation Pause)
Event: 3975.695 Executing safepoint VM operation: G1CollectForAllocation (G1 Evacuation Pause) done
Event: 3976.695 Executing safepoint VM operation: Cleanup
Event: 3976.695 Executing safepoint VM operation: Cleanup done
Event: 3977.382 Executing safepoint VM operation: G1CollectForAllocation (G1 Evacuation Pause)
Event: 3977.501 Executing safepoint VM operation: G1CollectForAllocation (G1 Evacuation Pause) done
Event: 3978.368 Executing safepoint VM operation: G1CollectForAllocation (G1 Evacuation Pause)

Memory protections (0 events):
No events

Nmethod flushes (20 events):
Event: 3959.853 Thread 0x00000226ca02b5b0 flushing  nmethod 0x00000226b59dee90
Event: 3959.853 Thread 0x00000226ca02b5b0 flushing  nmethod 0x00000226b5a5fc90
Event: 3959.853 Thread 0x00000226ca02b5b0 flushing  nmethod 0x00000226b5a7c110
Event: 3959.853 Thread 0x00000226ca02b5b0 flushing  nmethod 0x00000226b5a7c610
Event: 3959.853 Thread 0x00000226ca02b5b0 flushing  nmethod 0x00000226b5a7d790
Event: 3959.853 Thread 0x00000226ca02b5b0 flushing  nmethod 0x00000226b5a9c710
Event: 3959.853 Thread 0x00000226ca02b5b0 flushing  nmethod 0x00000226b5a9ca90
Event: 3959.853 Thread 0x00000226ca02b5b0 flushing  nmethod 0x00000226b5a9e410
Event: 3959.853 Thread 0x00000226ca02b5b0 flushing  nmethod 0x00000226b5a9ec90
Event: 3959.853 Thread 0x00000226ca02b5b0 flushing osr nmethod 0x00000226b5aa0910
Event: 3959.853 Thread 0x00000226ca02b5b0 flushing  nmethod 0x00000226b5aa7c10
Event: 3959.853 Thread 0x00000226ca02b5b0 flushing  nmethod 0x00000226b5ab4b90
Event: 3959.853 Thread 0x00000226ca02b5b0 flushing  nmethod 0x00000226b5b0c510
Event: 3959.853 Thread 0x00000226ca02b5b0 flushing  nmethod 0x00000226b5b0d090
Event: 3959.853 Thread 0x00000226ca02b5b0 flushing  nmethod 0x00000226b5b0ee90
Event: 3959.853 Thread 0x00000226ca02b5b0 flushing  nmethod 0x00000226b5e31f90
Event: 3959.854 Thread 0x00000226ca02b5b0 flushing  nmethod 0x00000226b6094610
Event: 3959.854 Thread 0x00000226ca02b5b0 flushing  nmethod 0x00000226b60add10
Event: 3959.854 Thread 0x00000226ca02b5b0 flushing  nmethod 0x00000226b60ef090
Event: 3959.854 Thread 0x00000226ca02b5b0 flushing  nmethod 0x00000226b6198310

Events (20 events):
Event: 3937.362 Thread 0x00000226d03bdee0 Thread added: 0x00000226d26869b0
Event: 3938.690 Thread 0x00000226d03bdee0 Thread added: 0x00000226d2682810
Event: 3939.463 Thread 0x00000226d03bdee0 Thread added: 0x00000226d2685c90
Event: 3939.710 Thread 0x00000226d03bdee0 Thread added: 0x00000226d2680740
Event: 3940.007 Thread 0x00000226d03bdee0 Thread added: 0x00000226d2686320
Event: 3940.049 Thread 0x00000226d03bdee0 Thread added: 0x00000226d26848e0
Event: 3940.306 Thread 0x00000226d2682810 Thread exited: 0x00000226d2682810
Event: 3944.060 Thread 0x00000226d03bdee0 Thread added: 0x00000226d2681af0
Event: 3944.123 Thread 0x00000226d2681af0 Thread added: 0x00000226d2682180
Event: 3944.124 Thread 0x00000226d2681af0 Thread added: 0x00000226d2682810
Event: 3944.140 Thread 0x00000226d2681af0 Thread added: 0x00000226d2683530
Event: 3944.229 Thread 0x00000226d2682180 Thread added: 0x00000226d2684250
Event: 3947.511 Thread 0x00000226d2686320 Thread added: 0x00000226d0fc57d0
Event: 3964.006 Thread 0x00000226d2681af0 Thread added: 0x00000226d2ea3030
Event: 3964.378 Thread 0x00000226d2682810 Thread added: 0x00000226d2e9d450
Event: 3964.380 Thread 0x00000226d2682810 Thread added: 0x00000226d2e9ee90
Event: 3964.383 Thread 0x00000226d2682810 Thread added: 0x00000226d2ea29a0
Event: 3973.212 Thread 0x00000226d2e9ee90 Thread added: 0x00000226d2ea36c0
Event: 3973.302 Thread 0x00000226d2e9ee90 Thread added: 0x00000226d2e9fbb0
Event: 3973.302 Thread 0x00000226d2e9ee90 Thread added: 0x00000226d2ea3d50


Dynamic libraries:
0x00007ff6d38b0000 - 0x00007ff6d38ba000 	D:\Android_studio\jbr\bin\java.exe
0x00007fff14f50000 - 0x00007fff15168000 	C:\WINDOWS\SYSTEM32\ntdll.dll
0x00007fff139d0000 - 0x00007fff13a94000 	C:\WINDOWS\System32\KERNEL32.DLL
0x00007fff12580000 - 0x00007fff12953000 	C:\WINDOWS\System32\KERNELBASE.dll
0x00007fff12060000 - 0x00007fff12171000 	C:\WINDOWS\System32\ucrtbase.dll
0x00007ffef8c80000 - 0x00007ffef8c9b000 	D:\Android_studio\jbr\bin\VCRUNTIME140.dll
0x00007ffef5bb0000 - 0x00007ffef5bc8000 	D:\Android_studio\jbr\bin\jli.dll
0x00007fff12c70000 - 0x00007fff12e22000 	C:\WINDOWS\System32\USER32.dll
0x00007ffefd7f0000 - 0x00007ffefda8c000 	C:\WINDOWS\WinSxS\amd64_microsoft.windows.common-controls_6595b64144ccf1df_6.0.22621.6060_none_2712eda17382d24b\COMCTL32.dll
0x00007fff13030000 - 0x00007fff130d7000 	C:\WINDOWS\System32\msvcrt.dll
0x00007fff14dc0000 - 0x00007fff14de9000 	C:\WINDOWS\System32\GDI32.dll
0x00007fff122c0000 - 0x00007fff123db000 	C:\WINDOWS\System32\gdi32full.dll
0x00007fff12a20000 - 0x00007fff12aba000 	C:\WINDOWS\System32\msvcp_win.dll
0x00007fff12550000 - 0x00007fff12576000 	C:\WINDOWS\System32\win32u.dll
0x00007fff12ff0000 - 0x00007fff13021000 	C:\WINDOWS\System32\IMM32.DLL
0x00007ffef8ca0000 - 0x00007ffef8cac000 	D:\Android_studio\jbr\bin\vcruntime140_1.dll
0x00007ffef8760000 - 0x00007ffef87ed000 	D:\Android_studio\jbr\bin\msvcp140.dll
0x00007ffeb15a0000 - 0x00007ffeb2236000 	D:\Android_studio\jbr\bin\server\jvm.dll
0x00007fff136d0000 - 0x00007fff13781000 	C:\WINDOWS\System32\ADVAPI32.dll
0x00007fff14d10000 - 0x00007fff14db8000 	C:\WINDOWS\System32\sechost.dll
0x00007fff12bc0000 - 0x00007fff12be8000 	C:\WINDOWS\System32\bcrypt.dll
0x00007fff14df0000 - 0x00007fff14f08000 	C:\WINDOWS\System32\RPCRT4.dll
0x00007fff14a60000 - 0x00007fff14ad1000 	C:\WINDOWS\System32\WS2_32.dll
0x00007fff11f30000 - 0x00007fff11f7d000 	C:\WINDOWS\SYSTEM32\POWRPROF.dll
0x00007fff0bf20000 - 0x00007fff0bf2a000 	C:\WINDOWS\SYSTEM32\VERSION.dll
0x00007fff0c6a0000 - 0x00007fff0c6d4000 	C:\WINDOWS\SYSTEM32\WINMM.dll
0x00007fff11f10000 - 0x00007fff11f23000 	C:\WINDOWS\SYSTEM32\UMPDC.dll
0x00007fff11040000 - 0x00007fff11058000 	C:\WINDOWS\SYSTEM32\kernel.appcore.dll
0x00007ffef8c70000 - 0x00007ffef8c7a000 	D:\Android_studio\jbr\bin\jimage.dll
0x00007fff0fb70000 - 0x00007fff0fda3000 	C:\WINDOWS\SYSTEM32\DBGHELP.DLL
0x00007fff13d30000 - 0x00007fff140c1000 	C:\WINDOWS\System32\combase.dll
0x00007fff14970000 - 0x00007fff14a48000 	C:\WINDOWS\System32\OLEAUT32.dll
0x00007fff0a160000 - 0x00007fff0a192000 	C:\WINDOWS\SYSTEM32\dbgcore.DLL
0x00007fff12ac0000 - 0x00007fff12b3b000 	C:\WINDOWS\System32\bcryptPrimitives.dll
0x00007fff0e630000 - 0x00007fff0e63e000 	D:\Android_studio\jbr\bin\instrument.dll
0x00007ffef6e40000 - 0x00007ffef6e60000 	D:\Android_studio\jbr\bin\java.dll
0x00007ffef6e20000 - 0x00007ffef6e38000 	D:\Android_studio\jbr\bin\zip.dll
0x00007fff140d0000 - 0x00007fff1496c000 	C:\WINDOWS\System32\SHELL32.dll
0x00007fff12180000 - 0x00007fff122bf000 	C:\WINDOWS\System32\wintypes.dll
0x00007fff0ff50000 - 0x00007fff1086a000 	C:\WINDOWS\SYSTEM32\windows.storage.dll
0x00007fff12e50000 - 0x00007fff12f54000 	C:\WINDOWS\System32\SHCORE.dll
0x00007fff13910000 - 0x00007fff13979000 	C:\WINDOWS\System32\shlwapi.dll
0x00007fff11f90000 - 0x00007fff11fb5000 	C:\WINDOWS\SYSTEM32\profapi.dll
0x00007ffef8c60000 - 0x00007ffef8c70000 	D:\Android_studio\jbr\bin\net.dll
0x00007fff0b9d0000 - 0x00007fff0bafc000 	C:\WINDOWS\SYSTEM32\WINHTTP.dll
0x00007fff11520000 - 0x00007fff11589000 	C:\WINDOWS\system32\mswsock.dll
0x00007ffeef9f0000 - 0x00007ffeefa06000 	D:\Android_studio\jbr\bin\nio.dll
0x00007ffef86f0000 - 0x00007ffef8700000 	D:\Android_studio\jbr\bin\verify.dll
0x00007ffef5c10000 - 0x00007ffef5c37000 	C:\Users\tharushi\.gradle\native\660c5614fbf4a5f2a75b1949f50a0caf5cd603558e7d8a26e50b933a0cfb79d1\windows-amd64\native-platform.dll
0x00007fff011f0000 - 0x00007fff01267000 	C:\Users\tharushi\.gradle\native\0.2.8\x86_64-windows-gnu\gradle-fileevents.dll
0x00007ffefd7b0000 - 0x00007ffefd7b9000 	D:\Android_studio\jbr\bin\management.dll
0x00007ffefd7a0000 - 0x00007ffefd7ab000 	D:\Android_studio\jbr\bin\management_ext.dll
0x00007fff12c60000 - 0x00007fff12c68000 	C:\WINDOWS\System32\PSAPI.DLL
0x00007fff10ad0000 - 0x00007fff10afd000 	C:\WINDOWS\SYSTEM32\IPHLPAPI.DLL
0x00007fff13d20000 - 0x00007fff13d29000 	C:\WINDOWS\System32\NSI.dll
0x00007ffefd7c0000 - 0x00007ffefd7c9000 	D:\Android_studio\jbr\bin\extnet.dll
0x00007fff11770000 - 0x00007fff1178b000 	C:\WINDOWS\SYSTEM32\CRYPTSP.dll
0x00007fff10fa0000 - 0x00007fff10fd7000 	C:\WINDOWS\system32\rsaenh.dll
0x00007fff11610000 - 0x00007fff11638000 	C:\WINDOWS\SYSTEM32\USERENV.dll
0x00007fff11790000 - 0x00007fff1179c000 	C:\WINDOWS\SYSTEM32\CRYPTBASE.dll
0x00007ffefd7d0000 - 0x00007ffefd7d8000 	C:\WINDOWS\system32\wshunix.dll
0x00007fff11150000 - 0x00007fff11184000 	C:\WINDOWS\SYSTEM32\ntmarta.dll

JVMTI agents:
C:\Users\tharushi\.gradle\wrapper\dists\gradle-9.4.1-bin\arn2x92ynaizyzdaamcbpbhtj\gradle-9.4.1\lib\agents\gradle-instrumentation-agent-9.4.1.jar path:D:\Android_studio\jbr\bin\instrument.dll, loaded, initialized, instrumentlib options:none

dbghelp: loaded successfully - version: 4.0.5 - missing functions: none
symbol engine: initialized successfully - sym options: 0x614 - pdb path: .;D:\Android_studio\jbr\bin;C:\WINDOWS\SYSTEM32;C:\WINDOWS\WinSxS\amd64_microsoft.windows.common-controls_6595b64144ccf1df_6.0.22621.6060_none_2712eda17382d24b;D:\Android_studio\jbr\bin\server;C:\Users\tharushi\.gradle\native\660c5614fbf4a5f2a75b1949f50a0caf5cd603558e7d8a26e50b933a0cfb79d1\windows-amd64;C:\Users\tharushi\.gradle\native\0.2.8\x86_64-windows-gnu

VM Arguments:
jvm_args: --add-opens=java.base/java.lang=ALL-UNNAMED --add-opens=java.base/java.lang.invoke=ALL-UNNAMED --add-opens=java.base/java.util=ALL-UNNAMED --add-opens=java.prefs/java.util.prefs=ALL-UNNAMED --add-exports=jdk.compiler/com.sun.tools.javac.api=ALL-UNNAMED --add-exports=jdk.compiler/com.sun.tools.javac.util=ALL-UNNAMED --add-opens=java.base/java.util=ALL-UNNAMED --add-opens=java.prefs/java.util.prefs=ALL-UNNAMED --add-opens=java.base/java.nio.charset=ALL-UNNAMED --add-opens=java.base/java.net=ALL-UNNAMED --add-opens=java.base/java.util.concurrent=ALL-UNNAMED --add-opens=java.base/java.util.concurrent.atomic=ALL-UNNAMED --add-opens=java.xml/javax.xml.namespace=ALL-UNNAMED --add-opens=java.base/java.time=ALL-UNNAMED -Xmx4096m -Dfile.encoding=UTF-8 -Duser.country=US -Duser.language=en -Duser.variant -javaagent:C:\Users\tharushi\.gradle\wrapper\dists\gradle-9.4.1-bin\arn2x92ynaizyzdaamcbpbhtj\gradle-9.4.1\lib\agents\gradle-instrumentation-agent-9.4.1.jar 
java_command: org.gradle.launcher.daemon.bootstrap.GradleDaemon 9.4.1
java_class_path (initial): C:\Users\tharushi\.gradle\wrapper\dists\gradle-9.4.1-bin\arn2x92ynaizyzdaamcbpbhtj\gradle-9.4.1\lib\gradle-daemon-main-9.4.1.jar
Launcher Type: SUN_STANDARD

[Global flags]
     intx CICompilerCount                          = 3                                         {product} {ergonomic}
     uint ConcGCThreads                            = 1                                         {product} {ergonomic}
     uint G1ConcRefinementThreads                  = 4                                         {product} {ergonomic}
   size_t G1HeapRegionSize                         = 2097152                                   {product} {ergonomic}
    uintx GCDrainStackTargetSize                   = 64                                        {product} {ergonomic}
   size_t InitialHeapSize                          = 65011712                                  {product} {ergonomic}
   size_t MarkStackSize                            = 4194304                                   {product} {ergonomic}
   size_t MaxHeapSize                              = 4294967296                                {product} {command line}
   size_t MaxNewSize                               = 2575302656                                {product} {ergonomic}
   size_t MinHeapDeltaBytes                        = 2097152                                   {product} {ergonomic}
   size_t MinHeapSize                              = 8388608                                   {product} {ergonomic}
    uintx NonNMethodCodeHeapSize                   = 5832780                                {pd product} {ergonomic}
    uintx NonProfiledCodeHeapSize                  = 122912730                              {pd product} {ergonomic}
    uintx ProfiledCodeHeapSize                     = 122912730                              {pd product} {ergonomic}
    uintx ReservedCodeCacheSize                    = 251658240                              {pd product} {ergonomic}
     bool SegmentedCodeCache                       = true                                      {product} {ergonomic}
   size_t SoftMaxHeapSize                          = 4294967296                             {manageable} {ergonomic}
     bool UseCompressedOops                        = true                           {product lp64_product} {ergonomic}
     bool UseG1GC                                  = true                                      {product} {ergonomic}
     bool UseLargePagesIndividualAllocation        = false                                  {pd product} {ergonomic}

Logging:
Log output configuration:
 #0: stdout all=warning uptime,level,tags foldmultilines=false
 #1: stderr all=off uptime,level,tags foldmultilines=false

Release file:
JAVA_VERSION="21.0.10" 
MODULES="java.base java.compiler java.datatransfer java.xml java.prefs java.desktop java.instrument java.logging java.management java.security.sasl java.naming java.rmi java.management.rmi java.net.http java.scripting java.security.jgss java.transaction.xa java.sql java.sql.rowset java.xml.crypto java.se java.smartcardio jdk.accessibility jdk.internal.jvmstat jdk.attach jdk.charsets jdk.internal.opt jdk.zipfs jdk.compiler jdk.crypto.ec jdk.crypto.cryptoki jdk.dynalink jdk.hotspot.agent jdk.httpserver jdk.internal.ed jdk.internal.le jdk.internal.vm.ci jdk.jartool jdk.javadoc jdk.jcmd jdk.jdeps jdk.jdwp.agent jdk.jdi jdk.jfr jdk.jlink jdk.jsobject jdk.localedata jdk.management jdk.management.agent jdk.management.jfr jdk.naming.dns jdk.naming.rmi jdk.net jdk.sctp jdk.security.auth jdk.security.jgss jdk.unsupported jdk.unsupported.desktop jdk.xml.dom" 
IMPLEMENTOR="JetBrains s.r.o." 
JAVA_RUNTIME_VERSION="21.0.10+-14961533-b1163.108" 
LIBC="default" 
OS_ARCH="x86_64" 
OS_NAME="Windows" 
SOURCE=".:git:1351622c2ff2" 

Environment Variables:
JAVA_HOME=C:\Program Files\Eclipse Adoptium\jdk-17.0.12.7-hotspot\
PATH=C:\Python314\Scripts\;C:\Python314\;C:\Program Files\Python313\Scripts\;C:\Program Files\Python313\;C:\Program Files\Eclipse Adoptium\jdk-17.0.12.7-hotspot\bin;C:\WINDOWS\system32;C:\WINDOWS;C:\WINDOWS\System32\Wbem;C:\WINDOWS\System32\WindowsPowerShell\v1.0\;C:\WINDOWS\System32\OpenSSH\;C:\Program Files\dotnet\;C:\Program Files\Git\cmd;E:\Git\cmd;C:\TDM-GCC-64\bin;C:\gcc-14.1.0\bin;C:\msys64\ucrt64\bin;C:\Program Files\MySQL\MySQL Server 8.0\bin;C:\Program Files\apache-maven-3.9.12\bin;C:\Program Files\RabbitMQ Server\rabbitmq_server-4.2.3\sbin;E:\MinGW\bin;C:\Users\tharushi\AppData\Roaming\Python\Python313\Scripts;C:\Program Files\nodejs\;C:\ProgramData\chocolatey\bin;C:\Program Files\MySQL\MySQL Shell 8.0\bin\;C:\Users\tharushi\AppData\Local\Microsoft\WindowsApps;E:\Apps\Microsoft VS Code\bin;C:\MinGW\bin;C:\Users\tharushi\AppData\Local\GitHubDesktop\bin;C:\Users\tharushi\AppData\Roaming\npm
USERNAME=tharushi
OS=Windows_NT
PROCESSOR_IDENTIFIER=Intel64 Family 6 Model 126 Stepping 5, GenuineIntel
TMP=C:\Users\tharushi\AppData\Local\Temp
TEMP=C:\Users\tharushi\AppData\Local\Temp




Periodic native trim disabled

JNI global refs:
JNI global refs: 28, weak refs: 1

JNI global refs memory usage: 835, weak refs: 833

Process memory usage:
Resident Set Size: 276336K (6% of 3956052K total physical memory with 51348K free physical memory)

OOME stack traces (most recent first):
Classloader memory used:
Loader org.gradle.internal.classloader.VisitableURLClassLoader$InstrumentingVisitableURLClassLoader: 51900K
Loader org.gradle.internal.classloader.VisitableURLClassLoader                         : 39066K
Loader bootstrap                                                                       : 31702K
Loader org.gradle.initialization.MixInLegacyTypesClassLoader                           : 9601K
Loader jdk.internal.reflect.DelegatingClassLoader                                      : 1300K
Loader jdk.internal.loader.ClassLoaders$AppClassLoader                                 : 192K
Loader jdk.internal.loader.ClassLoaders$PlatformClassLoader                            : 191K
Loader sun.reflect.misc.MethodUtil                                                     : 3000B

Classes loaded by more than one classloader:
Class com.google.common.collect.RegularImmutableMap$KeySet                            : loaded 2 times (x 152B)
Class com.google.common.base.PairwiseEquivalence                                      : loaded 2 times (x 83B)
Class com.google.common.base.Equivalence$Identity                                     : loaded 2 times (x 82B)
Class org.gradle.internal.classloader.FilteringClassLoader                            : loaded 2 times (x 105B)
Class com.google.common.cache.LocalCache$ValueIterator                                : loaded 2 times (x 86B)
Class [Lcom.google.common.collect.MapMakerInternalMap$Segment;                        : loaded 2 times (x 69B)
Class com.google.common.io.FileWriteMode                                              : loaded 2 times (x 79B)
Class [Lcom.google.common.base.AbstractIterator$State;                                : loaded 2 times (x 69B)
Class com.google.common.base.CharMatcher$IsEither                                     : loaded 2 times (x 111B)
Class org.gradle.internal.classloader.ClassLoaderHierarchy                            : loaded 2 times (x 70B)
Class [Lcom.google.common.cache.RemovalCause;                                         : loaded 2 times (x 69B)
Class com.google.common.collect.ImmutableList$1                                       : loaded 2 times (x 97B)
Class com.google.common.collect.ImmutableEnumSet                                      : loaded 2 times (x 146B)
Class com.google.common.util.concurrent.ExecutionError                                : loaded 2 times (x 82B)
Class com.google.common.collect.AbstractMapBasedMultimap$WrappedCollection            : loaded 2 times (x 124B)
Class com.google.common.io.ByteArrayDataOutput                                        : loaded 2 times (x 70B)
Class com.google.common.collect.RegularImmutableMap                                   : loaded 2 times (x 121B)
Class com.google.common.collect.ImmutableMap$MapViewOfValuesAsSingletonSets           : loaded 2 times (x 126B)
Class com.google.common.reflect.TypeCapture                                           : loaded 2 times (x 71B)
Class [Lorg.objectweb.asm.Symbol;                                                     : loaded 2 times (x 69B)
Class org.objectweb.asm.ClassVisitor                                                  : loaded 2 times (x 88B)
Class com.google.common.cache.LocalCache$Values                                       : loaded 2 times (x 118B)
Class com.google.common.collect.TransformedListIterator                               : loaded 2 times (x 93B)
Class com.google.common.collect.UnmodifiableListIterator                              : loaded 2 times (x 95B)
Class org.objectweb.asm.MethodTooLargeException                                       : loaded 2 times (x 83B)
Class com.google.common.collect.MapMakerInternalMap$StrongKeyDummyValueEntry$LinkedStrongKeyDummyValueEntry: loaded 2 times (x 82B)
Class com.google.common.collect.MapMakerInternalMap$Strength                          : loaded 2 times (x 80B)
Class com.google.common.base.Platform$JdkPatternCompiler                              : loaded 2 times (x 75B)
Class [Lcom.google.common.cache.CacheBuilder$OneWeigher;                              : loaded 2 times (x 69B)
Class com.google.common.base.Suppliers                                                : loaded 2 times (x 71B)
Class org.gradle.internal.classloader.DefaultClassLoaderFactory                       : loaded 2 times (x 82B)
Class [Lcom.google.common.collect.AbstractIterator$State;                             : loaded 2 times (x 69B)
Class com.google.common.base.CharMatcher$None                                         : loaded 2 times (x 112B)
Class [Lcom.google.common.collect.ImmutableMapEntry;                                  : loaded 2 times (x 69B)
Class com.google.common.collect.ImmutableEnumMap                                      : loaded 2 times (x 126B)
Class com.google.common.collect.ListMultimap                                          : loaded 2 times (x 70B)
Class org.objectweb.asm.AnnotationVisitor                                             : loaded 2 times (x 78B)
Class com.google.common.collect.Iterators$EmptyModifiableIterator                     : loaded 2 times (x 86B)
Class com.google.common.collect.Sets$1                                                : loaded 2 times (x 139B)
Class com.google.common.base.Splitter                                                 : loaded 2 times (x 72B)
Class org.gradle.api.internal.DefaultClassPathProvider                                : loaded 2 times (x 76B)
Class org.apache.commons.io.FilenameUtils                                             : loaded 2 times (x 71B)
Class [Lcom.google.common.base.Function;                                              : loaded 2 times (x 69B)
Class com.google.common.collect.MapMakerInternalMap$Strength$1                        : loaded 2 times (x 80B)
Class com.google.common.collect.Maps$ViewCachingAbstractMap                           : loaded 2 times (x 125B)
Class com.google.common.collect.Sets$2                                                : loaded 2 times (x 139B)
Class [Lorg.gradle.api.internal.ClassPathProvider;                                    : loaded 2 times (x 69B)
Class org.gradle.api.internal.ClassPathProvider                                       : loaded 2 times (x 70B)
Class com.google.common.reflect.Types$ClassOwnership$1                                : loaded 2 times (x 80B)
Class [Lorg.objectweb.asm.AnnotationVisitor;                                          : loaded 2 times (x 69B)
Class com.google.common.collect.MapMakerInternalMap$Strength$2                        : loaded 2 times (x 80B)
Class com.google.common.collect.Sets$3                                                : loaded 2 times (x 139B)
Class com.google.common.base.AbstractIterator$State                                   : loaded 2 times (x 79B)
Class com.google.common.cache.LocalCache$LocalLoadingCache                            : loaded 2 times (x 134B)
Class org.gradle.internal.service.UnknownServiceException                             : loaded 2 times (x 83B)
Class com.google.common.reflect.Types$ClassOwnership$2                                : loaded 2 times (x 80B)
Class com.google.common.reflect.TypeResolver                                          : loaded 2 times (x 72B)
Class com.google.common.io.ByteArrayDataInput                                         : loaded 2 times (x 70B)
Class org.objectweb.asm.ModuleVisitor                                                 : loaded 2 times (x 81B)
Class com.google.common.collect.MapMakerInternalMap$StrongValueEntry                  : loaded 2 times (x 70B)
Class com.google.common.collect.Sets$4                                                : loaded 2 times (x 139B)
Class com.google.common.cache.LocalCache$Strength$1                                   : loaded 2 times (x 81B)
Class com.google.common.reflect.Types$ClassOwnership$3                                : loaded 2 times (x 71B)
Class com.google.common.collect.Collections2$FilteredCollection                       : loaded 2 times (x 119B)
Class com.google.common.util.concurrent.SettableFuture                                : loaded 2 times (x 114B)
Class com.google.common.cache.LocalCache$Strength$2                                   : loaded 2 times (x 81B)
Class [Lcom.google.common.collect.Maps$EntryFunction;                                 : loaded 2 times (x 69B)
Class com.google.common.io.ByteStreams                                                : loaded 2 times (x 71B)
Class com.google.common.collect.Interners$InternerImpl                                : loaded 2 times (x 75B)
Class com.google.common.collect.Interner                                              : loaded 2 times (x 70B)
Class com.google.common.collect.TransformedIterator                                   : loaded 2 times (x 80B)
Class com.google.common.base.Splitter$1                                               : loaded 2 times (x 77B)
Class com.google.common.cache.LocalCache$Strength$3                                   : loaded 2 times (x 81B)
Class com.google.common.collect.MapDifference                                         : loaded 2 times (x 70B)
Class com.google.common.reflect.Invokable                                             : loaded 2 times (x 103B)
Class org.objectweb.asm.FieldWriter                                                   : loaded 2 times (x 78B)
Class com.google.common.collect.MapMaker$Dummy                                        : loaded 2 times (x 79B)
Class com.google.common.cache.CacheBuilder$NullListener                               : loaded 2 times (x 82B)
Class org.gradle.internal.classpath.TransformedClassPath                              : loaded 2 times (x 96B)
Class org.gradle.internal.classloader.InstrumentingClassLoader                        : loaded 2 times (x 70B)
Class com.google.common.reflect.Types$ParameterizedTypeImpl                           : loaded 2 times (x 81B)
Class com.google.common.collect.Maps$IteratorBasedAbstractMap$1                       : loaded 2 times (x 138B)
Class com.google.common.collect.Iterators$ArrayItr                                    : loaded 2 times (x 97B)
Class com.google.common.cache.CacheLoader$FunctionToCacheLoader                       : loaded 2 times (x 75B)
Class com.google.common.collect.ImmutableCollection$Builder                           : loaded 2 times (x 76B)
Class com.google.common.reflect.TypeResolver$TypeVariableKey                          : loaded 2 times (x 72B)
Class com.google.common.collect.BaseImmutableMultimap                                 : loaded 2 times (x 123B)
Class com.google.common.base.Joiner                                                   : loaded 2 times (x 79B)
Class com.google.common.base.MoreObjects                                              : loaded 2 times (x 71B)
Class [Lorg.objectweb.asm.Type;                                                       : loaded 2 times (x 69B)
Class com.google.common.collect.Platform                                              : loaded 2 times (x 71B)
Class com.google.common.collect.UnmodifiableIterator                                  : loaded 2 times (x 80B)
Class org.gradle.internal.service.ServiceLocator                                      : loaded 2 times (x 70B)
Class com.google.common.collect.SingletonImmutableBiMap                               : loaded 2 times (x 143B)
Class org.apache.commons.io.FileExistsException                                       : loaded 2 times (x 82B)
Class com.google.common.collect.Iterators$SingletonIterator                           : loaded 2 times (x 81B)
Class com.google.common.cache.LocalCache$1                                            : loaded 2 times (x 89B)
Class com.google.common.collect.AbstractMapEntry                                      : loaded 2 times (x 81B)
Class com.google.common.collect.AbstractSetMultimap                                   : loaded 2 times (x 174B)
Class com.google.common.reflect.TypeToken$SimpleTypeToken                             : loaded 2 times (x 73B)
Class com.google.common.collect.ImmutableList$Builder                                 : loaded 2 times (x 77B)
Class com.google.common.collect.MapMakerInternalMap$AbstractStrongKeyEntry            : loaded 2 times (x 80B)
Class com.google.common.collect.Sets$ImprovedAbstractSet                              : loaded 2 times (x 135B)
Class com.google.common.cache.LocalCache$2                                            : loaded 2 times (x 142B)
Class com.google.common.collect.AbstractMultimap                                      : loaded 2 times (x 123B)
Class com.google.common.collect.RegularImmutableAsList                                : loaded 2 times (x 217B)
Class com.google.common.base.Optional                                                 : loaded 2 times (x 80B)
Class com.google.common.collect.Iterators                                             : loaded 2 times (x 71B)
Class com.google.common.util.concurrent.AbstractFuture$Trusted                        : loaded 2 times (x 70B)
Class com.google.common.io.ByteSink$AsCharSink                                        : loaded 2 times (x 80B)
Class com.google.common.collect.Lists$StringAsImmutableList                           : loaded 2 times (x 207B)
Class com.google.common.util.concurrent.UncheckedExecutionException                   : loaded 2 times (x 82B)
Class org.objectweb.asm.ClassWriter                                                   : loaded 2 times (x 106B)
Class com.google.common.collect.AbstractMapBasedMultimap$KeySet$1                     : loaded 2 times (x 82B)
Class com.google.common.base.CharMatcher$And                                          : loaded 2 times (x 112B)
Class com.google.common.cache.CacheLoader$UnsupportedLoadingOperationException        : loaded 2 times (x 82B)
Class org.objectweb.asm.FieldVisitor                                                  : loaded 2 times (x 77B)
Class com.google.common.collect.FluentIterable$1                                      : loaded 2 times (x 81B)
Class com.google.common.base.Objects                                                  : loaded 2 times (x 71B)
Class com.google.common.collect.IndexedImmutableSet                                   : loaded 2 times (x 152B)
Class com.google.common.collect.ImmutableMap$1                                        : loaded 2 times (x 81B)
Class com.google.common.collect.BiMap                                                 : loaded 2 times (x 70B)
Class org.gradle.api.internal.classpath.DefaultModuleRegistry$DefaultModule           : loaded 2 times (x 82B)
Class com.google.common.reflect.Reflection                                            : loaded 2 times (x 71B)
Class com.google.common.primitives.Ints                                               : loaded 2 times (x 71B)
Class com.google.common.base.Absent                                                   : loaded 2 times (x 80B)
Class com.google.common.collect.FluentIterable$2                                      : loaded 2 times (x 81B)
Class com.google.common.collect.AbstractIterator                                      : loaded 2 times (x 82B)
Class com.google.common.collect.FluentIterable$3                                      : loaded 2 times (x 81B)
Class com.google.common.math.MathPreconditions                                        : loaded 2 times (x 71B)
Class com.google.common.collect.ObjectArrays                                          : loaded 2 times (x 71B)
Class com.google.common.collect.AbstractIndexedListIterator                           : loaded 2 times (x 96B)
Class com.google.common.collect.ArrayListMultimapGwtSerializationDependencies         : loaded 2 times (x 172B)
Class com.google.common.collect.Multiset                                              : loaded 2 times (x 70B)
Class com.google.common.collect.ImmutableMapEntrySet                                  : loaded 2 times (x 152B)
Class org.gradle.api.internal.classpath.Module                                        : loaded 2 times (x 70B)
Class com.google.common.cache.Weigher                                                 : loaded 2 times (x 70B)
Class org.gradle.api.internal.classpath.UnknownModuleException                        : loaded 2 times (x 82B)
Class com.google.common.base.Stopwatch                                                : loaded 2 times (x 72B)
Class com.google.common.cache.LocalCache$Strength                                     : loaded 2 times (x 81B)
Class com.google.common.cache.Cache                                                   : loaded 2 times (x 70B)
Class org.apache.commons.io.filefilter.IOFileFilter                                   : loaded 2 times (x 70B)
Class com.google.common.collect.ImmutableMap$Builder                                  : loaded 2 times (x 82B)
Class com.google.common.base.NullnessCasts                                            : loaded 2 times (x 71B)
Class com.google.common.util.concurrent.AbstractFuture$Cancellation                   : loaded 2 times (x 72B)
Class com.google.common.collect.Maps$EntryFunction$1                                  : loaded 2 times (x 91B)
Class com.google.common.base.Present                                                  : loaded 2 times (x 81B)
Class com.google.common.collect.AbstractMapBasedMultimap$WrappedCollection$WrappedIterator: loaded 2 times (x 84B)
Class com.google.common.cache.RemovalListener                                         : loaded 2 times (x 70B)
Class org.gradle.api.internal.DefaultClassPathRegistry                                : loaded 2 times (x 76B)
Class com.google.common.reflect.Invokable$ConstructorInvokable                        : loaded 2 times (x 107B)
Class com.google.common.collect.Maps$EntryFunction$2                                  : loaded 2 times (x 91B)
Class com.google.common.primitives.IntsMethodsForWeb                                  : loaded 2 times (x 71B)
Class com.google.common.collect.Multimap                                              : loaded 2 times (x 70B)
Class org.gradle.internal.classpath.DefaultClassPath$ImmutableUniqueList              : loaded 2 times (x 199B)
Class org.gradle.api.internal.ClassPathRegistry                                       : loaded 2 times (x 70B)
Class com.google.common.reflect.TypeToken                                             : loaded 2 times (x 73B)
Class com.google.common.collect.NullnessCasts                                         : loaded 2 times (x 71B)
Class com.google.common.base.ExtraObjectsMethodsForWeb                                : loaded 2 times (x 71B)
Class com.google.common.collect.MapMakerInternalMap$Segment                           : loaded 2 times (x 142B)
Class com.google.common.cache.RemovalCause                                            : loaded 2 times (x 80B)
Class com.google.common.io.ByteSink                                                   : loaded 2 times (x 76B)
Class com.google.common.collect.SingletonImmutableList                                : loaded 2 times (x 207B)
Class com.google.common.cache.CacheBuilder                                            : loaded 2 times (x 72B)
Class org.gradle.internal.classpath.ClassPath                                         : loaded 2 times (x 70B)
Class [Lcom.google.common.reflect.Types$JavaVersion;                                  : loaded 2 times (x 69B)
Class com.google.common.collect.Interners$InternerBuilder                             : loaded 2 times (x 76B)
Class com.google.common.io.Files$FileByteSource                                       : loaded 2 times (x 85B)
Class com.google.common.collect.ImmutableList$ReverseImmutableList                    : loaded 2 times (x 209B)
Class com.google.common.base.JdkPattern                                               : loaded 2 times (x 75B)
Class org.objectweb.asm.SymbolTable$Entry                                             : loaded 2 times (x 74B)
Class org.gradle.api.internal.classpath.DefaultModuleRegistry$DefaultModuleAlias      : loaded 2 times (x 80B)
Class com.google.common.collect.Iterators$1                                           : loaded 2 times (x 81B)
Class com.google.common.base.Suppliers$SupplierOfInstance                             : loaded 2 times (x 79B)
Class com.google.common.reflect.TypeToken$1                                           : loaded 2 times (x 110B)
Class com.google.common.cache.LocalCache$ComputingValueReference                      : loaded 2 times (x 96B)
Class com.google.common.collect.ImmutableMap$IteratorBasedImmutableMap                : loaded 2 times (x 126B)
Class com.google.common.collect.SingletonImmutableSet                                 : loaded 2 times (x 146B)
Class com.google.common.reflect.TypeToken$2                                           : loaded 2 times (x 110B)
Class com.google.common.cache.LocalCache$Segment                                      : loaded 2 times (x 154B)
Class [Lorg.objectweb.asm.SymbolTable$Entry;                                          : loaded 2 times (x 69B)
Class com.google.common.collect.ImmutableBiMap                                        : loaded 2 times (x 143B)
Class com.google.common.collect.Iterators$4                                           : loaded 2 times (x 82B)
Class com.google.common.cache.CacheLoader                                             : loaded 2 times (x 74B)
Class com.google.common.collect.AbstractListMultimap                                  : loaded 2 times (x 172B)
Class org.gradle.api.internal.classpath.ModuleRegistry                                : loaded 2 times (x 70B)
Class org.gradle.internal.installation.GradleInstallation$1                           : loaded 2 times (x 75B)
Class com.google.common.collect.ImmutableSet$JdkBackedSetBuilderImpl                  : loaded 2 times (x 76B)
Class com.google.common.base.Splitter$SplittingIterator                               : loaded 2 times (x 84B)
Class com.google.common.collect.Iterators$5                                           : loaded 2 times (x 82B)
Class com.google.common.util.concurrent.internal.InternalFutureFailureAccess          : loaded 2 times (x 72B)
Class com.google.common.collect.Iterators$6                                           : loaded 2 times (x 81B)
Class com.google.common.base.CharMatcher$ForPredicate                                 : loaded 2 times (x 112B)
Class com.google.common.cache.LocalCache$LocalManualCache$1                           : loaded 2 times (x 75B)
Class com.google.common.base.CharMatcher$AnyOf                                        : loaded 2 times (x 112B)
Class com.google.common.collect.ImmutableCollection                                   : loaded 2 times (x 125B)
Class org.gradle.api.internal.classpath.DefaultModuleRegistry                         : loaded 2 times (x 84B)
Class com.google.common.collect.Lists                                                 : loaded 2 times (x 71B)
Class com.google.common.util.concurrent.ListenableFuture                              : loaded 2 times (x 70B)
Class com.google.common.cache.ReferenceEntry                                          : loaded 2 times (x 70B)
Class com.google.common.base.Converter                                                : loaded 2 times (x 90B)
Class com.google.common.collect.ImmutableSet$CachingAsList                            : loaded 2 times (x 148B)
Class com.google.common.collect.Iterators$9                                           : loaded 2 times (x 81B)
Class com.google.common.util.concurrent.AbstractFuture                                : loaded 2 times (x 106B)
Class com.google.common.base.FunctionalEquivalence                                    : loaded 2 times (x 83B)
Class com.google.common.collect.AbstractMapBasedMultimap                              : loaded 2 times (x 139B)
Class com.google.common.collect.ImmutableAsList                                       : loaded 2 times (x 209B)
Class com.google.common.reflect.TypeResolver$TypeTable                                : loaded 2 times (x 73B)
Class org.objectweb.asm.RecordComponentVisitor                                        : loaded 2 times (x 77B)
Class com.google.common.cache.CacheLoader$SupplierToCacheLoader                       : loaded 2 times (x 75B)
Class com.google.common.reflect.TypeResolver$TypeTable$1                              : loaded 2 times (x 73B)
Class com.google.common.collect.Maps$EntryTransformer                                 : loaded 2 times (x 70B)
Class org.gradle.internal.service.ServiceLookupException                              : loaded 2 times (x 82B)
Class [Lcom.google.common.cache.LocalCache$EntryFactory;                              : loaded 2 times (x 69B)
Class org.gradle.internal.classloader.ClassLoaderFactory                              : loaded 2 times (x 70B)
Class com.google.common.base.CharMatcher$IsNot                                        : loaded 2 times (x 111B)
Class com.google.common.base.CommonPattern                                            : loaded 2 times (x 74B)
Class com.google.common.cache.LocalCache$LocalManualCache                             : loaded 2 times (x 99B)
Class org.gradle.internal.service.CachingServiceLocator                               : loaded 2 times (x 82B)
Class com.google.common.math.IntMath                                                  : loaded 2 times (x 71B)
Class com.google.common.collect.AbstractMapBasedMultimap$KeySet                       : loaded 2 times (x 137B)
Class com.google.common.reflect.Types$TypeVariableInvocationHandler                   : loaded 2 times (x 75B)
Class com.google.common.collect.MapMakerInternalMap$InternalEntry                     : loaded 2 times (x 70B)
Class com.google.common.collect.ImmutableMapEntry                                     : loaded 2 times (x 85B)
Class com.google.common.base.Predicates                                               : loaded 2 times (x 71B)
Class com.google.common.collect.ImmutableMultimap                                     : loaded 2 times (x 147B)
Class com.google.common.collect.ImmutableMapEntry$NonTerminalImmutableMapEntry        : loaded 2 times (x 85B)
Class com.google.common.base.Equivalence                                              : loaded 2 times (x 82B)
Class com.google.common.base.Function                                                 : loaded 2 times (x 70B)
Class com.google.common.collect.IndexedImmutableSet$1                                 : loaded 2 times (x 213B)
Class com.google.common.collect.RegularImmutableList                                  : loaded 2 times (x 213B)
Class com.google.common.cache.CacheBuilder$OneWeigher                                 : loaded 2 times (x 82B)
Class com.google.common.reflect.Types$ClassOwnership$1LocalClass                      : loaded 2 times (x 71B)
Class com.google.common.collect.Maps$EntryFunction                                    : loaded 2 times (x 91B)
Class org.gradle.internal.classloader.ClasspathUtil                                   : loaded 2 times (x 71B)
Class com.google.common.util.concurrent.Uninterruptibles                              : loaded 2 times (x 71B)
Class com.google.common.collect.AbstractMapBasedMultimap$WrappedSet                   : loaded 2 times (x 142B)
Class com.google.common.util.concurrent.LazyLogger                                    : loaded 2 times (x 72B)
Class com.google.common.collect.Maps                                                  : loaded 2 times (x 71B)
Class org.gradle.api.specs.Spec                                                       : loaded 2 times (x 70B)
Class com.google.common.reflect.Types$JavaVersion                                     : loaded 2 times (x 83B)
Class com.google.common.collect.MapMaker                                              : loaded 2 times (x 72B)
Class org.apache.commons.io.file.PathFilter                                           : loaded 2 times (x 70B)
Class [Lcom.google.common.collect.ImmutableEntry;                                     : loaded 2 times (x 69B)
Class com.google.common.collect.Sets$3$1                                              : loaded 2 times (x 82B)
Class com.google.common.cache.LocalCache$LoadingValueReference                        : loaded 2 times (x 96B)
Class com.google.common.reflect.Invokable$MethodInvokable                             : loaded 2 times (x 107B)
Class com.google.common.collect.MapMakerInternalMap$StrongKeyDummyValueEntry          : loaded 2 times (x 82B)
Class com.google.common.base.Platform                                                 : loaded 2 times (x 71B)
Class [Lorg.objectweb.asm.AnnotationWriter;                                           : loaded 2 times (x 69B)
Class com.google.common.collect.AbstractMapBasedMultimap$WrappedList                  : loaded 2 times (x 205B)
Class com.google.common.collect.Maps$8                                                : loaded 2 times (x 82B)
Class com.google.common.base.Predicates$CompositionPredicate                          : loaded 2 times (x 88B)
Class [Lcom.google.common.collect.Iterators$EmptyModifiableIterator;                  : loaded 2 times (x 69B)
Class com.google.common.collect.Sets$SetView                                          : loaded 2 times (x 138B)
Class com.google.common.cache.LocalCache$StrongValueReference                         : loaded 2 times (x 90B)
Class org.objectweb.asm.Type                                                          : loaded 2 times (x 72B)
Class com.google.common.graph.SuccessorsFunction                                      : loaded 2 times (x 70B)
Class org.gradle.internal.classloader.VisitableURLClassLoader$InstrumentingVisitableURLClassLoader: loaded 2 times (x 123B)
Class org.objectweb.asm.ByteVector                                                    : loaded 2 times (x 79B)
Class com.google.common.math.IntMath$1                                                : loaded 2 times (x 71B)
Class com.google.common.collect.MapMakerInternalMap$StrongKeyDummyValueEntry$Helper   : loaded 2 times (x 79B)
Class com.google.common.io.Files$FileByteSink                                         : loaded 2 times (x 77B)
Class org.apache.commons.io.FileUtils                                                 : loaded 2 times (x 71B)
Class [Lcom.google.common.cache.CacheBuilder$NullListener;                            : loaded 2 times (x 69B)
Class org.gradle.internal.classloader.VisitableURLClassLoader$Spec                    : loaded 2 times (x 74B)
Class org.gradle.internal.classpath.DefaultClassPath                                  : loaded 2 times (x 90B)
Class com.google.common.reflect.Types$ClassOwnership                                  : loaded 2 times (x 80B)
Class org.objectweb.asm.Symbol                                                        : loaded 2 times (x 73B)
Class com.google.common.base.AbstractIterator                                         : loaded 2 times (x 80B)
Class com.google.common.collect.Sets$FilteredSet                                      : loaded 2 times (x 137B)
Class com.google.common.io.Closer                                                     : loaded 2 times (x 78B)
Class com.google.common.collect.RegularImmutableMap$Values                            : loaded 2 times (x 207B)
Class com.google.common.base.CharMatcher$BitSetMatcher                                : loaded 2 times (x 112B)
Class com.google.common.collect.ImmutableSet                                          : loaded 2 times (x 145B)
Class org.gradle.internal.classloader.ClassLoaderSpec                                 : loaded 2 times (x 71B)
Class org.objectweb.asm.AnnotationWriter                                              : loaded 2 times (x 79B)
Class com.google.common.cache.CacheStats                                              : loaded 2 times (x 71B)
Class org.objectweb.asm.RecordComponentWriter                                         : loaded 2 times (x 78B)
Class com.google.common.collect.Interners                                             : loaded 2 times (x 71B)
Class com.google.common.io.Closer$Suppressor                                          : loaded 2 times (x 70B)
Class com.google.common.io.LineProcessor                                              : loaded 2 times (x 70B)
Class com.google.common.base.CharMatcher$Or                                           : loaded 2 times (x 112B)
Class com.google.common.util.concurrent.AbstractFuture$Listener                       : loaded 2 times (x 72B)
Class org.gradle.api.internal.classpath.Module$ModuleAlias                            : loaded 2 times (x 70B)
Class org.objectweb.asm.Attribute                                                     : loaded 2 times (x 77B)
Class com.google.common.base.Supplier                                                 : loaded 2 times (x 70B)
Class org.gradle.internal.classloader.VisitableURLClassLoader                         : loaded 2 times (x 117B)
Class com.google.common.collect.ImmutableList$SerializedForm                          : loaded 2 times (x 73B)
Class org.gradle.internal.Cast                                                        : loaded 2 times (x 71B)
Class org.gradle.api.Action                                                           : loaded 2 times (x 70B)
Class org.objectweb.asm.Handler                                                       : loaded 2 times (x 72B)
Class com.google.common.collect.MapMakerInternalMap                                   : loaded 2 times (x 161B)
Class com.google.common.base.Strings                                                  : loaded 2 times (x 71B)
Class com.google.common.collect.Sets                                                  : loaded 2 times (x 71B)
Class com.google.common.base.CharMatcher$FastMatcher                                  : loaded 2 times (x 111B)
Class com.google.common.base.Ticker                                                   : loaded 2 times (x 72B)
Class com.google.common.cache.RemovalCause$1                                          : loaded 2 times (x 80B)
Class [Lcom.google.common.cache.LocalCache$Segment;                                   : loaded 2 times (x 69B)
Class com.google.common.base.Predicate                                                : loaded 2 times (x 70B)
Class [Lcom.google.common.cache.LocalCache$Strength;                                  : loaded 2 times (x 69B)
Class com.google.common.cache.CacheBuilder$1                                          : loaded 2 times (x 85B)
Class com.google.common.collect.ImmutableMap                                          : loaded 2 times (x 120B)
Class org.gradle.internal.classpath.DefaultClassPath$ImmutableUniqueList$Builder      : loaded 2 times (x 75B)
Class com.google.common.cache.RemovalCause$2                                          : loaded 2 times (x 80B)
Class com.google.common.collect.MapMakerInternalMap$WeakValueReference                : loaded 2 times (x 70B)
Class com.google.common.base.CharMatcher$NegatedFastMatcher                           : loaded 2 times (x 113B)
Class com.google.common.cache.LocalCache                                              : loaded 2 times (x 187B)
Class com.google.common.cache.CacheBuilder$2                                          : loaded 2 times (x 79B)
Class com.google.common.cache.RemovalCause$3                                          : loaded 2 times (x 80B)
Class [Lcom.google.common.collect.AbstractMapEntry;                                   : loaded 2 times (x 69B)
Class com.google.common.collect.ImmutableEntry                                        : loaded 2 times (x 82B)
Class com.google.common.cache.CacheBuilder$3                                          : loaded 2 times (x 72B)
Class com.google.common.collect.ArrayListMultimap                                     : loaded 2 times (x 172B)
Class org.gradle.api.GradleException                                                  : loaded 2 times (x 82B)
Class com.google.common.cache.RemovalCause$4                                          : loaded 2 times (x 80B)
Class com.google.common.base.Suppliers$MemoizingSupplier                              : loaded 2 times (x 79B)
Class com.google.common.collect.CollectPreconditions                                  : loaded 2 times (x 71B)
Class com.google.common.cache.RemovalCause$5                                          : loaded 2 times (x 80B)
Class com.google.common.collect.Maps$AbstractFilteredMap                              : loaded 2 times (x 127B)
Class [Lcom.google.common.collect.MapMakerInternalMap$Strength;                       : loaded 2 times (x 69B)
Class [Lcom.google.common.io.FileWriteMode;                                           : loaded 2 times (x 69B)
Class com.google.common.collect.SortedMapDifference                                   : loaded 2 times (x 70B)
Class com.google.common.cache.LocalCache$WriteThroughEntry                            : loaded 2 times (x 79B)
Class com.google.common.cache.LocalCache$HashIterator                                 : loaded 2 times (x 86B)
Class com.google.common.collect.MapMakerInternalMap$StrongKeyDummyValueSegment        : loaded 2 times (x 142B)
Class com.google.common.io.Files                                                      : loaded 2 times (x 71B)
Class com.google.common.cache.LocalCache$EntryFactory                                 : loaded 2 times (x 83B)
Class com.google.common.reflect.Types$NativeTypeVariableEquals                        : loaded 2 times (x 71B)
Class com.google.common.reflect.TypeParameter                                         : loaded 2 times (x 72B)
Class com.google.common.collect.Iterables$5                                           : loaded 2 times (x 81B)
Class [Lcom.google.common.collect.MapMaker$Dummy;                                     : loaded 2 times (x 69B)
Class com.google.common.cache.LocalCache$AbstractReferenceEntry                       : loaded 2 times (x 107B)
Class org.gradle.internal.IoActions                                                   : loaded 2 times (x 71B)
Class org.objectweb.asm.SymbolTable                                                   : loaded 2 times (x 72B)
Class com.google.common.collect.ImmutableMapKeySet                                    : loaded 2 times (x 152B)
Class com.google.common.cache.CacheLoader$InvalidCacheLoadException                   : loaded 2 times (x 82B)
Class com.google.common.collect.ImmutableSet$RegularSetBuilderImpl                    : loaded 2 times (x 77B)
Class com.google.common.collect.FluentIterable                                        : loaded 2 times (x 81B)
Class com.google.common.cache.LocalCache$StrongEntry                                  : loaded 2 times (x 108B)
Class com.google.common.util.concurrent.AbstractFuture$TrustedFuture                  : loaded 2 times (x 114B)
Class com.google.common.cache.LoadingCache                                            : loaded 2 times (x 70B)
Class com.google.common.io.ByteStreams$LimitedInputStream                             : loaded 2 times (x 92B)
Class com.google.common.base.Suppliers$NonSerializableMemoizingSupplier               : loaded 2 times (x 79B)
Class org.objectweb.asm.MethodWriter                                                  : loaded 2 times (x 106B)
Class com.google.common.collect.RegularImmutableMap$BucketOverflowException           : loaded 2 times (x 82B)
Class [Lcom.google.common.cache.Weigher;                                              : loaded 2 times (x 69B)
Class com.google.common.collect.AbstractMapBasedMultimap$RandomAccessWrappedList      : loaded 2 times (x 205B)
Class com.google.common.reflect.Types$JavaVersion$1                                   : loaded 2 times (x 83B)
Class com.google.common.collect.AbstractIterator$State                                : loaded 2 times (x 79B)
Class com.google.common.collect.RegularImmutableBiMap                                 : loaded 2 times (x 149B)
Class com.google.common.base.CharMatcher$Negated                                      : loaded 2 times (x 113B)
Class com.google.common.base.CharMatcher$Is                                           : loaded 2 times (x 111B)
Class com.google.common.cache.LocalCache$ValueReference                               : loaded 2 times (x 70B)
Class com.google.common.reflect.Types$JavaVersion$2                                   : loaded 2 times (x 83B)
Class com.google.common.reflect.Types                                                 : loaded 2 times (x 71B)
Class com.google.common.hash.PrimitiveSink                                            : loaded 2 times (x 70B)
Class com.google.common.base.PatternCompiler                                          : loaded 2 times (x 70B)
Class com.google.common.collect.Hashing                                               : loaded 2 times (x 71B)
Class com.google.common.util.concurrent.AbstractFuture$Failure                        : loaded 2 times (x 72B)
Class com.google.common.base.Equivalence$Equals                                       : loaded 2 times (x 82B)
Class com.google.common.base.Preconditions                                            : loaded 2 times (x 71B)
Class com.google.common.reflect.Types$JavaVersion$3                                   : loaded 2 times (x 83B)
Class org.objectweb.asm.Label                                                         : loaded 2 times (x 73B)
Class org.objectweb.asm.CurrentFrame                                                  : loaded 2 times (x 73B)
Class org.objectweb.asm.ClassTooLargeException                                        : loaded 2 times (x 83B)
Class com.google.common.collect.ImmutableSetMultimap                                  : loaded 2 times (x 180B)
Class com.google.common.io.CharSink                                                   : loaded 2 times (x 79B)
Class com.google.common.base.Joiner$1                                                 : loaded 2 times (x 80B)
Class com.google.common.base.CharMatcher                                              : loaded 2 times (x 111B)
Class com.google.common.collect.PeekingIterator                                       : loaded 2 times (x 70B)
Class com.google.common.reflect.Types$JavaVersion$4                                   : loaded 2 times (x 83B)
Class org.objectweb.asm.Frame                                                         : loaded 2 times (x 73B)
Class org.objectweb.asm.MethodVisitor                                                 : loaded 2 times (x 105B)
Class com.google.common.collect.MapMakerInternalMap$InternalEntryHelper               : loaded 2 times (x 70B)
Class com.google.common.collect.Maps$IteratorBasedAbstractMap                         : loaded 2 times (x 125B)
Class com.google.common.base.Joiner$2                                                 : loaded 2 times (x 79B)
Class com.google.common.base.CharMatcher$1                                            : loaded 2 times (x 113B)
Class com.google.common.base.CharMatcher$NamedFastMatcher                             : loaded 2 times (x 112B)
Class com.google.common.collect.Table                                                 : loaded 2 times (x 70B)
Class com.google.common.cache.LocalCache$EntryFactory$1                               : loaded 2 times (x 83B)
Class [Lcom.google.common.cache.RemovalListener;                                      : loaded 2 times (x 69B)
Class com.google.common.reflect.Types$JavaVersion$5                                   : loaded 2 times (x 71B)
Class [Lcom.google.common.reflect.Types$ClassOwnership;                               : loaded 2 times (x 69B)
Class com.google.common.cache.LocalCache$EntryFactory$2                               : loaded 2 times (x 83B)
Class org.objectweb.asm.ModuleWriter                                                  : loaded 2 times (x 82B)
Class com.google.common.collect.ImmutableMapEntrySet$RegularEntrySet                  : loaded 2 times (x 152B)
Class com.google.common.cache.LocalCache$EntryFactory$3                               : loaded 2 times (x 83B)
Class com.google.common.base.Ticker$1                                                 : loaded 2 times (x 72B)
Class com.google.common.collect.Maps$BiMapConverter                                   : loaded 2 times (x 90B)
Class com.google.common.collect.SetMultimap                                           : loaded 2 times (x 70B)
Class com.google.common.base.CharMatcher$InRange                                      : loaded 2 times (x 111B)
Class com.google.common.cache.LocalCache$EntryFactory$4                               : loaded 2 times (x 83B)
Class com.google.common.collect.ImmutableSet$Builder                                  : loaded 2 times (x 85B)
Class com.google.common.io.ByteStreams$1                                              : loaded 2 times (x 85B)
Class com.google.common.cache.LocalCache$EntryFactory$5                               : loaded 2 times (x 83B)
Class com.google.common.cache.LocalCache$EntryFactory$6                               : loaded 2 times (x 83B)
Class org.gradle.internal.installation.CurrentGradleInstallationLocator               : loaded 2 times (x 71B)
Class com.google.common.collect.ImmutableSet$EmptySetBuilderImpl                      : loaded 2 times (x 76B)
Class com.google.common.collect.Maps$KeySet                                           : loaded 2 times (x 137B)
Class com.google.common.cache.LocalCache$EntryFactory$7                               : loaded 2 times (x 83B)
Class com.google.common.collect.ImmutableList                                         : loaded 2 times (x 206B)
Class org.gradle.internal.service.DefaultServiceLocator                               : loaded 2 times (x 83B)
Class com.google.common.collect.Maps$EntrySet                                         : loaded 2 times (x 136B)
Class com.google.common.cache.LocalCache$EntryFactory$8                               : loaded 2 times (x 83B)
Class com.google.common.collect.ImmutableSet$SetBuilderImpl                           : loaded 2 times (x 76B)
Class org.gradle.internal.installation.CurrentGradleInstallation                      : loaded 2 times (x 73B)
Class com.google.common.collect.ForwardingObject                                      : loaded 2 times (x 72B)
Class com.google.common.collect.ImmutableList$SubList                                 : loaded 2 times (x 209B)
Class com.google.common.cache.CacheLoader$1                                           : loaded 2 times (x 75B)
Class org.gradle.util.internal.GUtil                                                  : loaded 2 times (x 71B)
Class com.google.common.io.ByteSource                                                 : loaded 2 times (x 84B)
Class com.google.common.cache.AbstractCache$StatsCounter                              : loaded 2 times (x 70B)
Class com.google.common.reflect.Types$TypeVariableImpl                                : loaded 2 times (x 72B)
Class com.google.common.collect.MapMakerInternalMap$1                                 : loaded 2 times (x 83B)
Class com.google.common.collect.Iterators$MergingIterator                             : loaded 2 times (x 81B)
Class com.google.common.collect.RegularImmutableSet                                   : loaded 2 times (x 149B)
Class org.gradle.internal.installation.GradleInstallation                             : loaded 2 times (x 75B)
Class com.google.common.base.Splitter$Strategy                                        : loaded 2 times (x 70B)
Class com.google.common.collect.Iterables                                             : loaded 2 times (x 71B)

---------------  S Y S T E M  ---------------

OS:
 Windows 11 , 64 bit Build 22621 (10.0.22621.5415)
OS uptime: 0 days 4:36 hours
Hyper-V role detected

CPU: total 4 (initial active 4) (2 cores per cpu, 2 threads per core) family 6 model 126 stepping 5 microcode 0xcc, cx8, cmov, fxsr, ht, mmx, 3dnowpref, sse, sse2, sse3, ssse3, sse4.1, sse4.2, popcnt, lzcnt, tsc, tscinvbit, avx, avx2, aes, erms, clmul, bmi1, bmi2, adx, avx512f, avx512dq, avx512cd, avx512bw, avx512vl, sha, fma, vzeroupper, avx512_vpopcntdq, avx512_vpclmulqdq, avx512_vaes, avx512_vnni, clflush, clflushopt, avx512_vbmi2, avx512_vbmi, hv, rdtscp, rdpid, fsrm, gfni, avx512_bitalg, f16c, avx512_ifma
Processor Information for the first 4 processors :
  Max Mhz: 1190, Current Mhz: 1190, Mhz Limit: 1190

Memory: 4k page, system-wide physical 3863M (54M free)
TotalPageFile size 12055M (AvailPageFile size 84M)
current process WorkingSet (physical memory assigned to process): 281M, peak: 555M
current process commit charge ("private bytes"): 761M, peak: 1477M

vm_info: OpenJDK 64-Bit Server VM (21.0.10+-14961533-b1163.108) for windows-amd64 JRE (21.0.10+-14961533-b1163.108), built on 2026-03-02T19:58:50Z by "builder" with MS VC++ 16.10 / 16.11 (VS2019)

END.
