#
# There is insufficient memory for the Java Runtime Environment to continue.
# Native memory allocation (mmap) failed to map 266338304 bytes. Error detail: G1 virtual space
# Possible reasons:
#   The system is out of physical RAM or swap space
#   This process is running with CompressedOops enabled, and the Java Heap may be blocking the growth of the native heap
# Possible solutions:
#   Reduce memory load on the system
#   Increase physical memory or swap space
#   Check if swap backing store is full
#   Decrease Java heap size (-Xmx/-Xms)
#   Decrease number of Java threads
#   Decrease Java thread stack sizes (-Xss)
#   Set larger code cache with -XX:ReservedCodeCacheSize=
#   JVM is running with Zero Based Compressed Oops mode in which the Java heap is
#     placed in the first 32GB address space. The Java Heap base address is the
#     maximum limit for the native heap growth. Please use -XX:HeapBaseMinAddress
#     to set the Java Heap base and to place the Java Heap above 32GB virtual address.
# This output file may be truncated or incomplete.
#
#  Out of Memory Error (os_windows.cpp:3926), pid=6092, tid=2052
#
# JRE version: OpenJDK Runtime Environment (21.0.10) (build 21.0.10+-14961533-b1163.108)
# Java VM: OpenJDK 64-Bit Server VM (21.0.10+-14961533-b1163.108, mixed mode, tiered, compressed oops, compressed class ptrs, g1 gc, windows-amd64)
# No core dump will be written. Minidumps are not enabled by default on client versions of Windows
#

---------------  S U M M A R Y ------------

Command Line: --add-opens=java.base/java.lang=ALL-UNNAMED --add-opens=java.base/java.lang.invoke=ALL-UNNAMED --add-opens=java.base/java.util=ALL-UNNAMED --add-opens=java.prefs/java.util.prefs=ALL-UNNAMED --add-exports=jdk.compiler/com.sun.tools.javac.api=ALL-UNNAMED --add-exports=jdk.compiler/com.sun.tools.javac.util=ALL-UNNAMED --add-opens=java.base/java.util=ALL-UNNAMED --add-opens=java.prefs/java.util.prefs=ALL-UNNAMED --add-opens=java.base/java.nio.charset=ALL-UNNAMED --add-opens=java.base/java.net=ALL-UNNAMED --add-opens=java.base/java.util.concurrent=ALL-UNNAMED --add-opens=java.base/java.util.concurrent.atomic=ALL-UNNAMED --add-opens=java.xml/javax.xml.namespace=ALL-UNNAMED --add-opens=java.base/java.time=ALL-UNNAMED -Xmx4096m -Dfile.encoding=UTF-8 -Duser.country=US -Duser.language=en -Duser.variant -javaagent:C:\Users\tharushi\.gradle\wrapper\dists\gradle-9.4.1-bin\arn2x92ynaizyzdaamcbpbhtj\gradle-9.4.1\lib\agents\gradle-instrumentation-agent-9.4.1.jar org.gradle.launcher.daemon.bootstrap.GradleDaemon 9.4.1

Host: Intel(R) Core(TM) i3-1005G1 CPU @ 1.20GHz, 4 cores, 3G,  Windows 11 , 64 bit Build 22621 (10.0.22621.5415)
Time: Tue Aug 11 15:36:52 2026 Sri Lanka Standard Time elapsed time: 234.947129 seconds (0d 0h 3m 54s)

---------------  T H R E A D  ---------------

Current thread (0x000001c0ffedbcf0):  VMThread "VM Thread"          [id=2052, stack(0x000000b322700000,0x000000b322800000) (1024K)]

Stack: [0x000000b322700000,0x000000b322800000]
Native frames: (J=compiled Java code, j=interpreted, Vv=VM code, C=native code)
V  [jvm.dll+0x6d78a9]
V  [jvm.dll+0x8665b3]
V  [jvm.dll+0x868bde]
V  [jvm.dll+0x8692c3]
V  [jvm.dll+0x280ee6]
V  [jvm.dll+0x6d4165]
V  [jvm.dll+0x6c77fa]
V  [jvm.dll+0x358f4b]
V  [jvm.dll+0x360bc6]
V  [jvm.dll+0x3b2ea6]
V  [jvm.dll+0x3b3178]
V  [jvm.dll+0x32b65c]
V  [jvm.dll+0x32b6e7]
V  [jvm.dll+0x3715cc]
V  [jvm.dll+0x36fd7e]
V  [jvm.dll+0x32adb1]
V  [jvm.dll+0x36f480]
V  [jvm.dll+0x86f048]
V  [jvm.dll+0x870394]
V  [jvm.dll+0x8708d0]
V  [jvm.dll+0x870b63]
V  [jvm.dll+0x80fd28]
V  [jvm.dll+0x6d60fd]
C  [ucrtbase.dll+0x29333]
C  [KERNEL32.DLL+0x1259d]
C  [ntdll.dll+0x5af78]

VM_Operation (0x000000b321efbee0): G1CollectForAllocation, mode: safepoint, requested by thread 0x000001c09e208f10


---------------  P R O C E S S  ---------------

Threads class SMR info:
_java_thread_list=0x000001c09b173690, length=61, elements={
0x000001c0fb8bb800, 0x000001c095148070, 0x000001c0fff46af0, 0x000001c0fff4b610,
0x000001c09517a1e0, 0x000001c09517b860, 0x000001c09517c2c0, 0x000001c095184d30,
0x000001c095189c10, 0x000001c09518e810, 0x000001c0954a21c0, 0x000001c09b4c7a50,
0x000001c09a9d7fa0, 0x000001c09aaf9a50, 0x000001c095b11000, 0x000001c0956ae8e0,
0x000001c0955ab6e0, 0x000001c095b11670, 0x000001c09592b0a0, 0x000001c09592bdc0,
0x000001c09592aa10, 0x000001c09592b730, 0x000001c09b798500, 0x000001c09b79c010,
0x000001c09b79b980, 0x000001c09b79c6a0, 0x000001c09b79b2f0, 0x000001c09b79da50,
0x000001c09b796ac0, 0x000001c09b799220, 0x000001c09b799f40, 0x000001c09b7998b0,
0x000001c09b79a5d0, 0x000001c09b797150, 0x000001c09b7977e0, 0x000001c09b797e70,
0x000001c09b79e0e0, 0x000001c09e2067b0, 0x000001c09e205a90, 0x000001c09e20a950,
0x000001c09e207b60, 0x000001c09e206e40, 0x000001c09e208880, 0x000001c09e2074d0,
0x000001c09e206120, 0x000001c09e2081f0, 0x000001c09e208f10, 0x000001c09e20c390,
0x000001c09e2095a0, 0x000001c09e209c30, 0x000001c09d790750, 0x000001c09d7897c0,
0x000001c09d78b200, 0x000001c0a0838470, 0x000001c0a0836a30, 0x000001c0a08370c0,
0x000001c0a0833c40, 0x000001c0a08342d0, 0x000001c0a08314e0, 0x000001c09b8ba9d0,
0x000001c095440830
}

Java Threads: ( => current thread )
  0x000001c0fb8bb800 JavaThread "main"                              [_thread_blocked, id=7816, stack(0x000000b322000000,0x000000b322100000) (1024K)]
  0x000001c095148070 JavaThread "Common-Cleaner"             daemon [_thread_blocked, id=11372, stack(0x000000b322800000,0x000000b322900000) (1024K)]
  0x000001c0fff46af0 JavaThread "Reference Handler"          daemon [_thread_blocked, id=17792, stack(0x000000b322900000,0x000000b322a00000) (1024K)]
  0x000001c0fff4b610 JavaThread "Finalizer"                  daemon [_thread_blocked, id=7252, stack(0x000000b322a00000,0x000000b322b00000) (1024K)]
  0x000001c09517a1e0 JavaThread "Signal Dispatcher"          daemon [_thread_blocked, id=1484, stack(0x000000b322b00000,0x000000b322c00000) (1024K)]
  0x000001c09517b860 JavaThread "Attach Listener"            daemon [_thread_blocked, id=8864, stack(0x000000b322c00000,0x000000b322d00000) (1024K)]
  0x000001c09517c2c0 JavaThread "Service Thread"             daemon [_thread_blocked, id=5508, stack(0x000000b322d00000,0x000000b322e00000) (1024K)]
  0x000001c095184d30 JavaThread "Monitor Deflation Thread"   daemon [_thread_blocked, id=4832, stack(0x000000b322e00000,0x000000b322f00000) (1024K)]
  0x000001c095189c10 JavaThread "C2 CompilerThread0"         daemon [_thread_blocked, id=14732, stack(0x000000b322f00000,0x000000b323000000) (1024K)]
  0x000001c09518e810 JavaThread "C1 CompilerThread0"         daemon [_thread_blocked, id=12956, stack(0x000000b323000000,0x000000b323100000) (1024K)]
  0x000001c0954a21c0 JavaThread "Notification Thread"        daemon [_thread_blocked, id=16436, stack(0x000000b323100000,0x000000b323200000) (1024K)]
  0x000001c09b4c7a50 JavaThread "Daemon health stats"               [_thread_blocked, id=12400, stack(0x000000b323500000,0x000000b323600000) (1024K)]
  0x000001c09a9d7fa0 JavaThread "Incoming local TCP Connector on port 59313"        [_thread_in_native, id=8096, stack(0x000000b323600000,0x000000b323700000) (1024K)]
  0x000001c09aaf9a50 JavaThread "Daemon periodic checks"            [_thread_blocked, id=13644, stack(0x000000b323700000,0x000000b323800000) (1024K)]
  0x000001c095b11000 JavaThread "Daemon"                            [_thread_blocked, id=16752, stack(0x000000b323900000,0x000000b323a00000) (1024K)]
  0x000001c0956ae8e0 JavaThread "Handler for socket connection from /127.0.0.1:59313 to /127.0.0.1:59314"        [_thread_in_native, id=16560, stack(0x000000b323a00000,0x000000b323b00000) (1024K)]
  0x000001c0955ab6e0 JavaThread "Cancel handler"                    [_thread_blocked, id=9180, stack(0x000000b323b00000,0x000000b323c00000) (1024K)]
  0x000001c095b11670 JavaThread "Daemon worker"                     [_thread_blocked, id=14648, stack(0x000000b323800000,0x000000b323900000) (1024K)]
  0x000001c09592b0a0 JavaThread "Asynchronous log dispatcher for DefaultDaemonConnection: socket connection from /127.0.0.1:59313 to /127.0.0.1:59314"        [_thread_blocked, id=15388, stack(0x000000b323c00000,0x000000b323d00000) (1024K)]
  0x000001c09592bdc0 JavaThread "Stdin handler"                     [_thread_blocked, id=15640, stack(0x000000b323d00000,0x000000b323e00000) (1024K)]
  0x000001c09592aa10 JavaThread "Daemon client event forwarder"        [_thread_blocked, id=17248, stack(0x000000b323e00000,0x000000b323f00000) (1024K)]
  0x000001c09592b730 JavaThread "Cache worker for journal cache (C:\Users\tharushi\.gradle\caches\journal-1)"        [_thread_blocked, id=11988, stack(0x000000b324000000,0x000000b324100000) (1024K)]
  0x000001c09b798500 JavaThread "File lock request listener"        [_thread_in_native, id=14724, stack(0x000000b324100000,0x000000b324200000) (1024K)]
  0x000001c09b79c010 JavaThread "Cache worker for file hash cache (C:\Users\tharushi\.gradle\caches\9.4.1\fileHashes)"        [_thread_blocked, id=6448, stack(0x000000b323f00000,0x000000b324000000) (1024K)]
  0x000001c09b79b980 JavaThread "Cache worker for file hash cache (D:\MAD_mini_project\SmartNest\.gradle\9.4.1\fileHashes)"        [_thread_blocked, id=12072, stack(0x000000b324200000,0x000000b324300000) (1024K)]
  0x000001c09b79c6a0 JavaThread "Cache worker for checksums cache (D:\MAD_mini_project\SmartNest\.gradle\9.4.1\checksums)"        [_thread_blocked, id=16912, stack(0x000000b324300000,0x000000b324400000) (1024K)]
  0x000001c09b79b2f0 JavaThread "Cache worker for Build Output Cleanup Cache (D:\MAD_mini_project\SmartNest\.gradle\buildOutputCleanup)"        [_thread_blocked, id=9536, stack(0x000000b324500000,0x000000b324600000) (1024K)]
  0x000001c09b79da50 JavaThread "Cache worker for file content cache (C:\Users\tharushi\.gradle\caches\9.4.1\fileContent)"        [_thread_blocked, id=2412, stack(0x000000b324600000,0x000000b324700000) (1024K)]
  0x000001c09b796ac0 JavaThread "File watcher server"        daemon [_thread_blocked, id=13172, stack(0x000000b324400000,0x000000b324500000) (1024K)]
  0x000001c09b799220 JavaThread "File watcher consumer"      daemon [_thread_blocked, id=16460, stack(0x000000b324700000,0x000000b324800000) (1024K)]
  0x000001c09b799f40 JavaThread "Cache worker for cache directory md-supplier (C:\Users\tharushi\.gradle\caches\9.4.1\md-supplier)"        [_thread_blocked, id=14604, stack(0x000000b324800000,0x000000b324900000) (1024K)]
  0x000001c09b7998b0 JavaThread "Cache worker for cache directory md-rule (C:\Users\tharushi\.gradle\caches\9.4.1\md-rule)"        [_thread_blocked, id=16196, stack(0x000000b324900000,0x000000b324a00000) (1024K)]
  0x000001c09b79a5d0 JavaThread "build event listener"              [_thread_blocked, id=6800, stack(0x000000b324b00000,0x000000b324c00000) (1024K)]
  0x000001c09b797150 JavaThread "build event listener"              [_thread_blocked, id=13728, stack(0x000000b324c00000,0x000000b324d00000) (1024K)]
  0x000001c09b7977e0 JavaThread "build event listener"              [_thread_blocked, id=11416, stack(0x000000b324d00000,0x000000b324e00000) (1024K)]
  0x000001c09b797e70 JavaThread "Build operations"                  [_thread_blocked, id=16200, stack(0x000000b324e00000,0x000000b324f00000) (1024K)]
  0x000001c09b79e0e0 JavaThread "Memory manager"                    [_thread_blocked, id=4416, stack(0x000000b324a00000,0x000000b324b00000) (1024K)]
  0x000001c09e2067b0 JavaThread "included builds"                   [_thread_blocked, id=4492, stack(0x000000b325000000,0x000000b325100000) (1024K)]
  0x000001c09e205a90 JavaThread "Execution worker"                  [_thread_blocked, id=17696, stack(0x000000b324f00000,0x000000b325000000) (1024K)]
  0x000001c09e20a950 JavaThread "Execution worker Thread 2"         [_thread_blocked, id=6804, stack(0x000000b325100000,0x000000b325200000) (1024K)]
  0x000001c09e207b60 JavaThread "Execution worker Thread 3"         [_thread_blocked, id=15300, stack(0x000000b325200000,0x000000b325300000) (1024K)]
  0x000001c09e206e40 JavaThread "Cache worker for execution history cache (D:\MAD_mini_project\SmartNest\.gradle\9.4.1\executionHistory)"        [_thread_blocked, id=18260, stack(0x000000b325300000,0x000000b325400000) (1024K)]
  0x000001c09e208880 JavaThread "Build operations Thread 2"         [_thread_blocked, id=10616, stack(0x000000b325400000,0x000000b325500000) (1024K)]
  0x000001c09e2074d0 JavaThread "Build operations Thread 3"         [_thread_blocked, id=8012, stack(0x000000b325500000,0x000000b325600000) (1024K)]
  0x000001c09e206120 JavaThread "Build operations Thread 4"         [_thread_blocked, id=15616, stack(0x000000b325600000,0x000000b325700000) (1024K)]
  0x000001c09e2081f0 JavaThread "pool-2-thread-1"                   [_thread_blocked, id=15676, stack(0x000000b325700000,0x000000b325800000) (1024K)]
  0x000001c09e208f10 JavaThread "WorkerExecutor Queue"              [_thread_blocked, id=128, stack(0x000000b321e00000,0x000000b321f00000) (1024K)]
  0x000001c09e20c390 JavaThread "WorkerExecutor Queue Thread 2"        [_thread_blocked, id=9596, stack(0x000000b325800000,0x000000b325900000) (1024K)]
  0x000001c09e2095a0 JavaThread "WorkerExecutor Queue Thread 3"        [_thread_blocked, id=11112, stack(0x000000b325900000,0x000000b325a00000) (1024K)]
  0x000001c09e209c30 JavaThread "WorkerExecutor Queue Thread 4"        [_thread_blocked, id=8528, stack(0x000000b325a00000,0x000000b325b00000) (1024K)]
  0x000001c09d790750 JavaThread "pool-3-thread-1"                   [_thread_blocked, id=13608, stack(0x000000b321d00000,0x000000b321e00000) (1024K)]
  0x000001c09d7897c0 JavaThread "stderr"                            [_thread_in_native, id=9284, stack(0x000000b325b00000,0x000000b325c00000) (1024K)]
  0x000001c09d78b200 JavaThread "stdout"                            [_thread_in_native, id=13628, stack(0x000000b325c00000,0x000000b325d00000) (1024K)]
  0x000001c0a0838470 JavaThread "RMI Scheduler(0)"           daemon [_thread_blocked, id=11500, stack(0x000000b325d00000,0x000000b325e00000) (1024K)]
  0x000001c0a0836a30 JavaThread "RMI GC Daemon"              daemon [_thread_blocked, id=15888, stack(0x000000b325f00000,0x000000b326000000) (1024K)]
  0x000001c0a08370c0 JavaThread "RMI TCP Accept-0"           daemon [_thread_in_native, id=15288, stack(0x000000b326000000,0x000000b326100000) (1024K)]
  0x000001c0a0833c40 JavaThread "RMI Reaper"                        [_thread_blocked, id=14372, stack(0x000000b326100000,0x000000b326200000) (1024K)]
  0x000001c0a08342d0 JavaThread "RMI TCP Connection(idle)"   daemon [_thread_blocked, id=16868, stack(0x000000b326200000,0x000000b326300000) (1024K)]
  0x000001c0a08314e0 JavaThread "Cache worker for Java compile cache (C:\Users\tharushi\.gradle\caches\9.4.1\javaCompile)"        [_thread_blocked, id=4440, stack(0x000000b321f00000,0x000000b322000000) (1024K)]
  0x000001c09b8ba9d0 JavaThread "WorkerExecutor Queue Thread 5"        [_thread_blocked, id=1436, stack(0x000000b325e00000,0x000000b325f00000) (1024K)]
  0x000001c095440830 JavaThread "C2 CompilerThread1"         daemon [_thread_blocked, id=6036, stack(0x000000b326300000,0x000000b326400000) (1024K)]
Total: 61

Other Threads:
=>0x000001c0ffedbcf0 VMThread "VM Thread"                           [id=2052, stack(0x000000b322700000,0x000000b322800000) (1024K)]
  0x000001c0ffe7b040 WatcherThread "VM Periodic Task Thread"        [id=8800, stack(0x000000b322600000,0x000000b322700000) (1024K)]
  0x000001c0fb923280 WorkerThread "GC Thread#0"                     [id=8588, stack(0x000000b322100000,0x000000b322200000) (1024K)]
  0x000001c0959828f0 WorkerThread "GC Thread#1"                     [id=14292, stack(0x000000b323300000,0x000000b323400000) (1024K)]
  0x000001c095808ae0 WorkerThread "GC Thread#2"                     [id=3576, stack(0x000000b323400000,0x000000b323500000) (1024K)]
  0x000001c09a557c70 WorkerThread "GC Thread#3"                     [id=3296, stack(0x000000b323200000,0x000000b323300000) (1024K)]
  0x000001c0fb934270 ConcurrentGCThread "G1 Main Marker"            [id=12812, stack(0x000000b322200000,0x000000b322300000) (1024K)]
  0x000001c0fb935700 WorkerThread "G1 Conc#0"                       [id=14860, stack(0x000000b322300000,0x000000b322400000) (1024K)]
  0x000001c0fb97b4f0 ConcurrentGCThread "G1 Refine#0"               [id=15780, stack(0x000000b322400000,0x000000b322500000) (1024K)]
  0x000001c0fb97c070 ConcurrentGCThread "G1 Service"                [id=14504, stack(0x000000b322500000,0x000000b322600000) (1024K)]
Total: 10

Threads with active compile tasks:
C2 CompilerThread1  235227 21681       4       java.util.IdentityHashMap::remove (102 bytes)
Total: 1

VM state: at safepoint (normal execution)

VM Mutex/Monitor currently owned by a thread:  ([mutex/lock_event])
[0x00007ffc51b586d0] Threads_lock - owner thread: 0x000001c0ffedbcf0
[0x00007ffc51b587d0] Heap_lock - owner thread: 0x000001c09e208f10

Heap address: 0x0000000700000000, size: 4096 MB, Compressed Oops mode: Zero based, Oop shift amount: 3

CDS archive(s) not mapped
Compressed class space mapped at: 0x0000000800000000-0x0000000840000000, reserved size: 1073741824
Narrow klass base: 0x0000000800000000, Narrow klass shift: 0, Narrow klass range: 0x40000000

GC Precious Log:
 CardTable entry size: 512
 Card Set container configuration: InlinePtr #cards 4 size 8 Array Of Cards #cards 16 size 48 Howl #buckets 8 coarsen threshold 3686 Howl Bitmap #cards 512 size 80 coarsen threshold 460 Card regions per heap region 1 cards per card region 4096
 CPUs: 4 total, 4 available
 Memory: 3863M
 Large Page Support: Disabled
 NUMA Support: Disabled
 Compressed Oops: Enabled (Zero based)
 Heap Region Size: 2M
 Heap Min Capacity: 8M
 Heap Initial Capacity: 62M
 Heap Max Capacity: 4G
 Pre-touch: Disabled
 Parallel Workers: 4
 Concurrent Workers: 1
 Concurrent Refinement Workers: 4
 Periodic GC: Disabled

Heap:
 garbage-first heap   total 342016K, used 177155K [0x0000000700000000, 0x0000000800000000)
  region size 2048K, 2 young (4096K), 2 survivors (4096K)
 Metaspace       used 140249K, committed 142528K, reserved 1179648K
  class space    used 18555K, committed 19712K, reserved 1048576K

Heap Regions: E=young(eden), S=young(survivor), O=old, HS=humongous(starts), HC=humongous(continues), CS=collection set, F=free, TAMS=top-at-mark-start, PB=parsable bottom
|   0|0x0000000700000000, 0x0000000700200000, 0x0000000700200000|100%|HS|  |TAMS 0x0000000700200000| PB 0x0000000700000000| Complete 
|   1|0x0000000700200000, 0x0000000700400000, 0x0000000700400000|100%|HC|  |TAMS 0x0000000700400000| PB 0x0000000700200000| Complete 
|   2|0x0000000700400000, 0x0000000700600000, 0x0000000700600000|100%| O|  |TAMS 0x0000000700600000| PB 0x0000000700400000| Untracked 
|   3|0x0000000700600000, 0x0000000700800000, 0x0000000700800000|100%| O|  |TAMS 0x0000000700800000| PB 0x0000000700600000| Untracked 
|   4|0x0000000700800000, 0x0000000700a00000, 0x0000000700a00000|100%| O|  |TAMS 0x0000000700a00000| PB 0x0000000700800000| Untracked 
|   5|0x0000000700a00000, 0x0000000700c00000, 0x0000000700c00000|100%| O|  |TAMS 0x0000000700c00000| PB 0x0000000700a00000| Untracked 
|   6|0x0000000700c00000, 0x0000000700e00000, 0x0000000700e00000|100%| O|  |TAMS 0x0000000700e00000| PB 0x0000000700c00000| Untracked 
|   7|0x0000000700e00000, 0x0000000701000000, 0x0000000701000000|100%| O|  |TAMS 0x0000000701000000| PB 0x0000000700e00000| Untracked 
|   8|0x0000000701000000, 0x0000000701200000, 0x0000000701200000|100%| O|  |TAMS 0x0000000701200000| PB 0x0000000701000000| Untracked 
|   9|0x0000000701200000, 0x0000000701400000, 0x0000000701400000|100%| O|  |TAMS 0x0000000701400000| PB 0x0000000701200000| Untracked 
|  10|0x0000000701400000, 0x0000000701600000, 0x0000000701600000|100%| O|  |TAMS 0x0000000701600000| PB 0x0000000701400000| Untracked 
|  11|0x0000000701600000, 0x0000000701800000, 0x0000000701800000|100%| O|  |TAMS 0x0000000701800000| PB 0x0000000701600000| Untracked 
|  12|0x0000000701800000, 0x0000000701a00000, 0x0000000701a00000|100%| O|  |TAMS 0x0000000701a00000| PB 0x0000000701800000| Untracked 
|  13|0x0000000701a00000, 0x0000000701c00000, 0x0000000701c00000|100%|HS|  |TAMS 0x0000000701c00000| PB 0x0000000701a00000| Complete 
|  14|0x0000000701c00000, 0x0000000701e00000, 0x0000000701e00000|100%| O|  |TAMS 0x0000000701e00000| PB 0x0000000701c00000| Untracked 
|  15|0x0000000701e00000, 0x0000000702000000, 0x0000000702000000|100%|HS|  |TAMS 0x0000000702000000| PB 0x0000000701e00000| Complete 
|  16|0x0000000702000000, 0x0000000702200000, 0x0000000702200000|100%| O|  |TAMS 0x0000000702200000| PB 0x0000000702000000| Untracked 
|  17|0x0000000702200000, 0x0000000702400000, 0x0000000702400000|100%| O|  |TAMS 0x0000000702400000| PB 0x0000000702200000| Untracked 
|  18|0x0000000702400000, 0x0000000702600000, 0x0000000702600000|100%| O|  |TAMS 0x0000000702600000| PB 0x0000000702400000| Untracked 
|  19|0x0000000702600000, 0x0000000702800000, 0x0000000702800000|100%| O|  |TAMS 0x0000000702800000| PB 0x0000000702600000| Untracked 
|  20|0x0000000702800000, 0x0000000702a00000, 0x0000000702a00000|100%| O|  |TAMS 0x0000000702a00000| PB 0x0000000702800000| Untracked 
|  21|0x0000000702a00000, 0x0000000702c00000, 0x0000000702c00000|100%| O|  |TAMS 0x0000000702c00000| PB 0x0000000702a00000| Untracked 
|  22|0x0000000702c00000, 0x0000000702e00000, 0x0000000702e00000|100%| O|  |TAMS 0x0000000702e00000| PB 0x0000000702c00000| Untracked 
|  23|0x0000000702e00000, 0x0000000703000000, 0x0000000703000000|100%| O|  |TAMS 0x0000000703000000| PB 0x0000000702e00000| Untracked 
|  24|0x0000000703000000, 0x0000000703200000, 0x0000000703200000|100%| O|  |TAMS 0x0000000703200000| PB 0x0000000703000000| Untracked 
|  25|0x0000000703200000, 0x0000000703400000, 0x0000000703400000|100%| O|  |TAMS 0x0000000703400000| PB 0x0000000703200000| Untracked 
|  26|0x0000000703400000, 0x0000000703600000, 0x0000000703600000|100%| O|  |TAMS 0x0000000703600000| PB 0x0000000703400000| Untracked 
|  27|0x0000000703600000, 0x0000000703800000, 0x0000000703800000|100%| O|  |TAMS 0x0000000703800000| PB 0x0000000703600000| Untracked 
|  28|0x0000000703800000, 0x0000000703a00000, 0x0000000703a00000|100%| O|  |TAMS 0x0000000703a00000| PB 0x0000000703800000| Untracked 
|  29|0x0000000703a00000, 0x0000000703c00000, 0x0000000703c00000|100%| O|  |TAMS 0x0000000703c00000| PB 0x0000000703a00000| Untracked 
|  30|0x0000000703c00000, 0x0000000703e00000, 0x0000000703e00000|100%| O|  |TAMS 0x0000000703e00000| PB 0x0000000703c00000| Untracked 
|  31|0x0000000703e00000, 0x0000000704000000, 0x0000000704000000|100%| O|  |TAMS 0x0000000704000000| PB 0x0000000703e00000| Untracked 
|  32|0x0000000704000000, 0x0000000704200000, 0x0000000704200000|100%| O|  |TAMS 0x0000000704200000| PB 0x0000000704000000| Untracked 
|  33|0x0000000704200000, 0x0000000704400000, 0x0000000704400000|100%| O|  |TAMS 0x0000000704400000| PB 0x0000000704200000| Untracked 
|  34|0x0000000704400000, 0x0000000704600000, 0x0000000704600000|100%| O|  |TAMS 0x0000000704600000| PB 0x0000000704400000| Untracked 
|  35|0x0000000704600000, 0x0000000704800000, 0x0000000704800000|100%| O|  |TAMS 0x0000000704800000| PB 0x0000000704600000| Untracked 
|  36|0x0000000704800000, 0x0000000704a00000, 0x0000000704a00000|100%| O|  |TAMS 0x0000000704a00000| PB 0x0000000704800000| Untracked 
|  37|0x0000000704a00000, 0x0000000704c00000, 0x0000000704c00000|100%| O|  |TAMS 0x0000000704c00000| PB 0x0000000704a00000| Untracked 
|  38|0x0000000704c00000, 0x0000000704e00000, 0x0000000704e00000|100%|HS|  |TAMS 0x0000000704e00000| PB 0x0000000704c00000| Complete 
|  39|0x0000000704e00000, 0x0000000705000000, 0x0000000705000000|100%|HC|  |TAMS 0x0000000705000000| PB 0x0000000704e00000| Complete 
|  40|0x0000000705000000, 0x0000000705200000, 0x0000000705200000|100%| O|  |TAMS 0x0000000705200000| PB 0x0000000705000000| Untracked 
|  41|0x0000000705200000, 0x0000000705400000, 0x0000000705400000|100%| O|  |TAMS 0x0000000705400000| PB 0x0000000705200000| Untracked 
|  42|0x0000000705400000, 0x0000000705600000, 0x0000000705600000|100%| O|  |TAMS 0x0000000705600000| PB 0x0000000705400000| Untracked 
|  43|0x0000000705600000, 0x0000000705800000, 0x0000000705800000|100%| O|  |TAMS 0x0000000705800000| PB 0x0000000705600000| Untracked 
|  44|0x0000000705800000, 0x0000000705a00000, 0x0000000705a00000|100%| O|  |TAMS 0x0000000705a00000| PB 0x0000000705800000| Untracked 
|  45|0x0000000705a00000, 0x0000000705c00000, 0x0000000705c00000|100%| O|  |TAMS 0x0000000705c00000| PB 0x0000000705a00000| Untracked 
|  46|0x0000000705c00000, 0x0000000705e00000, 0x0000000705e00000|100%| O|  |TAMS 0x0000000705e00000| PB 0x0000000705c00000| Untracked 
|  47|0x0000000705e00000, 0x0000000706000000, 0x0000000706000000|100%| O|  |TAMS 0x0000000706000000| PB 0x0000000705e00000| Untracked 
|  48|0x0000000706000000, 0x0000000706200000, 0x0000000706200000|100%| O|  |TAMS 0x0000000706200000| PB 0x0000000706000000| Untracked 
|  49|0x0000000706200000, 0x0000000706400000, 0x0000000706400000|100%| O|  |TAMS 0x0000000706400000| PB 0x0000000706200000| Untracked 
|  50|0x0000000706400000, 0x0000000706600000, 0x0000000706600000|100%| O|  |TAMS 0x0000000706600000| PB 0x0000000706400000| Untracked 
|  51|0x0000000706600000, 0x0000000706800000, 0x0000000706800000|100%| O|  |TAMS 0x0000000706800000| PB 0x0000000706600000| Untracked 
|  52|0x0000000706800000, 0x0000000706a00000, 0x0000000706a00000|100%| O|  |TAMS 0x0000000706a00000| PB 0x0000000706800000| Untracked 
|  53|0x0000000706a00000, 0x0000000706c00000, 0x0000000706c00000|100%| O|  |TAMS 0x0000000706c00000| PB 0x0000000706a00000| Untracked 
|  54|0x0000000706c00000, 0x0000000706e00000, 0x0000000706e00000|100%| O|  |TAMS 0x0000000706e00000| PB 0x0000000706c00000| Untracked 
|  55|0x0000000706e00000, 0x0000000707000000, 0x0000000707000000|100%| O|  |TAMS 0x0000000707000000| PB 0x0000000706e00000| Untracked 
|  56|0x0000000707000000, 0x0000000707200000, 0x0000000707200000|100%| O|  |TAMS 0x0000000707200000| PB 0x0000000707000000| Untracked 
|  57|0x0000000707200000, 0x0000000707400000, 0x0000000707400000|100%| O|  |TAMS 0x0000000707400000| PB 0x0000000707200000| Untracked 
|  58|0x0000000707400000, 0x0000000707600000, 0x0000000707600000|100%| O|  |TAMS 0x0000000707600000| PB 0x0000000707400000| Untracked 
|  59|0x0000000707600000, 0x0000000707800000, 0x0000000707800000|100%| O|  |TAMS 0x0000000707800000| PB 0x0000000707600000| Untracked 
|  60|0x0000000707800000, 0x0000000707a00000, 0x0000000707a00000|100%| O|  |TAMS 0x0000000707a00000| PB 0x0000000707800000| Untracked 
|  61|0x0000000707a00000, 0x0000000707c00000, 0x0000000707c00000|100%| O|  |TAMS 0x0000000707c00000| PB 0x0000000707a00000| Untracked 
|  62|0x0000000707c00000, 0x0000000707e00000, 0x0000000707e00000|100%| O|  |TAMS 0x0000000707e00000| PB 0x0000000707c00000| Untracked 
|  63|0x0000000707e00000, 0x0000000708000000, 0x0000000708000000|100%| O|  |TAMS 0x0000000708000000| PB 0x0000000707e00000| Untracked 
|  64|0x0000000708000000, 0x0000000708200000, 0x0000000708200000|100%|HS|  |TAMS 0x0000000708200000| PB 0x0000000708000000| Complete 
|  65|0x0000000708200000, 0x0000000708400000, 0x0000000708400000|100%| O|  |TAMS 0x0000000708400000| PB 0x0000000708200000| Untracked 
|  66|0x0000000708400000, 0x0000000708600000, 0x0000000708600000|100%| O|  |TAMS 0x0000000708600000| PB 0x0000000708400000| Untracked 
|  67|0x0000000708600000, 0x0000000708800000, 0x0000000708800000|100%| O|  |TAMS 0x0000000708800000| PB 0x0000000708600000| Untracked 
|  68|0x0000000708800000, 0x0000000708a00000, 0x0000000708a00000|100%| O|  |TAMS 0x0000000708a00000| PB 0x0000000708800000| Untracked 
|  69|0x0000000708a00000, 0x0000000708c00000, 0x0000000708c00000|100%| O|  |TAMS 0x0000000708c00000| PB 0x0000000708a00000| Untracked 
|  70|0x0000000708c00000, 0x0000000708e00000, 0x0000000708e00000|100%| O|  |TAMS 0x0000000708e00000| PB 0x0000000708c00000| Untracked 
|  71|0x0000000708e00000, 0x0000000709000000, 0x0000000709000000|100%| O|  |TAMS 0x0000000709000000| PB 0x0000000708e00000| Untracked 
|  72|0x0000000709000000, 0x0000000709200000, 0x0000000709200000|100%| O|  |TAMS 0x0000000709200000| PB 0x0000000709000000| Untracked 
|  73|0x0000000709200000, 0x0000000709400000, 0x0000000709400000|100%| O|  |TAMS 0x0000000709400000| PB 0x0000000709200000| Untracked 
|  74|0x0000000709400000, 0x0000000709600000, 0x0000000709600000|100%| O|  |TAMS 0x0000000709400000| PB 0x0000000709400000| Untracked 
|  75|0x0000000709600000, 0x0000000709800000, 0x0000000709800000|100%| O|  |TAMS 0x0000000709600000| PB 0x0000000709600000| Untracked 
|  76|0x0000000709800000, 0x0000000709a00000, 0x0000000709a00000|100%| O|  |TAMS 0x0000000709800000| PB 0x0000000709800000| Untracked 
|  77|0x0000000709a00000, 0x0000000709c00000, 0x0000000709c00000|100%| O|  |TAMS 0x0000000709a00000| PB 0x0000000709a00000| Untracked 
|  78|0x0000000709c00000, 0x0000000709e00000, 0x0000000709e00000|100%| O|  |TAMS 0x0000000709c00000| PB 0x0000000709c00000| Untracked 
|  79|0x0000000709e00000, 0x000000070a000000, 0x000000070a000000|100%| O|  |TAMS 0x0000000709e00000| PB 0x0000000709e00000| Untracked 
|  80|0x000000070a000000, 0x000000070a0aca80, 0x000000070a200000| 33%| O|  |TAMS 0x000000070a000000| PB 0x000000070a000000| Untracked 
|  81|0x000000070a200000, 0x000000070a200000, 0x000000070a400000|  0%| F|  |TAMS 0x000000070a200000| PB 0x000000070a200000| Untracked 
|  82|0x000000070a400000, 0x000000070a400000, 0x000000070a600000|  0%| F|  |TAMS 0x000000070a400000| PB 0x000000070a400000| Untracked 
|  83|0x000000070a600000, 0x000000070a600000, 0x000000070a800000|  0%| F|  |TAMS 0x000000070a600000| PB 0x000000070a600000| Untracked 
|  84|0x000000070a800000, 0x000000070a800000, 0x000000070aa00000|  0%| F|  |TAMS 0x000000070a800000| PB 0x000000070a800000| Untracked 
|  85|0x000000070aa00000, 0x000000070aa00000, 0x000000070ac00000|  0%| F|  |TAMS 0x000000070aa00000| PB 0x000000070aa00000| Untracked 
|  86|0x000000070ac00000, 0x000000070ac00000, 0x000000070ae00000|  0%| F|  |TAMS 0x000000070ac00000| PB 0x000000070ac00000| Untracked 
|  87|0x000000070ae00000, 0x000000070ae00000, 0x000000070b000000|  0%| F|  |TAMS 0x000000070ae00000| PB 0x000000070ae00000| Untracked 
|  88|0x000000070b000000, 0x000000070b000000, 0x000000070b200000|  0%| F|  |TAMS 0x000000070b000000| PB 0x000000070b000000| Untracked 
|  89|0x000000070b200000, 0x000000070b200000, 0x000000070b400000|  0%| F|  |TAMS 0x000000070b200000| PB 0x000000070b200000| Untracked 
|  90|0x000000070b400000, 0x000000070b400000, 0x000000070b600000|  0%| F|  |TAMS 0x000000070b400000| PB 0x000000070b400000| Untracked 
|  91|0x000000070b600000, 0x000000070b600000, 0x000000070b800000|  0%| F|  |TAMS 0x000000070b600000| PB 0x000000070b600000| Untracked 
|  92|0x000000070b800000, 0x000000070b800000, 0x000000070ba00000|  0%| F|  |TAMS 0x000000070b800000| PB 0x000000070b800000| Untracked 
|  93|0x000000070ba00000, 0x000000070ba00000, 0x000000070bc00000|  0%| F|  |TAMS 0x000000070ba00000| PB 0x000000070ba00000| Untracked 
|  94|0x000000070bc00000, 0x000000070bc00000, 0x000000070be00000|  0%| F|  |TAMS 0x000000070bc00000| PB 0x000000070bc00000| Untracked 
|  95|0x000000070be00000, 0x000000070be00000, 0x000000070c000000|  0%| F|  |TAMS 0x000000070be00000| PB 0x000000070be00000| Untracked 
|  96|0x000000070c000000, 0x000000070c000000, 0x000000070c200000|  0%| F|  |TAMS 0x000000070c000000| PB 0x000000070c000000| Untracked 
|  97|0x000000070c200000, 0x000000070c200000, 0x000000070c400000|  0%| F|  |TAMS 0x000000070c200000| PB 0x000000070c200000| Untracked 
|  98|0x000000070c400000, 0x000000070c400000, 0x000000070c600000|  0%| F|  |TAMS 0x000000070c400000| PB 0x000000070c400000| Untracked 
|  99|0x000000070c600000, 0x000000070c600000, 0x000000070c800000|  0%| F|  |TAMS 0x000000070c600000| PB 0x000000070c600000| Untracked 
| 100|0x000000070c800000, 0x000000070c800000, 0x000000070ca00000|  0%| F|  |TAMS 0x000000070c800000| PB 0x000000070c800000| Untracked 
| 101|0x000000070ca00000, 0x000000070ca00000, 0x000000070cc00000|  0%| F|  |TAMS 0x000000070ca00000| PB 0x000000070ca00000| Untracked 
| 102|0x000000070cc00000, 0x000000070cc00000, 0x000000070ce00000|  0%| F|  |TAMS 0x000000070cc00000| PB 0x000000070cc00000| Untracked 
| 103|0x000000070ce00000, 0x000000070ce00000, 0x000000070d000000|  0%| F|  |TAMS 0x000000070ce00000| PB 0x000000070ce00000| Untracked 
| 104|0x000000070d000000, 0x000000070d000000, 0x000000070d200000|  0%| F|  |TAMS 0x000000070d000000| PB 0x000000070d000000| Untracked 
| 105|0x000000070d200000, 0x000000070d200000, 0x000000070d400000|  0%| F|  |TAMS 0x000000070d200000| PB 0x000000070d200000| Untracked 
| 106|0x000000070d400000, 0x000000070d400000, 0x000000070d600000|  0%| F|  |TAMS 0x000000070d400000| PB 0x000000070d400000| Untracked 
| 107|0x000000070d600000, 0x000000070d600000, 0x000000070d800000|  0%| F|  |TAMS 0x000000070d600000| PB 0x000000070d600000| Untracked 
| 108|0x000000070d800000, 0x000000070d800000, 0x000000070da00000|  0%| F|  |TAMS 0x000000070d800000| PB 0x000000070d800000| Untracked 
| 109|0x000000070da00000, 0x000000070da00000, 0x000000070dc00000|  0%| F|  |TAMS 0x000000070da00000| PB 0x000000070da00000| Untracked 
| 110|0x000000070dc00000, 0x000000070dc00000, 0x000000070de00000|  0%| F|  |TAMS 0x000000070dc00000| PB 0x000000070dc00000| Untracked 
| 111|0x000000070de00000, 0x000000070de00000, 0x000000070e000000|  0%| F|  |TAMS 0x000000070de00000| PB 0x000000070de00000| Untracked 
| 112|0x000000070e000000, 0x000000070e000000, 0x000000070e200000|  0%| F|  |TAMS 0x000000070e000000| PB 0x000000070e000000| Untracked 
| 113|0x000000070e200000, 0x000000070e200000, 0x000000070e400000|  0%| F|  |TAMS 0x000000070e200000| PB 0x000000070e200000| Untracked 
| 114|0x000000070e400000, 0x000000070e400000, 0x000000070e600000|  0%| F|  |TAMS 0x000000070e400000| PB 0x000000070e400000| Untracked 
| 115|0x000000070e600000, 0x000000070e600000, 0x000000070e800000|  0%| F|  |TAMS 0x000000070e600000| PB 0x000000070e600000| Untracked 
| 116|0x000000070e800000, 0x000000070e800000, 0x000000070ea00000|  0%| F|  |TAMS 0x000000070e800000| PB 0x000000070e800000| Untracked 
| 117|0x000000070ea00000, 0x000000070ea00000, 0x000000070ec00000|  0%| F|  |TAMS 0x000000070ea00000| PB 0x000000070ea00000| Untracked 
| 118|0x000000070ec00000, 0x000000070ec00000, 0x000000070ee00000|  0%| F|  |TAMS 0x000000070ec00000| PB 0x000000070ec00000| Untracked 
| 119|0x000000070ee00000, 0x000000070ee00000, 0x000000070f000000|  0%| F|  |TAMS 0x000000070ee00000| PB 0x000000070ee00000| Untracked 
| 120|0x000000070f000000, 0x000000070f000000, 0x000000070f200000|  0%| F|  |TAMS 0x000000070f000000| PB 0x000000070f000000| Untracked 
| 121|0x000000070f200000, 0x000000070f200000, 0x000000070f400000|  0%| F|  |TAMS 0x000000070f200000| PB 0x000000070f200000| Untracked 
| 122|0x000000070f400000, 0x000000070f400000, 0x000000070f600000|  0%| F|  |TAMS 0x000000070f400000| PB 0x000000070f400000| Untracked 
| 123|0x000000070f600000, 0x000000070f600000, 0x000000070f800000|  0%| F|  |TAMS 0x000000070f600000| PB 0x000000070f600000| Untracked 
| 124|0x000000070f800000, 0x000000070f800000, 0x000000070fa00000|  0%| F|  |TAMS 0x000000070f800000| PB 0x000000070f800000| Untracked 
| 125|0x000000070fa00000, 0x000000070fa00000, 0x000000070fc00000|  0%| F|  |TAMS 0x000000070fa00000| PB 0x000000070fa00000| Untracked 
| 126|0x000000070fc00000, 0x000000070fc00000, 0x000000070fe00000|  0%| F|  |TAMS 0x000000070fc00000| PB 0x000000070fc00000| Untracked 
| 127|0x000000070fe00000, 0x000000070fe00000, 0x0000000710000000|  0%| F|  |TAMS 0x000000070fe00000| PB 0x000000070fe00000| Untracked 
| 128|0x0000000710000000, 0x0000000710000000, 0x0000000710200000|  0%| F|  |TAMS 0x0000000710000000| PB 0x0000000710000000| Untracked 
| 129|0x0000000710200000, 0x0000000710200000, 0x0000000710400000|  0%| F|  |TAMS 0x0000000710200000| PB 0x0000000710200000| Untracked 
| 130|0x0000000710400000, 0x0000000710400000, 0x0000000710600000|  0%| F|  |TAMS 0x0000000710400000| PB 0x0000000710400000| Untracked 
| 131|0x0000000710600000, 0x0000000710600000, 0x0000000710800000|  0%| F|  |TAMS 0x0000000710600000| PB 0x0000000710600000| Untracked 
| 132|0x0000000710800000, 0x0000000710800000, 0x0000000710a00000|  0%| F|  |TAMS 0x0000000710800000| PB 0x0000000710800000| Untracked 
| 133|0x0000000710a00000, 0x0000000710a00000, 0x0000000710c00000|  0%| F|  |TAMS 0x0000000710a00000| PB 0x0000000710a00000| Untracked 
| 134|0x0000000710c00000, 0x0000000710c00000, 0x0000000710e00000|  0%| F|  |TAMS 0x0000000710c00000| PB 0x0000000710c00000| Untracked 
| 135|0x0000000710e00000, 0x0000000710e00000, 0x0000000711000000|  0%| F|  |TAMS 0x0000000710e00000| PB 0x0000000710e00000| Untracked 
| 136|0x0000000711000000, 0x0000000711000000, 0x0000000711200000|  0%| F|  |TAMS 0x0000000711000000| PB 0x0000000711000000| Untracked 
| 137|0x0000000711200000, 0x0000000711200000, 0x0000000711400000|  0%| F|  |TAMS 0x0000000711200000| PB 0x0000000711200000| Untracked 
| 138|0x0000000711400000, 0x0000000711400000, 0x0000000711600000|  0%| F|  |TAMS 0x0000000711400000| PB 0x0000000711400000| Untracked 
| 139|0x0000000711600000, 0x0000000711600000, 0x0000000711800000|  0%| F|  |TAMS 0x0000000711600000| PB 0x0000000711600000| Untracked 
| 140|0x0000000711800000, 0x0000000711854380, 0x0000000711a00000| 16%| S|CS|TAMS 0x0000000711800000| PB 0x0000000711800000| Complete 
| 141|0x0000000711a00000, 0x0000000711c00000, 0x0000000711c00000|100%| S|CS|TAMS 0x0000000711a00000| PB 0x0000000711a00000| Complete 
| 142|0x0000000711c00000, 0x0000000711c00000, 0x0000000711e00000|  0%| F|  |TAMS 0x0000000711c00000| PB 0x0000000711c00000| Untracked 
| 143|0x0000000711e00000, 0x0000000711e00000, 0x0000000712000000|  0%| F|  |TAMS 0x0000000711e00000| PB 0x0000000711e00000| Untracked 
| 144|0x0000000712000000, 0x0000000712000000, 0x0000000712200000|  0%| F|  |TAMS 0x0000000712000000| PB 0x0000000712000000| Untracked 
| 145|0x0000000712200000, 0x0000000712200000, 0x0000000712400000|  0%| F|  |TAMS 0x0000000712200000| PB 0x0000000712200000| Untracked 
| 146|0x0000000712400000, 0x0000000712400000, 0x0000000712600000|  0%| F|  |TAMS 0x0000000712400000| PB 0x0000000712400000| Untracked 
| 147|0x0000000712600000, 0x0000000712600000, 0x0000000712800000|  0%| F|  |TAMS 0x0000000712600000| PB 0x0000000712600000| Untracked 
| 148|0x0000000712800000, 0x0000000712800000, 0x0000000712a00000|  0%| F|  |TAMS 0x0000000712800000| PB 0x0000000712800000| Untracked 
| 149|0x0000000712a00000, 0x0000000712a00000, 0x0000000712c00000|  0%| F|  |TAMS 0x0000000712a00000| PB 0x0000000712a00000| Untracked 
| 150|0x0000000712c00000, 0x0000000712c00000, 0x0000000712e00000|  0%| F|  |TAMS 0x0000000712c00000| PB 0x0000000712c00000| Untracked 
| 151|0x0000000712e00000, 0x0000000712e00000, 0x0000000713000000|  0%| F|  |TAMS 0x0000000712e00000| PB 0x0000000712e00000| Untracked 
| 152|0x0000000713000000, 0x0000000713000000, 0x0000000713200000|  0%| F|  |TAMS 0x0000000713000000| PB 0x0000000713000000| Untracked 
| 153|0x0000000713200000, 0x0000000713200000, 0x0000000713400000|  0%| F|  |TAMS 0x0000000713200000| PB 0x0000000713200000| Untracked 
|2035|0x00000007fe600000, 0x00000007fe800000, 0x00000007fe800000|100%| O|  |TAMS 0x00000007fe800000| PB 0x00000007fe600000| Untracked 
|2036|0x00000007fe800000, 0x00000007fea00000, 0x00000007fea00000|100%| O|  |TAMS 0x00000007fea00000| PB 0x00000007fe800000| Untracked 
|2037|0x00000007fea00000, 0x00000007fea00000, 0x00000007fec00000|  0%| F|  |TAMS 0x00000007fea00000| PB 0x00000007fea00000| Untracked 
|2038|0x00000007fec00000, 0x00000007fee00000, 0x00000007fee00000|100%| O|  |TAMS 0x00000007fee00000| PB 0x00000007fec00000| Untracked 
|2039|0x00000007fee00000, 0x00000007fee00000, 0x00000007ff000000|  0%| F|  |TAMS 0x00000007fee00000| PB 0x00000007fee00000| Untracked 
|2040|0x00000007ff000000, 0x00000007ff200000, 0x00000007ff200000|100%| O|  |TAMS 0x00000007ff200000| PB 0x00000007ff000000| Untracked 
|2041|0x00000007ff200000, 0x00000007ff400000, 0x00000007ff400000|100%| O|  |TAMS 0x00000007ff400000| PB 0x00000007ff200000| Untracked 
|2042|0x00000007ff400000, 0x00000007ff400000, 0x00000007ff600000|  0%| F|  |TAMS 0x00000007ff400000| PB 0x00000007ff400000| Untracked 
|2043|0x00000007ff600000, 0x00000007ff600000, 0x00000007ff800000|  0%| F|  |TAMS 0x00000007ff600000| PB 0x00000007ff600000| Untracked 
|2044|0x00000007ff800000, 0x00000007ff800000, 0x00000007ffa00000|  0%| F|  |TAMS 0x00000007ff800000| PB 0x00000007ff800000| Untracked 
|2045|0x00000007ffa00000, 0x00000007ffa00000, 0x00000007ffc00000|  0%| F|  |TAMS 0x00000007ffa00000| PB 0x00000007ffa00000| Untracked 
|2046|0x00000007ffc00000, 0x00000007ffc00000, 0x00000007ffe00000|  0%| F|  |TAMS 0x00000007ffc00000| PB 0x00000007ffc00000| Untracked 
|2047|0x00000007ffe00000, 0x00000007ffe00000, 0x0000000800000000|  0%| F|  |TAMS 0x00000007ffe00000| PB 0x00000007ffe00000| Untracked 

Card table byte_map: [0x000001c0ff220000,0x000001c0ffa20000] _byte_map_base: 0x000001c0fba20000

Marking Bits: (CMBitMap*) 0x000001c0fb923990
 Bits: [0x000001c08f000000, 0x000001c093000000)

Polling page: 0x000001c0f9700000

Metaspace:

Usage:
  Non-class:    118.84 MB used.
      Class:     18.12 MB used.
       Both:    136.96 MB used.

Virtual space:
  Non-class space:      128.00 MB reserved,     119.94 MB ( 94%) committed,  2 nodes.
      Class space:        1.00 GB reserved,      19.25 MB (  2%) committed,  1 nodes.
             Both:        1.12 GB reserved,     139.19 MB ( 12%) committed. 

Chunk freelists:
   Non-Class:  7.89 MB
       Class:  12.78 MB
        Both:  20.67 MB

MaxMetaspaceSize: unlimited
CompressedClassSpaceSize: 1.00 GB
Initial GC threshold: 21.00 MB
Current GC threshold: 188.25 MB
CDS: off
 - commit_granule_bytes: 65536.
 - commit_granule_words: 8192.
 - virtual_space_node_default_size: 8388608.
 - enlarge_chunks_in_place: 1.
 - use_allocation_guard: 0.


Internal statistics:

num_allocs_failed_limit: 6.
num_arena_births: 4790.
num_arena_deaths: 0.
num_vsnodes_births: 3.
num_vsnodes_deaths: 0.
num_space_committed: 2224.
num_space_uncommitted: 0.
num_chunks_returned_to_freelist: 6.
num_chunks_taken_from_freelist: 11208.
num_chunk_merges: 3.
num_chunk_splits: 7081.
num_chunks_enlarged: 4231.
num_inconsistent_stats: 0.

CodeHeap 'non-profiled nmethods': size=120000Kb used=13292Kb max_used=13292Kb free=106708Kb
 bounds [0x000001c087ad0000, 0x000001c0887d0000, 0x000001c08f000000]
CodeHeap 'profiled nmethods': size=120000Kb used=39272Kb max_used=39272Kb free=80727Kb
 bounds [0x000001c080000000, 0x000001c082660000, 0x000001c087530000]
CodeHeap 'non-nmethods': size=5760Kb used=2272Kb max_used=2308Kb free=3487Kb
 bounds [0x000001c087530000, 0x000001c0877a0000, 0x000001c087ad0000]
CodeCache: size=245760Kb, used=54836Kb, max_used=54872Kb, free=190922Kb
 total_blobs=19081, nmethods=18175, adapters=807, full_count=0
Compilation: enabled, stopped_count=0, restarted_count=0

Compilation events (20 events):
Event: 234.762 Thread 0x000001c09518e810 21683       3       com.android.tools.r8.internal.fi1::b (37 bytes)
Event: 234.762 Thread 0x000001c09518e810 nmethod 21683 0x000001c082650190 code [0x000001c082650340, 0x000001c082650568]
Event: 234.762 Thread 0x000001c09518e810 21684       3       com.android.tools.r8.internal.a52::a (120 bytes)
Event: 234.765 Thread 0x000001c09518e810 nmethod 21684 0x000001c082650690 code [0x000001c082650ac0, 0x000001c082652ae0]
Event: 234.765 Thread 0x000001c09518e810 21685       3       com.android.tools.r8.internal.lw::a (94 bytes)
Event: 234.768 Thread 0x000001c09518e810 nmethod 21685 0x000001c082653690 code [0x000001c082653a40, 0x000001c0826551d0]
Event: 234.768 Thread 0x000001c09518e810 21686       3       com.android.tools.r8.internal.wz::a (134 bytes)
Event: 234.768 Thread 0x000001c095189c10 21688       4       java.lang.invoke.Invokers$Holder::linkToTargetMethod (15 bytes)
Event: 234.769 Thread 0x000001c095189c10 nmethod 21688 0x000001c0887cac90 code [0x000001c0887cae20, 0x000001c0887caf38]
Event: 234.769 Thread 0x000001c09518e810 nmethod 21686 0x000001c082655a90 code [0x000001c082655de0, 0x000001c082657038]
Event: 234.769 Thread 0x000001c09518e810 21687       3       com.android.tools.r8.internal.hn::a (47 bytes)
Event: 234.769 Thread 0x000001c09518e810 nmethod 21687 0x000001c082657710 code [0x000001c082657900, 0x000001c082657be0]
Event: 234.769 Thread 0x000001c09518e810 21689       3       com.android.tools.r8.internal.hn::v (5 bytes)
Event: 234.769 Thread 0x000001c09518e810 nmethod 21689 0x000001c082657d90 code [0x000001c082657f40, 0x000001c082658078]
Event: 234.770 Thread 0x000001c09518e810 21690       3       com.android.tools.r8.graph.n6::iterator (56 bytes)
Event: 234.770 Thread 0x000001c09518e810 nmethod 21690 0x000001c082658110 code [0x000001c082658320, 0x000001c0826588d8]
Event: 234.771 Thread 0x000001c09518e810 21691       3       com.android.tools.r8.internal.vv::<init> (100 bytes)
Event: 234.771 Thread 0x000001c09518e810 nmethod 21691 0x000001c082658b90 code [0x000001c082658d60, 0x000001c082659190]
Event: 234.771 Thread 0x000001c09518e810 21692       3       com.android.tools.r8.internal.a52::i (95 bytes)
Event: 234.772 Thread 0x000001c09518e810 nmethod 21692 0x000001c082659310 code [0x000001c082659560, 0x000001c082659e10]

GC Heap History (20 events):
Event: 76.332 GC heap after
{Heap after GC invocations=61 (full 0):
 garbage-first heap   total 268288K, used 126354K [0x0000000700000000, 0x0000000800000000)
  region size 2048K, 6 young (12288K), 6 survivors (12288K)
 Metaspace       used 103180K, committed 105280K, reserved 1179648K
  class space    used 13802K, committed 14848K, reserved 1048576K
}
Event: 193.885 GC heap before
{Heap before GC invocations=62 (full 0):
 garbage-first heap   total 268288K, used 238994K [0x0000000700000000, 0x0000000800000000)
  region size 2048K, 60 young (122880K), 6 survivors (12288K)
 Metaspace       used 111105K, committed 113344K, reserved 1179648K
  class space    used 14641K, committed 15744K, reserved 1048576K
}
Event: 194.538 GC heap after
{Heap after GC invocations=63 (full 0):
 garbage-first heap   total 268288K, used 136949K [0x0000000700000000, 0x0000000800000000)
  region size 2048K, 7 young (14336K), 7 survivors (14336K)
 Metaspace       used 111105K, committed 113344K, reserved 1179648K
  class space    used 14641K, committed 15744K, reserved 1048576K
}
Event: 204.344 GC heap before
{Heap before GC invocations=63 (full 0):
 garbage-first heap   total 268288K, used 239349K [0x0000000700000000, 0x0000000800000000)
  region size 2048K, 58 young (118784K), 7 survivors (14336K)
 Metaspace       used 113209K, committed 115456K, reserved 1179648K
  class space    used 14898K, committed 16000K, reserved 1048576K
}
Event: 204.556 GC heap after
{Heap after GC invocations=64 (full 0):
 garbage-first heap   total 272384K, used 138821K [0x0000000700000000, 0x0000000800000000)
  region size 2048K, 8 young (16384K), 8 survivors (16384K)
 Metaspace       used 113209K, committed 115456K, reserved 1179648K
  class space    used 14898K, committed 16000K, reserved 1048576K
}
Event: 204.571 GC heap before
{Heap before GC invocations=64 (full 0):
 garbage-first heap   total 272384K, used 140869K [0x0000000700000000, 0x0000000800000000)
  region size 2048K, 9 young (18432K), 8 survivors (16384K)
 Metaspace       used 113210K, committed 115456K, reserved 1179648K
  class space    used 14898K, committed 16000K, reserved 1048576K
}
Event: 204.662 GC heap after
{Heap after GC invocations=65 (full 0):
 garbage-first heap   total 272384K, used 143966K [0x0000000700000000, 0x0000000800000000)
  region size 2048K, 2 young (4096K), 2 survivors (4096K)
 Metaspace       used 113210K, committed 115456K, reserved 1179648K
  class space    used 14898K, committed 16000K, reserved 1048576K
}
Event: 211.142 GC heap before
{Heap before GC invocations=66 (full 0):
 garbage-first heap   total 272384K, used 160350K [0x0000000700000000, 0x0000000800000000)
  region size 2048K, 10 young (20480K), 2 survivors (4096K)
 Metaspace       used 114848K, committed 117056K, reserved 1179648K
  class space    used 15117K, committed 16256K, reserved 1048576K
}
Event: 211.187 GC heap after
{Heap after GC invocations=67 (full 0):
 garbage-first heap   total 272384K, used 146862K [0x0000000700000000, 0x0000000800000000)
  region size 2048K, 2 young (4096K), 2 survivors (4096K)
 Metaspace       used 114848K, committed 117056K, reserved 1179648K
  class space    used 15117K, committed 16256K, reserved 1048576K
}
Event: 213.918 GC heap before
{Heap before GC invocations=67 (full 0):
 garbage-first heap   total 272384K, used 202158K [0x0000000700000000, 0x0000000800000000)
  region size 2048K, 28 young (57344K), 2 survivors (4096K)
 Metaspace       used 120854K, committed 123136K, reserved 1179648K
  class space    used 15859K, committed 17024K, reserved 1048576K
}
Event: 213.956 GC heap after
{Heap after GC invocations=68 (full 0):
 garbage-first heap   total 342016K, used 161792K [0x0000000700000000, 0x0000000800000000)
  region size 2048K, 4 young (8192K), 4 survivors (8192K)
 Metaspace       used 120854K, committed 123136K, reserved 1179648K
  class space    used 15859K, committed 17024K, reserved 1048576K
}
Event: 220.949 GC heap before
{Heap before GC invocations=68 (full 0):
 garbage-first heap   total 342016K, used 223232K [0x0000000700000000, 0x0000000800000000)
  region size 2048K, 34 young (69632K), 4 survivors (8192K)
 Metaspace       used 123426K, committed 125696K, reserved 1179648K
  class space    used 16111K, committed 17280K, reserved 1048576K
}
Event: 221.055 GC heap after
{Heap after GC invocations=69 (full 0):
 garbage-first heap   total 342016K, used 162031K [0x0000000700000000, 0x0000000800000000)
  region size 2048K, 3 young (6144K), 3 survivors (6144K)
 Metaspace       used 123426K, committed 125696K, reserved 1179648K
  class space    used 16111K, committed 17280K, reserved 1048576K
}
Event: 228.689 GC heap before
{Heap before GC invocations=69 (full 0):
 garbage-first heap   total 342016K, used 223471K [0x0000000700000000, 0x0000000800000000)
  region size 2048K, 34 young (69632K), 3 survivors (6144K)
 Metaspace       used 128354K, committed 130624K, reserved 1179648K
  class space    used 16819K, committed 17984K, reserved 1048576K
}
Event: 228.738 GC heap after
{Heap after GC invocations=70 (full 0):
 garbage-first heap   total 342016K, used 164440K [0x0000000700000000, 0x0000000800000000)
  region size 2048K, 2 young (4096K), 2 survivors (4096K)
 Metaspace       used 128354K, committed 130624K, reserved 1179648K
  class space    used 16819K, committed 17984K, reserved 1048576K
}
Event: 232.061 GC heap before
{Heap before GC invocations=70 (full 0):
 garbage-first heap   total 342016K, used 244312K [0x0000000700000000, 0x0000000800000000)
  region size 2048K, 42 young (86016K), 2 survivors (4096K)
 Metaspace       used 134831K, committed 137088K, reserved 1179648K
  class space    used 17813K, committed 18944K, reserved 1048576K
}
Event: 232.106 GC heap after
{Heap after GC invocations=71 (full 0):
 garbage-first heap   total 342016K, used 174080K [0x0000000700000000, 0x0000000800000000)
  region size 2048K, 6 young (12288K), 6 survivors (12288K)
 Metaspace       used 134831K, committed 137088K, reserved 1179648K
  class space    used 17813K, committed 18944K, reserved 1048576K
}
Event: 233.300 GC heap before
{Heap before GC invocations=71 (full 0):
 garbage-first heap   total 342016K, used 198656K [0x0000000700000000, 0x0000000800000000)
  region size 2048K, 19 young (38912K), 6 survivors (12288K)
 Metaspace       used 137936K, committed 140224K, reserved 1179648K
  class space    used 18333K, committed 19456K, reserved 1048576K
}
Event: 233.679 GC heap after
{Heap after GC invocations=72 (full 0):
 garbage-first heap   total 342016K, used 176767K [0x0000000700000000, 0x0000000800000000)
  region size 2048K, 1 young (2048K), 1 survivors (2048K)
 Metaspace       used 137936K, committed 140224K, reserved 1179648K
  class space    used 18333K, committed 19456K, reserved 1048576K
}
Event: 234.774 GC heap before
{Heap before GC invocations=72 (full 0):
 garbage-first heap   total 342016K, used 213631K [0x0000000700000000, 0x0000000800000000)
  region size 2048K, 20 young (40960K), 1 survivors (2048K)
 Metaspace       used 140249K, committed 142528K, reserved 1179648K
  class space    used 18555K, committed 19712K, reserved 1048576K
}

Dll operation events (3 events):
Event: 0.010 Loaded shared library D:\Android_studio\jbr\bin\java.dll
Event: 0.031 Loaded shared library D:\Android_studio\jbr\bin\zip.dll
Event: 4.576 Loaded shared library D:\Android_studio\jbr\bin\verify.dll

Deoptimization events (20 events):
Event: 234.555 Thread 0x000001c09e209c30 Uncommon trap: trap_request=0xffffffc6 fr.pc=0x000001c08874591c relative=0x00000000000001dc
Event: 234.555 Thread 0x000001c09e209c30 Uncommon trap: reason=bimorphic_or_optimized_type_check action=maybe_recompile pc=0x000001c08874591c method=com.android.tools.r8.internal.zr0.a(Lcom/android/tools/r8/internal/zr0;Ljava/lang/Object;)Z @ 51 c2
Event: 234.555 Thread 0x000001c09e209c30 DEOPT PACKING pc=0x000001c08874591c sp=0x000000b325afc840
Event: 234.555 Thread 0x000001c09e209c30 DEOPT UNPACKING pc=0x000001c087587ba2 sp=0x000000b325afc7e8 mode 2
Event: 234.556 Thread 0x000001c09e209c30 Uncommon trap: trap_request=0xffffffc6 fr.pc=0x000001c08874591c relative=0x00000000000001dc
Event: 234.556 Thread 0x000001c09e209c30 Uncommon trap: reason=bimorphic_or_optimized_type_check action=maybe_recompile pc=0x000001c08874591c method=com.android.tools.r8.internal.zr0.a(Lcom/android/tools/r8/internal/zr0;Ljava/lang/Object;)Z @ 51 c2
Event: 234.556 Thread 0x000001c09e209c30 DEOPT PACKING pc=0x000001c08874591c sp=0x000000b325afc890
Event: 234.556 Thread 0x000001c09e209c30 DEOPT UNPACKING pc=0x000001c087587ba2 sp=0x000000b325afc838 mode 2
Event: 234.556 Thread 0x000001c09e209c30 Uncommon trap: trap_request=0xffffffc6 fr.pc=0x000001c08874591c relative=0x00000000000001dc
Event: 234.556 Thread 0x000001c09e209c30 Uncommon trap: reason=bimorphic_or_optimized_type_check action=maybe_recompile pc=0x000001c08874591c method=com.android.tools.r8.internal.zr0.a(Lcom/android/tools/r8/internal/zr0;Ljava/lang/Object;)Z @ 51 c2
Event: 234.556 Thread 0x000001c09e209c30 DEOPT PACKING pc=0x000001c08874591c sp=0x000000b325afc880
Event: 234.556 Thread 0x000001c09e209c30 DEOPT UNPACKING pc=0x000001c087587ba2 sp=0x000000b325afc828 mode 2
Event: 234.587 Thread 0x000001c09e20c390 Uncommon trap: trap_request=0xffffffde fr.pc=0x000001c087ef2318 relative=0x0000000000000078
Event: 234.587 Thread 0x000001c09e20c390 Uncommon trap: reason=class_check action=maybe_recompile pc=0x000001c087ef2318 method=java.lang.invoke.Invokers$Holder.linkToTargetMethod(Ljava/lang/Object;Ljava/lang/Object;Ljava/lang/Object;Ljava/lang/Object;Ljava/lang/Object;)Ljava/lang/Object; @ 2 c2
Event: 234.587 Thread 0x000001c09e20c390 DEOPT PACKING pc=0x000001c087ef2318 sp=0x000000b3258fc750
Event: 234.587 Thread 0x000001c09e20c390 DEOPT UNPACKING pc=0x000001c087587ba2 sp=0x000000b3258fc700 mode 2
Event: 234.621 Thread 0x000001c09e2095a0 Uncommon trap: trap_request=0xffffff45 fr.pc=0x000001c0887a5648 relative=0x0000000000000948
Event: 234.621 Thread 0x000001c09e2095a0 Uncommon trap: reason=unstable_if action=reinterpret pc=0x000001c0887a5648 method=java.util.IdentityHashMap.closeDeletion(I)V @ 61 c2
Event: 234.621 Thread 0x000001c09e2095a0 DEOPT PACKING pc=0x000001c0887a5648 sp=0x000000b3259fc5a0
Event: 234.621 Thread 0x000001c09e2095a0 DEOPT UNPACKING pc=0x000001c087587ba2 sp=0x000000b3259fc4a8 mode 2

Classes loaded (20 events):
Event: 226.312 Loading class java/util/stream/IntPipeline$1
Event: 226.313 Loading class java/util/stream/IntPipeline$1 done
Event: 226.322 Loading class java/util/stream/IntPipeline$1$1
Event: 226.323 Loading class java/util/stream/Sink$ChainedInt
Event: 226.324 Loading class java/util/stream/Sink$ChainedInt done
Event: 226.324 Loading class java/util/stream/IntPipeline$1$1 done
Event: 226.498 Loading class java/util/concurrent/RejectedExecutionException
Event: 226.581 Loading class java/util/concurrent/RejectedExecutionException done
Event: 232.995 Loading class java/util/IdentityHashMap$EntrySet
Event: 232.996 Loading class java/util/IdentityHashMap$EntrySet done
Event: 232.996 Loading class java/util/IdentityHashMap$EntrySpliterator
Event: 233.004 Loading class java/util/IdentityHashMap$IdentityHashMapSpliterator
Event: 233.005 Loading class java/util/IdentityHashMap$IdentityHashMapSpliterator done
Event: 233.005 Loading class java/util/IdentityHashMap$EntrySpliterator done
Event: 233.007 Loading class java/util/stream/SortedOps$RefSortingSink
Event: 233.007 Loading class java/util/stream/SortedOps$RefSortingSink done
Event: 233.067 Loading class java/util/SortedSet$1
Event: 233.068 Loading class java/util/SortedSet$1 done
Event: 233.152 Loading class java/util/IdentityHashMap$ValueIterator
Event: 233.153 Loading class java/util/IdentityHashMap$ValueIterator done

Classes unloaded (0 events):
No events

Classes redefined (0 events):
No events

Internal exceptions (20 events):
Event: 234.600 Thread 0x000001c09e209c30 Exception <a 'sun/nio/fs/WindowsException'{0x0000000712752a20}> (0x0000000712752a20) 
thrown [s\src\hotspot\share\prims\jni.cpp, line 537]
Event: 234.642 Thread 0x000001c09e20c390 Exception <a 'sun/nio/fs/WindowsException'{0x000000071247a080}> (0x000000071247a080) 
thrown [s\src\hotspot\share\prims\jni.cpp, line 537]
Event: 234.661 Thread 0x000001c09e20c390 Exception <a 'sun/nio/fs/WindowsException'{0x00000007124811a8}> (0x00000007124811a8) 
thrown [s\src\hotspot\share\prims\jni.cpp, line 537]
Event: 234.662 Thread 0x000001c09e20c390 Exception <a 'sun/nio/fs/WindowsException'{0x00000007124899c8}> (0x00000007124899c8) 
thrown [s\src\hotspot\share\prims\jni.cpp, line 537]
Event: 234.664 Thread 0x000001c09e20c390 Exception <a 'sun/nio/fs/WindowsException'{0x0000000712228cb0}> (0x0000000712228cb0) 
thrown [s\src\hotspot\share\prims\jni.cpp, line 537]
Event: 234.668 Thread 0x000001c09e209c30 Exception <a 'sun/nio/fs/WindowsException'{0x000000071276d540}> (0x000000071276d540) 
thrown [s\src\hotspot\share\prims\jni.cpp, line 537]
Event: 234.669 Thread 0x000001c09e20c390 Exception <a 'sun/nio/fs/WindowsException'{0x00000007122395d8}> (0x00000007122395d8) 
thrown [s\src\hotspot\share\prims\jni.cpp, line 537]
Event: 234.679 Thread 0x000001c09e20c390 Exception <a 'sun/nio/fs/WindowsException'{0x0000000712294ec8}> (0x0000000712294ec8) 
thrown [s\src\hotspot\share\prims\jni.cpp, line 537]
Event: 234.680 Thread 0x000001c09e20c390 Exception <a 'sun/nio/fs/WindowsException'{0x000000071229bb98}> (0x000000071229bb98) 
thrown [s\src\hotspot\share\prims\jni.cpp, line 537]
Event: 234.682 Thread 0x000001c09e20c390 Exception <a 'sun/nio/fs/WindowsException'{0x0000000711e96d90}> (0x0000000711e96d90) 
thrown [s\src\hotspot\share\prims\jni.cpp, line 537]
Event: 234.683 Thread 0x000001c09e20c390 Exception <a 'sun/nio/fs/WindowsException'{0x0000000711e9de08}> (0x0000000711e9de08) 
thrown [s\src\hotspot\share\prims\jni.cpp, line 537]
Event: 234.686 Thread 0x000001c09e20c390 Exception <a 'sun/nio/fs/WindowsException'{0x0000000711ead468}> (0x0000000711ead468) 
thrown [s\src\hotspot\share\prims\jni.cpp, line 537]
Event: 234.706 Thread 0x000001c09e20c390 Exception <a 'sun/nio/fs/WindowsException'{0x0000000711edeef0}> (0x0000000711edeef0) 
thrown [s\src\hotspot\share\prims\jni.cpp, line 537]
Event: 234.717 Thread 0x000001c09e209c30 Exception <a 'sun/nio/fs/WindowsException'{0x0000000711e05a38}> (0x0000000711e05a38) 
thrown [s\src\hotspot\share\prims\jni.cpp, line 537]
Event: 234.747 Thread 0x000001c09e20c390 Exception <a 'sun/nio/fs/WindowsException'{0x0000000711d4c2b0}> (0x0000000711d4c2b0) 
thrown [s\src\hotspot\share\prims\jni.cpp, line 537]
Event: 234.754 Thread 0x000001c09e209c30 Exception <a 'sun/nio/fs/WindowsException'{0x0000000711e11600}> (0x0000000711e11600) 
thrown [s\src\hotspot\share\prims\jni.cpp, line 537]
Event: 234.755 Thread 0x000001c09e209c30 Exception <a 'sun/nio/fs/WindowsException'{0x0000000711e190f0}> (0x0000000711e190f0) 
thrown [s\src\hotspot\share\prims\jni.cpp, line 537]
Event: 234.756 Thread 0x000001c09e209c30 Exception <a 'sun/nio/fs/WindowsException'{0x0000000711e20e78}> (0x0000000711e20e78) 
thrown [s\src\hotspot\share\prims\jni.cpp, line 537]
Event: 234.757 Thread 0x000001c09e209c30 Exception <a 'sun/nio/fs/WindowsException'{0x0000000711d690a8}> (0x0000000711d690a8) 
thrown [s\src\hotspot\share\prims\jni.cpp, line 537]
Event: 234.757 Thread 0x000001c09e20c390 Exception <a 'sun/nio/fs/WindowsException'{0x0000000711d5a950}> (0x0000000711d5a950) 
thrown [s\src\hotspot\share\prims\jni.cpp, line 537]

ZGC Phase Switch (0 events):
No events

VM Operations (20 events):
Event: 233.809 Executing non-safepoint VM operation: HandshakeAllThreads (Deoptimize) done
Event: 233.899 Executing safepoint VM operation: ICBufferFull
Event: 233.904 Executing safepoint VM operation: ICBufferFull done
Event: 233.987 Executing non-safepoint VM operation: HandshakeAllThreads (Deoptimize)
Event: 234.000 Executing non-safepoint VM operation: HandshakeAllThreads (Deoptimize) done
Event: 234.162 Executing safepoint VM operation: ICBufferFull
Event: 234.165 Executing safepoint VM operation: ICBufferFull done
Event: 234.345 Executing non-safepoint VM operation: HandshakeAllThreads (Deoptimize)
Event: 234.376 Executing non-safepoint VM operation: HandshakeAllThreads (Deoptimize) done
Event: 234.379 Executing safepoint VM operation: ICBufferFull
Event: 234.380 Executing safepoint VM operation: ICBufferFull done
Event: 234.396 Executing non-safepoint VM operation: HandshakeAllThreads (Deoptimize)
Event: 234.421 Executing non-safepoint VM operation: HandshakeAllThreads (Deoptimize) done
Event: 234.473 Executing non-safepoint VM operation: HandshakeAllThreads (Deoptimize)
Event: 234.479 Executing non-safepoint VM operation: HandshakeAllThreads (Deoptimize) done
Event: 234.558 Executing safepoint VM operation: ICBufferFull
Event: 234.572 Executing safepoint VM operation: ICBufferFull done
Event: 234.593 Executing safepoint VM operation: ICBufferFull
Event: 234.595 Executing safepoint VM operation: ICBufferFull done
Event: 234.771 Executing safepoint VM operation: G1CollectForAllocation (G1 Evacuation Pause)

Memory protections (0 events):
No events

Nmethod flushes (20 events):
Event: 207.328 Thread 0x000001c0ffedbcf0 flushing  nmethod 0x000001c080fbc910
Event: 207.328 Thread 0x000001c0ffedbcf0 flushing  nmethod 0x000001c080fbdc90
Event: 207.329 Thread 0x000001c0ffedbcf0 flushing  nmethod 0x000001c081022690
Event: 207.329 Thread 0x000001c0ffedbcf0 flushing  nmethod 0x000001c081023110
Event: 207.329 Thread 0x000001c0ffedbcf0 flushing  nmethod 0x000001c0811cd110
Event: 207.329 Thread 0x000001c0ffedbcf0 flushing  nmethod 0x000001c0814dd110
Event: 207.329 Thread 0x000001c0ffedbcf0 flushing  nmethod 0x000001c0814de090
Event: 207.329 Thread 0x000001c0ffedbcf0 flushing  nmethod 0x000001c0814e1b90
Event: 207.329 Thread 0x000001c0ffedbcf0 flushing  nmethod 0x000001c081568110
Event: 207.331 Thread 0x000001c0ffedbcf0 flushing  nmethod 0x000001c081598910
Event: 207.332 Thread 0x000001c0ffedbcf0 flushing  nmethod 0x000001c0815a1990
Event: 207.332 Thread 0x000001c0ffedbcf0 flushing  nmethod 0x000001c0815a2c10
Event: 207.332 Thread 0x000001c0ffedbcf0 flushing  nmethod 0x000001c08161ef10
Event: 207.332 Thread 0x000001c0ffedbcf0 flushing  nmethod 0x000001c08163a910
Event: 207.332 Thread 0x000001c0ffedbcf0 flushing  nmethod 0x000001c08163b290
Event: 207.332 Thread 0x000001c0ffedbcf0 flushing  nmethod 0x000001c081640210
Event: 207.332 Thread 0x000001c0ffedbcf0 flushing  nmethod 0x000001c081640a10
Event: 207.332 Thread 0x000001c0ffedbcf0 flushing  nmethod 0x000001c08164d710
Event: 207.332 Thread 0x000001c0ffedbcf0 flushing  nmethod 0x000001c08164ec90
Event: 207.332 Thread 0x000001c0ffedbcf0 flushing  nmethod 0x000001c081660010

Events (20 events):
Event: 70.216 Thread 0x000001c09e2095a0 Thread added: 0x000001c09d790750
Event: 70.610 Thread 0x000001c09e2095a0 Thread added: 0x000001c09d7897c0
Event: 70.610 Thread 0x000001c09e2095a0 Thread added: 0x000001c09d78b200
Event: 81.849 Thread 0x000001c09e208f10 Thread added: 0x000001c0a0834960
Event: 97.018 Thread 0x000001c0a0834960 Thread exited: 0x000001c0a0834960
Event: 97.224 Thread 0x000001c09e208f10 Thread added: 0x000001c0a0838470
Event: 97.245 Thread 0x000001c09e208f10 Thread added: 0x000001c0a08335b0
Event: 97.248 Loaded shared library D:\Android_studio\jbr\bin\rmi.dll
Event: 97.253 Thread 0x000001c09e208f10 Thread added: 0x000001c0a0836a30
Event: 97.409 Thread 0x000001c09e208f10 Thread added: 0x000001c0a08370c0
Event: 97.410 Thread 0x000001c09e208f10 Thread added: 0x000001c0a0833c40
Event: 97.571 Thread 0x000001c0a08370c0 Thread added: 0x000001c0a08342d0
Event: 202.815 Thread 0x000001c09e205a90 Thread added: 0x000001c0a08314e0
Event: 207.523 Thread 0x000001c0a08335b0 Thread exited: 0x000001c0a08335b0
Event: 224.129 Thread 0x000001c09e205a90 Thread added: 0x000001c09b8ba9d0
Event: 230.920 Thread 0x000001c095189c10 Thread added: 0x000001c0954437e0
Event: 231.161 Thread 0x000001c0954437e0 Thread exited: 0x000001c0954437e0
Event: 232.122 Thread 0x000001c09518e810 Thread added: 0x000001c095446e60
Event: 232.566 Thread 0x000001c095446e60 Thread exited: 0x000001c095446e60
Event: 233.712 Thread 0x000001c09518e810 Thread added: 0x000001c095440830


Dynamic libraries:
0x00007ff65e9e0000 - 0x00007ff65e9ea000 	D:\Android_studio\jbr\bin\java.exe
0x00007ffc948b0000 - 0x00007ffc94ac8000 	C:\WINDOWS\SYSTEM32\ntdll.dll
0x00007ffc93980000 - 0x00007ffc93a44000 	C:\WINDOWS\System32\KERNEL32.DLL
0x00007ffc91e40000 - 0x00007ffc92213000 	C:\WINDOWS\System32\KERNELBASE.dll
0x00007ffc91a60000 - 0x00007ffc91b71000 	C:\WINDOWS\System32\ucrtbase.dll
0x00007ffc8dde0000 - 0x00007ffc8ddfb000 	D:\Android_studio\jbr\bin\VCRUNTIME140.dll
0x00007ffc8adb0000 - 0x00007ffc8adc8000 	D:\Android_studio\jbr\bin\jli.dll
0x00007ffc936f0000 - 0x00007ffc938a2000 	C:\WINDOWS\System32\USER32.dll
0x00007ffc91e10000 - 0x00007ffc91e36000 	C:\WINDOWS\System32\win32u.dll
0x00007ffc81090000 - 0x00007ffc8132c000 	C:\WINDOWS\WinSxS\amd64_microsoft.windows.common-controls_6595b64144ccf1df_6.0.22621.6060_none_2712eda17382d24b\COMCTL32.dll
0x00007ffc93d00000 - 0x00007ffc93d29000 	C:\WINDOWS\System32\GDI32.dll
0x00007ffc94090000 - 0x00007ffc94137000 	C:\WINDOWS\System32\msvcrt.dll
0x00007ffc91b80000 - 0x00007ffc91c9b000 	C:\WINDOWS\System32\gdi32full.dll
0x00007ffc919c0000 - 0x00007ffc91a5a000 	C:\WINDOWS\System32\msvcp_win.dll
0x00007ffc94670000 - 0x00007ffc946a1000 	C:\WINDOWS\System32\IMM32.DLL
0x00007ffc8dfb0000 - 0x00007ffc8dfbc000 	D:\Android_studio\jbr\bin\vcruntime140_1.dll
0x00007ffc72a10000 - 0x00007ffc72a9d000 	D:\Android_studio\jbr\bin\msvcp140.dll
0x00007ffc50fa0000 - 0x00007ffc51c36000 	D:\Android_studio\jbr\bin\server\jvm.dll
0x00007ffc93630000 - 0x00007ffc936e1000 	C:\WINDOWS\System32\ADVAPI32.dll
0x00007ffc933f0000 - 0x00007ffc93498000 	C:\WINDOWS\System32\sechost.dll
0x00007ffc92520000 - 0x00007ffc92548000 	C:\WINDOWS\System32\bcrypt.dll
0x00007ffc93e10000 - 0x00007ffc93f28000 	C:\WINDOWS\System32\RPCRT4.dll
0x00007ffc93c80000 - 0x00007ffc93cf1000 	C:\WINDOWS\System32\WS2_32.dll
0x00007ffc918a0000 - 0x00007ffc918ed000 	C:\WINDOWS\SYSTEM32\POWRPROF.dll
0x00007ffc8c1c0000 - 0x00007ffc8c1ca000 	C:\WINDOWS\SYSTEM32\VERSION.dll
0x00007ffc8be80000 - 0x00007ffc8beb4000 	C:\WINDOWS\SYSTEM32\WINMM.dll
0x00007ffc91870000 - 0x00007ffc91883000 	C:\WINDOWS\SYSTEM32\UMPDC.dll
0x00007ffc90960000 - 0x00007ffc90978000 	C:\WINDOWS\SYSTEM32\kernel.appcore.dll
0x00007ffc8dfa0000 - 0x00007ffc8dfaa000 	D:\Android_studio\jbr\bin\jimage.dll
0x00007ffc8f2d0000 - 0x00007ffc8f503000 	C:\WINDOWS\SYSTEM32\DBGHELP.DLL
0x00007ffc941c0000 - 0x00007ffc94551000 	C:\WINDOWS\System32\combase.dll
0x00007ffc93d30000 - 0x00007ffc93e08000 	C:\WINDOWS\System32\OLEAUT32.dll
0x00007ffc6df50000 - 0x00007ffc6df82000 	C:\WINDOWS\SYSTEM32\dbgcore.DLL
0x00007ffc924a0000 - 0x00007ffc9251b000 	C:\WINDOWS\System32\bcryptPrimitives.dll
0x00007ffc8ddb0000 - 0x00007ffc8ddbe000 	D:\Android_studio\jbr\bin\instrument.dll
0x00007ffc8dd30000 - 0x00007ffc8dd50000 	D:\Android_studio\jbr\bin\java.dll
0x00007ffc8c030000 - 0x00007ffc8c048000 	D:\Android_studio\jbr\bin\zip.dll
0x00007ffc92670000 - 0x00007ffc92f0c000 	C:\WINDOWS\System32\SHELL32.dll
0x00007ffc92360000 - 0x00007ffc9249f000 	C:\WINDOWS\System32\wintypes.dll
0x00007ffc8f870000 - 0x00007ffc9018a000 	C:\WINDOWS\SYSTEM32\windows.storage.dll
0x00007ffc93520000 - 0x00007ffc93624000 	C:\WINDOWS\System32\SHCORE.dll
0x00007ffc934b0000 - 0x00007ffc93519000 	C:\WINDOWS\System32\shlwapi.dll
0x00007ffc918f0000 - 0x00007ffc91915000 	C:\WINDOWS\SYSTEM32\profapi.dll
0x00007ffc8ddc0000 - 0x00007ffc8ddd0000 	D:\Android_studio\jbr\bin\net.dll
0x00007ffc8b400000 - 0x00007ffc8b52c000 	C:\WINDOWS\SYSTEM32\WINHTTP.dll
0x00007ffc90e30000 - 0x00007ffc90e99000 	C:\WINDOWS\system32\mswsock.dll
0x00007ffc8bf70000 - 0x00007ffc8bf86000 	D:\Android_studio\jbr\bin\nio.dll
0x00007ffc8dfd0000 - 0x00007ffc8dfe0000 	D:\Android_studio\jbr\bin\verify.dll
0x00007ffc7b620000 - 0x00007ffc7b647000 	C:\Users\tharushi\.gradle\native\660c5614fbf4a5f2a75b1949f50a0caf5cd603558e7d8a26e50b933a0cfb79d1\windows-amd64\native-platform.dll
0x00007ffc6e5c0000 - 0x00007ffc6e637000 	C:\Users\tharushi\.gradle\native\0.2.8\x86_64-windows-gnu\gradle-fileevents.dll
0x00007ffc8e000000 - 0x00007ffc8e009000 	D:\Android_studio\jbr\bin\management.dll
0x00007ffc8dff0000 - 0x00007ffc8dffb000 	D:\Android_studio\jbr\bin\management_ext.dll
0x00007ffc94140000 - 0x00007ffc94148000 	C:\WINDOWS\System32\PSAPI.DLL
0x00007ffc903f0000 - 0x00007ffc9041d000 	C:\WINDOWS\SYSTEM32\IPHLPAPI.DLL
0x00007ffc934a0000 - 0x00007ffc934a9000 	C:\WINDOWS\System32\NSI.dll
0x00007ffc8c020000 - 0x00007ffc8c029000 	D:\Android_studio\jbr\bin\extnet.dll
0x00007ffc91060000 - 0x00007ffc9107b000 	C:\WINDOWS\SYSTEM32\CRYPTSP.dll
0x00007ffc908c0000 - 0x00007ffc908f7000 	C:\WINDOWS\system32\rsaenh.dll
0x00007ffc90ef0000 - 0x00007ffc90f18000 	C:\WINDOWS\SYSTEM32\USERENV.dll
0x00007ffc91050000 - 0x00007ffc9105c000 	C:\WINDOWS\SYSTEM32\CRYPTBASE.dll
0x00007ffc35bd0000 - 0x00007ffc35bd8000 	C:\WINDOWS\system32\wshunix.dll
0x00007ffc90a70000 - 0x00007ffc90aa4000 	C:\WINDOWS\SYSTEM32\ntmarta.dll
0x00007ffc32000000 - 0x00007ffc32017000 	C:\WINDOWS\system32\napinsp.dll
0x00007ffc32020000 - 0x00007ffc3203b000 	C:\WINDOWS\system32\pnrpnsp.dll
0x00007ffc90420000 - 0x00007ffc90518000 	C:\WINDOWS\SYSTEM32\DNSAPI.dll
0x00007ffc32040000 - 0x00007ffc32051000 	C:\WINDOWS\System32\winrnr.dll
0x00007ffc5e3a0000 - 0x00007ffc5e3b5000 	C:\WINDOWS\system32\wshbth.dll
0x00007ffc32060000 - 0x00007ffc32081000 	C:\WINDOWS\system32\nlansp_c.dll
0x00007ffc82510000 - 0x00007ffc8251a000 	C:\Windows\System32\rasadhlp.dll
0x00007ffc89040000 - 0x00007ffc890c4000 	C:\WINDOWS\System32\fwpuclnt.dll
0x00007ffc8ada0000 - 0x00007ffc8ada7000 	D:\Android_studio\jbr\bin\rmi.dll

JVMTI agents:
C:\Users\tharushi\.gradle\wrapper\dists\gradle-9.4.1-bin\arn2x92ynaizyzdaamcbpbhtj\gradle-9.4.1\lib\agents\gradle-instrumentation-agent-9.4.1.jar path:D:\Android_studio\jbr\bin\instrument.dll, loaded, initialized, instrumentlib options:none

dbghelp: loaded successfully - version: 4.0.5 - missing functions: none
symbol engine: initialized successfully - sym options: 0x614 - pdb path: .;D:\Android_studio\jbr\bin;C:\WINDOWS\SYSTEM32;C:\WINDOWS\WinSxS\amd64_microsoft.windows.common-controls_6595b64144ccf1df_6.0.22621.6060_none_2712eda17382d24b;D:\Android_studio\jbr\bin\server;C:\Users\tharushi\.gradle\native\660c5614fbf4a5f2a75b1949f50a0caf5cd603558e7d8a26e50b933a0cfb79d1\windows-amd64;C:\Users\tharushi\.gradle\native\0.2.8\x86_64-windows-gnu

VM Arguments:
jvm_args: --add-opens=java.base/java.lang=ALL-UNNAMED --add-opens=java.base/java.lang.invoke=ALL-UNNAMED --add-opens=java.base/java.util=ALL-UNNAMED --add-opens=java.prefs/java.util.prefs=ALL-UNNAMED --add-exports=jdk.compiler/com.sun.tools.javac.api=ALL-UNNAMED --add-exports=jdk.compiler/com.sun.tools.javac.util=ALL-UNNAMED --add-opens=java.base/java.util=ALL-UNNAMED --add-opens=java.prefs/java.util.prefs=ALL-UNNAMED --add-opens=java.base/java.nio.charset=ALL-UNNAMED --add-opens=java.base/java.net=ALL-UNNAMED --add-opens=java.base/java.util.concurrent=ALL-UNNAMED --add-opens=java.base/java.util.concurrent.atomic=ALL-UNNAMED --add-opens=java.xml/javax.xml.namespace=ALL-UNNAMED --add-opens=java.base/java.time=ALL-UNNAMED -Xmx4096m -Dfile.encoding=UTF-8 -Duser.country=US -Duser.language=en -Duser.variant -javaagent:C:\Users\tharushi\.gradle\wrapper\dists\gradle-9.4.1-bin\arn2x92ynaizyzdaamcbpbhtj\gradle-9.4.1\lib\agents\gradle-instrumentation-agent-9.4.1.jar 
java_command: org.gradle.launcher.daemon.bootstrap.GradleDaemon 9.4.1
java_class_path (initial): C:\Users\tharushi\.gradle\wrapper\dists\gradle-9.4.1-bin\arn2x92ynaizyzdaamcbpbhtj\gradle-9.4.1\lib\gradle-daemon-main-9.4.1.jar
Launcher Type: SUN_STANDARD

[Global flags]
     intx CICompilerCount                          = 3                                         {product} {ergonomic}
     uint ConcGCThreads                            = 1                                         {product} {ergonomic}
     uint G1ConcRefinementThreads                  = 4                                         {product} {ergonomic}
   size_t G1HeapRegionSize                         = 2097152                                   {product} {ergonomic}
    uintx GCDrainStackTargetSize                   = 64                                        {product} {ergonomic}
   size_t InitialHeapSize                          = 65011712                                  {product} {ergonomic}
   size_t MarkStackSize                            = 4194304                                   {product} {ergonomic}
   size_t MaxHeapSize                              = 4294967296                                {product} {command line}
   size_t MaxNewSize                               = 2575302656                                {product} {ergonomic}
   size_t MinHeapDeltaBytes                        = 2097152                                   {product} {ergonomic}
   size_t MinHeapSize                              = 8388608                                   {product} {ergonomic}
    uintx NonNMethodCodeHeapSize                   = 5832780                                {pd product} {ergonomic}
    uintx NonProfiledCodeHeapSize                  = 122912730                              {pd product} {ergonomic}
    uintx ProfiledCodeHeapSize                     = 122912730                              {pd product} {ergonomic}
    uintx ReservedCodeCacheSize                    = 251658240                              {pd product} {ergonomic}
     bool SegmentedCodeCache                       = true                                      {product} {ergonomic}
   size_t SoftMaxHeapSize                          = 4294967296                             {manageable} {ergonomic}
     bool UseCompressedOops                        = true                           {product lp64_product} {ergonomic}
     bool UseG1GC                                  = true                                      {product} {ergonomic}
     bool UseLargePagesIndividualAllocation        = false                                  {pd product} {ergonomic}

Logging:
Log output configuration:
 #0: stdout all=warning uptime,level,tags foldmultilines=false
 #1: stderr all=off uptime,level,tags foldmultilines=false

Release file:
JAVA_VERSION="21.0.10" 
MODULES="java.base java.compiler java.datatransfer java.xml java.prefs java.desktop java.instrument java.logging java.management java.security.sasl java.naming java.rmi java.management.rmi java.net.http java.scripting java.security.jgss java.transaction.xa java.sql java.sql.rowset java.xml.crypto java.se java.smartcardio jdk.accessibility jdk.internal.jvmstat jdk.attach jdk.charsets jdk.internal.opt jdk.zipfs jdk.compiler jdk.crypto.ec jdk.crypto.cryptoki jdk.dynalink jdk.hotspot.agent jdk.httpserver jdk.internal.ed jdk.internal.le jdk.internal.vm.ci jdk.jartool jdk.javadoc jdk.jcmd jdk.jdeps jdk.jdwp.agent jdk.jdi jdk.jfr jdk.jlink jdk.jsobject jdk.localedata jdk.management jdk.management.agent jdk.management.jfr jdk.naming.dns jdk.naming.rmi jdk.net jdk.sctp jdk.security.auth jdk.security.jgss jdk.unsupported jdk.unsupported.desktop jdk.xml.dom" 
IMPLEMENTOR="JetBrains s.r.o." 
JAVA_RUNTIME_VERSION="21.0.10+-14961533-b1163.108" 
LIBC="default" 
OS_ARCH="x86_64" 
OS_NAME="Windows" 
SOURCE=".:git:1351622c2ff2" 

Environment Variables:
JAVA_HOME=C:\Program Files\Eclipse Adoptium\jdk-17.0.12.7-hotspot\
PATH=C:\Python314\Scripts\;C:\Python314\;C:\Program Files\Python313\Scripts\;C:\Program Files\Python313\;C:\Program Files\Eclipse Adoptium\jdk-17.0.12.7-hotspot\bin;C:\WINDOWS\system32;C:\WINDOWS;C:\WINDOWS\System32\Wbem;C:\WINDOWS\System32\WindowsPowerShell\v1.0\;C:\WINDOWS\System32\OpenSSH\;C:\Program Files\dotnet\;C:\Program Files\Git\cmd;E:\Git\cmd;C:\TDM-GCC-64\bin;C:\gcc-14.1.0\bin;C:\msys64\ucrt64\bin;C:\Program Files\MySQL\MySQL Server 8.0\bin;C:\Program Files\apache-maven-3.9.12\bin;C:\Program Files\RabbitMQ Server\rabbitmq_server-4.2.3\sbin;E:\MinGW\bin;C:\Users\tharushi\AppData\Roaming\Python\Python313\Scripts;C:\Program Files\nodejs\;C:\ProgramData\chocolatey\bin;C:\Program Files\MySQL\MySQL Shell 8.0\bin\;C:\Users\tharushi\AppData\Local\Microsoft\WindowsApps;E:\Apps\Microsoft VS Code\bin;C:\MinGW\bin;C:\Users\tharushi\AppData\Local\GitHubDesktop\bin;C:\Users\tharushi\AppData\Roaming\npm
USERNAME=tharushi
OS=Windows_NT
PROCESSOR_IDENTIFIER=Intel64 Family 6 Model 126 Stepping 5, GenuineIntel
TMP=C:\Users\tharushi\AppData\Local\Temp
TEMP=C:\Users\tharushi\AppData\Local\Temp




Periodic native trim disabled

JNI global refs:
JNI global refs: 26, weak refs: 0

JNI global refs memory usage: 835, weak refs: 833

Process memory usage:
Resident Set Size: 451636K (11% of 3956052K total physical memory with 483268K free physical memory)

OOME stack traces (most recent first):
Classloader memory used:
Loader org.gradle.internal.classloader.VisitableURLClassLoader$InstrumentingVisitableURLClassLoader: 44193K
Loader org.gradle.internal.classloader.VisitableURLClassLoader                         : 41994K
Loader bootstrap                                                                       : 30108K
Loader org.gradle.initialization.MixInLegacyTypesClassLoader                           : 10103K
Loader jdk.internal.loader.ClassLoaders$AppClassLoader                                 : 8891K
Loader java.net.URLClassLoader                                                         : 2530K
Loader jdk.internal.reflect.DelegatingClassLoader                                      : 1452K
Loader jdk.internal.loader.ClassLoaders$PlatformClassLoader                            : 652K
Loader jdk.internal.jrtfs.JrtFileSystemProvider$JrtFsLoader                            : 279K
Loader org.gradle.internal.classloader.VisitableURLClassLoader                         : 44256B

Classes loaded by more than one classloader:
Class kotlin.NotImplementedError                                                      : loaded 2 times (x 82B)
Class kotlin.text.StringsKt__StringsKt                                                : loaded 2 times (x 71B)
Class com.google.common.collect.RegularImmutableMap$KeySet                            : loaded 2 times (x 152B)
Class com.google.common.base.Equivalence$Identity                                     : loaded 2 times (x 82B)
Class com.google.common.base.PairwiseEquivalence                                      : loaded 2 times (x 83B)
Class org.gradle.internal.classloader.FilteringClassLoader                            : loaded 2 times (x 105B)
Class jdk.internal.jimage.BasicImageReader                                            : loaded 2 times (x 95B)
Class kotlin.io.FilesKt__FileTreeWalkKt                                               : loaded 2 times (x 71B)
Class kotlin.sequences.FilteringSequence$iterator$1                                   : loaded 2 times (x 79B)
Class kotlin.sequences.SequencesKt__SequenceBuilderKt                                 : loaded 2 times (x 71B)
Class kotlin.collections.CollectionsKt__ReversedViewsKt                               : loaded 2 times (x 71B)
Class [Lcom.google.common.collect.MapMakerInternalMap$Segment;                        : loaded 2 times (x 69B)
Class com.google.common.io.FileWriteMode                                              : loaded 2 times (x 79B)
Class [Lcom.google.common.base.AbstractIterator$State;                                : loaded 2 times (x 69B)
Class com.google.common.base.CharMatcher$IsEither                                     : loaded 2 times (x 111B)
Class org.gradle.internal.classloader.ClassLoaderHierarchy                            : loaded 2 times (x 70B)
Class com.google.common.collect.ImmutableList$1                                       : loaded 2 times (x 97B)
Class com.google.common.collect.ImmutableEnumSet                                      : loaded 2 times (x 146B)
Class com.google.common.util.concurrent.ExecutionError                                : loaded 2 times (x 82B)
Class com.google.common.collect.AbstractMapBasedMultimap$WrappedCollection            : loaded 2 times (x 124B)
Class com.google.common.io.ByteArrayDataOutput                                        : loaded 2 times (x 70B)
Class com.google.common.collect.RegularImmutableMap                                   : loaded 2 times (x 121B)
Class com.google.common.collect.ImmutableMap$MapViewOfValuesAsSingletonSets           : loaded 2 times (x 126B)
Class [Lorg.objectweb.asm.Symbol;                                                     : loaded 2 times (x 69B)
Class org.objectweb.asm.ClassVisitor                                                  : loaded 2 times (x 88B)
Class com.google.common.collect.TransformedListIterator                               : loaded 2 times (x 93B)
Class com.google.common.collect.UnmodifiableListIterator                              : loaded 2 times (x 95B)
Class org.objectweb.asm.MethodTooLargeException                                       : loaded 2 times (x 83B)
Class com.google.common.collect.MapMakerInternalMap$StrongKeyDummyValueEntry$LinkedStrongKeyDummyValueEntry: loaded 2 times (x 82B)
Class com.google.common.collect.MapMakerInternalMap$Strength                          : loaded 2 times (x 80B)
Class com.google.common.base.Platform$JdkPatternCompiler                              : loaded 2 times (x 75B)
Class [Lcom.google.common.cache.CacheBuilder$OneWeigher;                              : loaded 2 times (x 69B)
Class com.google.common.base.Suppliers                                                : loaded 2 times (x 71B)
Class org.gradle.internal.classloader.DefaultClassLoaderFactory                       : loaded 2 times (x 82B)
Class kotlin.sequences.SequencesKt___SequencesKt                                      : loaded 2 times (x 71B)
Class kotlin.collections.AbstractList$Companion                                       : loaded 2 times (x 71B)
Class [Lcom.google.common.collect.AbstractIterator$State;                             : loaded 2 times (x 69B)
Class org.apache.commons.io.file.PathUtils                                            : loaded 2 times (x 71B)
Class com.google.common.base.CharMatcher$None                                         : loaded 2 times (x 112B)
Class [Lcom.google.common.collect.ImmutableMapEntry;                                  : loaded 2 times (x 69B)
Class kotlin.text.StringsKt__AppendableKt                                             : loaded 2 times (x 71B)
Class [Lorg.apache.commons.io.StandardLineSeparator;                                  : loaded 2 times (x 69B)
Class org.apache.commons.io.output.StringBuilderWriter                                : loaded 2 times (x 100B)
Class com.google.common.collect.ImmutableEnumMap                                      : loaded 2 times (x 126B)
Class com.google.common.collect.ListMultimap                                          : loaded 2 times (x 70B)
Class org.objectweb.asm.AnnotationVisitor                                             : loaded 2 times (x 78B)
Class com.google.common.collect.Iterators$EmptyModifiableIterator                     : loaded 2 times (x 86B)
Class com.google.common.collect.Sets$1                                                : loaded 2 times (x 139B)
Class com.google.common.base.Splitter                                                 : loaded 2 times (x 72B)
Class com.google.common.collect.ImmutableSet$SerializedForm                           : loaded 2 times (x 73B)
Class org.gradle.api.internal.DefaultClassPathProvider                                : loaded 2 times (x 76B)
Class kotlin.sequences.Sequence                                                       : loaded 2 times (x 70B)
Class kotlin.text.StringsKt__StringNumberConversionsJVMKt                             : loaded 2 times (x 71B)
Class org.apache.commons.io.FilenameUtils                                             : loaded 2 times (x 71B)
Class com.google.common.collect.MapMakerInternalMap$Strength$1                        : loaded 2 times (x 80B)
Class com.google.common.collect.Maps$ViewCachingAbstractMap                           : loaded 2 times (x 125B)
Class com.google.common.collect.Sets$2                                                : loaded 2 times (x 139B)
Class [Lorg.gradle.api.internal.ClassPathProvider;                                    : loaded 2 times (x 69B)
Class org.gradle.api.internal.ClassPathProvider                                       : loaded 2 times (x 70B)
Class [Lorg.objectweb.asm.AnnotationVisitor;                                          : loaded 2 times (x 69B)
Class com.google.common.collect.MapMakerInternalMap$Strength$2                        : loaded 2 times (x 80B)
Class com.google.common.collect.Sets$3                                                : loaded 2 times (x 139B)
Class com.google.common.base.AbstractIterator$State                                   : loaded 2 times (x 79B)
Class com.google.common.cache.LocalCache$LocalLoadingCache                            : loaded 2 times (x 134B)
Class org.gradle.internal.service.UnknownServiceException                             : loaded 2 times (x 83B)
Class com.google.common.io.ByteArrayDataInput                                         : loaded 2 times (x 70B)
Class org.objectweb.asm.ModuleVisitor                                                 : loaded 2 times (x 81B)
Class com.google.common.collect.MapMakerInternalMap$StrongValueEntry                  : loaded 2 times (x 70B)
Class com.google.common.collect.Sets$4                                                : loaded 2 times (x 139B)
Class com.google.common.cache.LocalCache$Strength$1                                   : loaded 2 times (x 81B)
Class org.apache.commons.io.output.QueueOutputStream                                  : loaded 2 times (x 87B)
Class com.google.common.util.concurrent.SettableFuture                                : loaded 2 times (x 114B)
Class com.google.common.cache.LocalCache$Strength$2                                   : loaded 2 times (x 81B)
Class kotlin.collections.ArraysKt___ArraysJvmKt                                       : loaded 2 times (x 71B)
Class kotlin.collections.CollectionsKt__CollectionsKt                                 : loaded 2 times (x 71B)
Class kotlin.text.StringsKt__RegexExtensionsJVMKt                                     : loaded 2 times (x 71B)
Class com.google.common.io.ByteStreams                                                : loaded 2 times (x 71B)
Class com.google.common.collect.Interners$InternerImpl                                : loaded 2 times (x 75B)
Class com.google.common.collect.Interner                                              : loaded 2 times (x 70B)
Class com.google.common.collect.TransformedIterator                                   : loaded 2 times (x 80B)
Class com.google.common.base.Splitter$1                                               : loaded 2 times (x 77B)
Class com.google.common.cache.LocalCache$Strength$3                                   : loaded 2 times (x 81B)
Class com.google.common.collect.MapDifference                                         : loaded 2 times (x 70B)
Class kotlin._Assertions                                                              : loaded 2 times (x 71B)
Class org.objectweb.asm.FieldWriter                                                   : loaded 2 times (x 78B)
Class com.google.common.collect.MapMaker$Dummy                                        : loaded 2 times (x 79B)
Class com.google.common.cache.CacheBuilder$NullListener                               : loaded 2 times (x 82B)
Class org.gradle.internal.classpath.TransformedClassPath                              : loaded 2 times (x 96B)
Class org.gradle.internal.classloader.InstrumentingClassLoader                        : loaded 2 times (x 70B)
Class kotlin.enums.EnumEntriesList                                                    : loaded 2 times (x 223B)
Class org.apache.commons.io.output.UnsynchronizedByteArrayOutputStream                : loaded 2 times (x 102B)
Class com.google.common.collect.Iterators$ArrayItr                                    : loaded 2 times (x 97B)
Class com.google.common.cache.CacheLoader$FunctionToCacheLoader                       : loaded 2 times (x 75B)
Class com.google.common.collect.ImmutableCollection$Builder                           : loaded 2 times (x 76B)
Class kotlin.comparisons.ComparisonsKt___ComparisonsJvmKt                             : loaded 2 times (x 71B)
Class kotlin.collections.CollectionsKt__IteratorsJVMKt                                : loaded 2 times (x 71B)
Class com.google.common.collect.BaseImmutableMultimap                                 : loaded 2 times (x 123B)
Class org.apache.commons.io.output.ByteArrayOutputStream                              : loaded 2 times (x 102B)
Class com.google.common.base.Joiner                                                   : loaded 2 times (x 79B)
Class com.google.common.base.MoreObjects                                              : loaded 2 times (x 71B)
Class org.jetbrains.kotlin.build.report.metrics.GradleBuildTime                       : loaded 2 times (x 86B)
Class [Lorg.objectweb.asm.Type;                                                       : loaded 2 times (x 69B)
Class com.google.common.collect.Platform                                              : loaded 2 times (x 71B)
Class com.google.common.collect.UnmodifiableIterator                                  : loaded 2 times (x 80B)
Class org.gradle.internal.service.ServiceLocator                                      : loaded 2 times (x 70B)
Class jdk.internal.jrtfs.JrtFileSystemProvider                                        : loaded 2 times (x 101B)
Class kotlin.Pair                                                                     : loaded 2 times (x 72B)
Class [Lkotlin.Function;                                                              : loaded 2 times (x 69B)
Class com.google.common.collect.SingletonImmutableBiMap                               : loaded 2 times (x 143B)
Class org.apache.commons.io.FileExistsException                                       : loaded 2 times (x 82B)
Class com.google.common.collect.Iterators$SingletonIterator                           : loaded 2 times (x 81B)
Class com.google.common.cache.LocalCache$1                                            : loaded 2 times (x 89B)
Class com.google.common.collect.AbstractMapEntry                                      : loaded 2 times (x 81B)
Class kotlin.io.CloseableKt                                                           : loaded 2 times (x 71B)
Class kotlin.collections.CollectionsKt__MutableCollectionsKt                          : loaded 2 times (x 71B)
Class org.apache.commons.io.function.IOSupplier                                       : loaded 2 times (x 70B)
Class com.google.common.collect.ImmutableList$Builder                                 : loaded 2 times (x 77B)
Class com.google.common.collect.AbstractSetMultimap                                   : loaded 2 times (x 174B)
Class com.google.common.collect.MapMakerInternalMap$AbstractStrongKeyEntry            : loaded 2 times (x 80B)
Class com.google.common.collect.Sets$ImprovedAbstractSet                              : loaded 2 times (x 135B)
Class com.google.common.cache.LocalCache$2                                            : loaded 2 times (x 142B)
Class com.google.common.collect.AbstractMultimap                                      : loaded 2 times (x 123B)
Class kotlin.io.TerminateException                                                    : loaded 2 times (x 82B)
Class kotlin.io.FilesKt__FilePathComponentsKt                                         : loaded 2 times (x 71B)
Class com.google.common.collect.RegularImmutableAsList                                : loaded 2 times (x 217B)
Class com.google.common.base.Optional                                                 : loaded 2 times (x 80B)
Class com.google.common.collect.Iterators                                             : loaded 2 times (x 71B)
Class com.google.common.util.concurrent.AbstractFuture$Trusted                        : loaded 2 times (x 70B)
Class jdk.internal.jimage.ImageLocation                                               : loaded 2 times (x 90B)
Class [Lorg.jetbrains.kotlin.build.report.metrics.BuildTime;                          : loaded 2 times (x 69B)
Class com.google.common.io.ByteSink$AsCharSink                                        : loaded 2 times (x 80B)
Class com.google.common.collect.Lists$StringAsImmutableList                           : loaded 2 times (x 207B)
Class com.google.common.util.concurrent.UncheckedExecutionException                   : loaded 2 times (x 82B)
Class jdk.internal.jimage.ImageBufferCache$1                                          : loaded 2 times (x 83B)
Class kotlin.collections.EmptyList                                                    : loaded 2 times (x 174B)
Class kotlin.collections.MapsKt__MapsJVMKt                                            : loaded 2 times (x 71B)
Class org.objectweb.asm.ClassWriter                                                   : loaded 2 times (x 106B)
Class com.google.common.collect.AbstractMapBasedMultimap$KeySet$1                     : loaded 2 times (x 82B)
Class com.google.common.base.CharMatcher$And                                          : loaded 2 times (x 112B)
Class com.google.common.cache.CacheLoader$UnsupportedLoadingOperationException        : loaded 2 times (x 82B)
Class jdk.internal.jimage.ImageBufferCache$2                                          : loaded 2 times (x 91B)
Class com.google.common.collect.FluentIterable$1                                      : loaded 2 times (x 81B)
Class org.objectweb.asm.FieldVisitor                                                  : loaded 2 times (x 77B)
Class com.google.common.base.Objects                                                  : loaded 2 times (x 71B)
Class com.google.common.collect.IndexedImmutableSet                                   : loaded 2 times (x 152B)
Class com.google.common.collect.ImmutableMap$1                                        : loaded 2 times (x 81B)
Class com.google.common.collect.BiMap                                                 : loaded 2 times (x 70B)
Class org.gradle.api.internal.classpath.DefaultModuleRegistry$DefaultModule           : loaded 2 times (x 82B)
Class com.google.common.primitives.Ints                                               : loaded 2 times (x 71B)
Class com.google.common.base.Absent                                                   : loaded 2 times (x 80B)
Class com.google.common.collect.FluentIterable$2                                      : loaded 2 times (x 81B)
Class com.google.common.collect.AbstractIterator                                      : loaded 2 times (x 82B)
Class kotlin.collections.ArraysKt__ArraysKt                                           : loaded 2 times (x 71B)
Class com.google.common.collect.FluentIterable$3                                      : loaded 2 times (x 81B)
Class com.google.common.math.MathPreconditions                                        : loaded 2 times (x 71B)
Class com.google.common.collect.ObjectArrays                                          : loaded 2 times (x 71B)
Class com.google.common.collect.AbstractIndexedListIterator                           : loaded 2 times (x 96B)
Class com.google.common.collect.ArrayListMultimapGwtSerializationDependencies         : loaded 2 times (x 172B)
Class com.google.common.collect.Multiset                                              : loaded 2 times (x 70B)
Class kotlin.collections.SetsKt__SetsJVMKt                                            : loaded 2 times (x 71B)
Class kotlin.Function                                                                 : loaded 2 times (x 70B)
Class org.apache.commons.io.output.NullOutputStream                                   : loaded 2 times (x 85B)
Class com.google.common.collect.ImmutableMapEntrySet                                  : loaded 2 times (x 152B)
Class org.gradle.api.internal.classpath.Module                                        : loaded 2 times (x 70B)
Class kotlin.io.FileAlreadyExistsException                                            : loaded 2 times (x 82B)
Class com.google.common.cache.Weigher                                                 : loaded 2 times (x 70B)
Class org.gradle.api.internal.classpath.UnknownModuleException                        : loaded 2 times (x 82B)
Class jdk.internal.jimage.ImageHeader                                                 : loaded 2 times (x 71B)
Class org.apache.commons.io.Charsets                                                  : loaded 2 times (x 71B)
Class com.google.common.base.Stopwatch                                                : loaded 2 times (x 72B)
Class com.google.common.cache.LocalCache$Strength                                     : loaded 2 times (x 81B)
Class com.google.common.cache.Cache                                                   : loaded 2 times (x 70B)
Class org.jetbrains.kotlin.build.report.metrics.BuildMetricsReporter                  : loaded 2 times (x 70B)
Class org.apache.commons.io.filefilter.IOFileFilter                                   : loaded 2 times (x 70B)
Class com.google.common.collect.ImmutableMap$Builder                                  : loaded 2 times (x 82B)
Class com.google.common.base.NullnessCasts                                            : loaded 2 times (x 71B)
Class com.google.common.util.concurrent.AbstractFuture$Cancellation                   : loaded 2 times (x 72B)
Class kotlin.io.ByteStreamsKt                                                         : loaded 2 times (x 71B)
Class com.google.common.base.Present                                                  : loaded 2 times (x 81B)
Class com.google.common.collect.AbstractMapBasedMultimap$WrappedCollection$WrappedIterator: loaded 2 times (x 84B)
Class com.google.common.cache.RemovalListener                                         : loaded 2 times (x 70B)
Class org.gradle.api.internal.DefaultClassPathRegistry                                : loaded 2 times (x 76B)
Class com.google.common.primitives.IntsMethodsForWeb                                  : loaded 2 times (x 71B)
Class org.apache.commons.io.file.DeleteOption                                         : loaded 2 times (x 70B)
Class com.google.common.collect.Multimap                                              : loaded 2 times (x 70B)
Class org.gradle.internal.classpath.DefaultClassPath$ImmutableUniqueList              : loaded 2 times (x 199B)
Class org.gradle.api.internal.ClassPathRegistry                                       : loaded 2 times (x 70B)
Class kotlin.text.StringsKt__StringsJVMKt                                             : loaded 2 times (x 71B)
Class com.google.common.collect.NullnessCasts                                         : loaded 2 times (x 71B)
Class com.google.common.collect.MapMakerInternalMap$Segment                           : loaded 2 times (x 142B)
Class org.apache.commons.io.IOUtils                                                   : loaded 2 times (x 71B)
Class com.google.common.base.ExtraObjectsMethodsForWeb                                : loaded 2 times (x 71B)
Class kotlin.collections.SetsKt                                                       : loaded 2 times (x 71B)
Class kotlin.text.StringsKt__IndentKt                                                 : loaded 2 times (x 71B)
Class com.google.common.io.ByteSink                                                   : loaded 2 times (x 76B)
Class com.google.common.collect.SingletonImmutableList                                : loaded 2 times (x 207B)
Class com.google.common.cache.CacheBuilder                                            : loaded 2 times (x 72B)
Class org.gradle.internal.classpath.ClassPath                                         : loaded 2 times (x 70B)
Class com.google.common.collect.Interners$InternerBuilder                             : loaded 2 times (x 76B)
Class com.google.common.io.Files$FileByteSource                                       : loaded 2 times (x 85B)
Class com.google.common.collect.ImmutableList$ReverseImmutableList                    : loaded 2 times (x 209B)
Class com.google.common.base.JdkPattern                                               : loaded 2 times (x 75B)
Class kotlin.collections.MapsKt__MapsKt                                               : loaded 2 times (x 71B)
Class org.objectweb.asm.SymbolTable$Entry                                             : loaded 2 times (x 74B)
Class org.gradle.api.internal.classpath.DefaultModuleRegistry$DefaultModuleAlias      : loaded 2 times (x 80B)
Class jdk.internal.jimage.ImageStringsReader                                          : loaded 2 times (x 80B)
Class com.google.common.collect.Iterators$1                                           : loaded 2 times (x 81B)
Class com.google.common.base.Suppliers$SupplierOfInstance                             : loaded 2 times (x 79B)
Class kotlin.UninitializedPropertyAccessException                                     : loaded 2 times (x 82B)
Class com.google.common.cache.LocalCache$ComputingValueReference                      : loaded 2 times (x 96B)
Class com.google.common.collect.ImmutableMap$IteratorBasedImmutableMap                : loaded 2 times (x 126B)
Class com.google.common.collect.SingletonImmutableSet                                 : loaded 2 times (x 146B)
Class jdk.internal.jimage.ImageReader                                                 : loaded 2 times (x 75B)
Class com.google.common.cache.LocalCache$Segment                                      : loaded 2 times (x 154B)
Class jdk.internal.jimage.ImageReader$SharedImageReader                               : loaded 2 times (x 95B)
Class [Lorg.objectweb.asm.SymbolTable$Entry;                                          : loaded 2 times (x 69B)
Class com.google.common.collect.ImmutableBiMap                                        : loaded 2 times (x 143B)
Class com.google.common.collect.Iterators$4                                           : loaded 2 times (x 82B)
Class com.google.common.cache.CacheLoader                                             : loaded 2 times (x 74B)
Class com.google.common.collect.AbstractListMultimap                                  : loaded 2 times (x 172B)
Class org.gradle.api.internal.classpath.ModuleRegistry                                : loaded 2 times (x 70B)
Class org.gradle.internal.installation.GradleInstallation$1                           : loaded 2 times (x 75B)
Class com.google.common.collect.ImmutableSet$JdkBackedSetBuilderImpl                  : loaded 2 times (x 76B)
Class org.apache.commons.io.output.NullWriter                                         : loaded 2 times (x 99B)
Class com.google.common.base.Splitter$SplittingIterator                               : loaded 2 times (x 84B)
Class com.google.common.collect.Iterators$5                                           : loaded 2 times (x 82B)
Class com.google.common.util.concurrent.internal.InternalFutureFailureAccess          : loaded 2 times (x 72B)
Class com.google.common.base.CharMatcher$ForPredicate                                 : loaded 2 times (x 112B)
Class com.google.common.cache.LocalCache$LocalManualCache$1                           : loaded 2 times (x 75B)
Class jdk.internal.jimage.ImageReader$Node                                            : loaded 2 times (x 84B)
Class kotlin.io.FilesKt__UtilsKt                                                      : loaded 2 times (x 71B)
Class kotlin.collections.CollectionsKt__CollectionsJVMKt                              : loaded 2 times (x 71B)
Class com.google.common.base.CharMatcher$AnyOf                                        : loaded 2 times (x 112B)
Class com.google.common.collect.ImmutableCollection                                   : loaded 2 times (x 125B)
Class org.gradle.api.internal.classpath.DefaultModuleRegistry                         : loaded 2 times (x 84B)
Class jdk.internal.jimage.BasicImageReader$1                                          : loaded 2 times (x 77B)
Class kotlin.sequences.SequencesKt                                                    : loaded 2 times (x 71B)
Class kotlin.collections.CollectionsKt__IteratorsKt                                   : loaded 2 times (x 71B)
Class org.jetbrains.kotlin.build.report.metrics.GradleBuildTime$Companion             : loaded 2 times (x 71B)
Class com.google.common.collect.Lists                                                 : loaded 2 times (x 71B)
Class com.google.common.util.concurrent.ListenableFuture                              : loaded 2 times (x 70B)
Class com.google.common.cache.ReferenceEntry                                          : loaded 2 times (x 70B)
Class com.google.common.base.Converter                                                : loaded 2 times (x 90B)
Class com.google.common.collect.ImmutableSet$CachingAsList                            : loaded 2 times (x 148B)
Class kotlin.text.StringsKt                                                           : loaded 2 times (x 71B)
Class com.google.common.collect.Iterators$9                                           : loaded 2 times (x 81B)
Class com.google.common.util.concurrent.AbstractFuture                                : loaded 2 times (x 106B)
Class com.google.common.base.FunctionalEquivalence                                    : loaded 2 times (x 83B)
Class com.google.common.collect.AbstractMapBasedMultimap                              : loaded 2 times (x 139B)
Class com.google.common.collect.ImmutableAsList                                       : loaded 2 times (x 209B)
Class kotlin.LazyKt__LazyJVMKt                                                        : loaded 2 times (x 71B)
Class org.objectweb.asm.RecordComponentVisitor                                        : loaded 2 times (x 77B)
Class com.google.common.cache.CacheLoader$SupplierToCacheLoader                       : loaded 2 times (x 75B)
Class jdk.internal.jimage.decompressor.Decompressor                                   : loaded 2 times (x 72B)
Class kotlin.io.FilesKt__FileReadWriteKt                                              : loaded 2 times (x 71B)
Class kotlin.text.StringsKt__StringNumberConversionsKt                                : loaded 2 times (x 71B)
Class com.google.common.collect.Maps$EntryTransformer                                 : loaded 2 times (x 70B)
Class org.gradle.internal.service.ServiceLookupException                              : loaded 2 times (x 82B)
Class [Lcom.google.common.cache.LocalCache$EntryFactory;                              : loaded 2 times (x 69B)
Class org.gradle.internal.classloader.ClassLoaderFactory                              : loaded 2 times (x 70B)
Class org.apache.commons.io.CloseableURLConnection                                    : loaded 2 times (x 116B)
Class com.google.common.base.CharMatcher$IsNot                                        : loaded 2 times (x 111B)
Class com.google.common.base.CommonPattern                                            : loaded 2 times (x 74B)
Class com.google.common.cache.LocalCache$LocalManualCache                             : loaded 2 times (x 99B)
Class org.gradle.internal.service.CachingServiceLocator                               : loaded 2 times (x 82B)
Class com.google.common.math.IntMath                                                  : loaded 2 times (x 71B)
Class com.google.common.collect.AbstractMapBasedMultimap$KeySet                       : loaded 2 times (x 137B)
Class org.jetbrains.kotlin.build.report.metrics.BuildTime                             : loaded 2 times (x 70B)
Class com.google.common.collect.MapMakerInternalMap$InternalEntry                     : loaded 2 times (x 70B)
Class com.google.common.collect.ImmutableMapEntry                                     : loaded 2 times (x 85B)
Class kotlin.enums.EnumEntries                                                        : loaded 2 times (x 70B)
Class org.jetbrains.kotlin.build.report.metrics.DoNothingBuildMetricsReporter         : loaded 2 times (x 86B)
Class com.google.common.collect.ImmutableMultimap                                     : loaded 2 times (x 147B)
Class com.google.common.collect.ImmutableMapEntry$NonTerminalImmutableMapEntry        : loaded 2 times (x 85B)
Class com.google.common.base.Equivalence                                              : loaded 2 times (x 82B)
Class com.google.common.base.Function                                                 : loaded 2 times (x 70B)
Class com.google.common.collect.IndexedImmutableSet$1                                 : loaded 2 times (x 213B)
Class org.apache.commons.io.output.AbstractByteArrayOutputStream                      : loaded 2 times (x 102B)
Class com.google.common.collect.RegularImmutableList                                  : loaded 2 times (x 213B)
Class com.google.common.cache.CacheBuilder$OneWeigher                                 : loaded 2 times (x 82B)
Class jdk.internal.jimage.ImageBufferCache                                            : loaded 2 times (x 71B)
Class jdk.internal.jrtfs.JrtPath                                                      : loaded 2 times (x 118B)
Class org.gradle.internal.classloader.ClasspathUtil                                   : loaded 2 times (x 71B)
Class kotlin.io.FileSystemException                                                   : loaded 2 times (x 82B)
Class com.google.common.util.concurrent.Uninterruptibles                              : loaded 2 times (x 71B)
Class com.google.common.collect.AbstractMapBasedMultimap$WrappedSet                   : loaded 2 times (x 142B)
Class com.google.common.util.concurrent.LazyLogger                                    : loaded 2 times (x 72B)
Class com.google.common.collect.Maps                                                  : loaded 2 times (x 71B)
Class org.gradle.api.specs.Spec                                                       : loaded 2 times (x 70B)
Class com.google.common.collect.MapMaker                                              : loaded 2 times (x 72B)
Class org.apache.commons.io.file.PathFilter                                           : loaded 2 times (x 70B)
Class [Lcom.google.common.collect.ImmutableEntry;                                     : loaded 2 times (x 69B)
Class com.google.common.cache.LocalCache$LoadingValueReference                        : loaded 2 times (x 96B)
Class kotlin.SynchronizedLazyImpl                                                     : loaded 2 times (x 76B)
Class kotlin.text.StringsKt__RegexExtensionsKt                                        : loaded 2 times (x 71B)
Class com.google.common.collect.MapMakerInternalMap$StrongKeyDummyValueEntry          : loaded 2 times (x 82B)
Class com.google.common.base.Platform                                                 : loaded 2 times (x 71B)
Class jdk.internal.jimage.ImageReader$Directory                                       : loaded 2 times (x 84B)
Class kotlin.sequences.SequencesKt__SequencesJVMKt                                    : loaded 2 times (x 71B)
Class kotlin.collections.AbstractList                                                 : loaded 2 times (x 197B)
Class kotlin.collections.AbstractCollection                                           : loaded 2 times (x 117B)
Class [Lorg.objectweb.asm.AnnotationWriter;                                           : loaded 2 times (x 69B)
Class com.google.common.collect.AbstractMapBasedMultimap$WrappedList                  : loaded 2 times (x 205B)
Class com.google.common.collect.Maps$8                                                : loaded 2 times (x 82B)
Class kotlin.LazyKt__LazyKt                                                           : loaded 2 times (x 71B)
Class kotlin.text.StringsKt__StringBuilderJVMKt                                       : loaded 2 times (x 71B)
Class [Lcom.google.common.collect.Iterators$EmptyModifiableIterator;                  : loaded 2 times (x 69B)
Class com.google.common.collect.Sets$SetView                                          : loaded 2 times (x 138B)
Class com.google.common.cache.LocalCache$StrongValueReference                         : loaded 2 times (x 90B)
Class kotlin.UNINITIALIZED_VALUE                                                      : loaded 2 times (x 71B)
Class org.objectweb.asm.Type                                                          : loaded 2 times (x 72B)
Class com.google.common.graph.SuccessorsFunction                                      : loaded 2 times (x 70B)
Class org.gradle.internal.classloader.VisitableURLClassLoader$InstrumentingVisitableURLClassLoader: loaded 2 times (x 123B)
Class kotlin.comparisons.ComparisonsKt__ComparisonsKt                                 : loaded 2 times (x 71B)
Class kotlin.ranges.RangesKt__RangesKt                                                : loaded 2 times (x 71B)
Class kotlin.collections.SetsKt___SetsKt                                              : loaded 2 times (x 71B)
Class kotlin.sequences.SequencesKt__SequencesKt                                       : loaded 2 times (x 71B)
Class org.objectweb.asm.ByteVector                                                    : loaded 2 times (x 79B)
Class com.google.common.math.IntMath$1                                                : loaded 2 times (x 71B)
Class com.google.common.collect.MapMakerInternalMap$StrongKeyDummyValueEntry$Helper   : loaded 2 times (x 79B)
Class org.apache.commons.io.FileUtils                                                 : loaded 2 times (x 71B)
Class com.google.common.io.Files$FileByteSink                                         : loaded 2 times (x 77B)
Class [Lcom.google.common.cache.CacheBuilder$NullListener;                            : loaded 2 times (x 69B)
Class org.gradle.internal.classloader.VisitableURLClassLoader$Spec                    : loaded 2 times (x 74B)
Class org.gradle.internal.classpath.DefaultClassPath                                  : loaded 2 times (x 90B)
Class kotlin.comparisons.ComparisonsKt                                                : loaded 2 times (x 71B)
Class kotlin.comparisons.ComparisonsKt___ComparisonsKt                                : loaded 2 times (x 71B)
Class kotlin.sequences.FilteringSequence                                              : loaded 2 times (x 75B)
Class [Lorg.jetbrains.kotlin.build.report.metrics.GradleBuildTime;                    : loaded 2 times (x 69B)
Class org.objectweb.asm.Symbol                                                        : loaded 2 times (x 73B)
Class com.google.common.base.AbstractIterator                                         : loaded 2 times (x 80B)
Class com.google.common.io.Closer                                                     : loaded 2 times (x 78B)
Class com.google.common.collect.RegularImmutableMap$Values                            : loaded 2 times (x 207B)
Class com.google.common.base.CharMatcher$BitSetMatcher                                : loaded 2 times (x 112B)
Class com.google.common.collect.ImmutableSet                                          : loaded 2 times (x 145B)
Class org.gradle.internal.classloader.ClassLoaderSpec                                 : loaded 2 times (x 71B)
Class kotlin.collections.CollectionsKt___CollectionsJvmKt                             : loaded 2 times (x 71B)
Class org.objectweb.asm.AnnotationWriter                                              : loaded 2 times (x 79B)
Class com.google.common.cache.CacheStats                                              : loaded 2 times (x 71B)
Class kotlin.TuplesKt                                                                 : loaded 2 times (x 71B)
Class kotlin.Unit                                                                     : loaded 2 times (x 71B)
Class kotlin.sequences.SequencesKt___SequencesJvmKt                                   : loaded 2 times (x 71B)
Class org.objectweb.asm.RecordComponentWriter                                         : loaded 2 times (x 78B)
Class com.google.common.collect.Interners                                             : loaded 2 times (x 71B)
Class com.google.common.io.Closer$Suppressor                                          : loaded 2 times (x 70B)
Class com.google.common.io.LineProcessor                                              : loaded 2 times (x 70B)
Class com.google.common.base.CharMatcher$Or                                           : loaded 2 times (x 112B)
Class com.google.common.util.concurrent.AbstractFuture$Listener                       : loaded 2 times (x 72B)
Class org.gradle.api.internal.classpath.Module$ModuleAlias                            : loaded 2 times (x 70B)
Class kotlin.ranges.RangesKt                                                          : loaded 2 times (x 71B)
Class org.objectweb.asm.Attribute                                                     : loaded 2 times (x 77B)
Class com.google.common.base.Supplier                                                 : loaded 2 times (x 70B)
Class org.gradle.internal.classloader.VisitableURLClassLoader                         : loaded 2 times (x 117B)
Class kotlin.collections.ArraysUtilJVM                                                : loaded 2 times (x 71B)
Class kotlin.jvm.functions.Function0                                                  : loaded 2 times (x 70B)
Class com.google.common.collect.ImmutableList$SerializedForm                          : loaded 2 times (x 73B)
Class org.gradle.internal.Cast                                                        : loaded 2 times (x 71B)
Class org.gradle.api.Action                                                           : loaded 2 times (x 70B)
Class kotlin.jvm.functions.Function1                                                  : loaded 2 times (x 70B)
Class org.objectweb.asm.Handler                                                       : loaded 2 times (x 72B)
Class com.google.common.collect.MapMakerInternalMap                                   : loaded 2 times (x 161B)
Class com.google.common.base.Strings                                                  : loaded 2 times (x 71B)
Class com.google.common.collect.Sets                                                  : loaded 2 times (x 71B)
Class com.google.common.base.CharMatcher$FastMatcher                                  : loaded 2 times (x 111B)
Class com.google.common.base.Ticker                                                   : loaded 2 times (x 72B)
Class kotlin.jvm.functions.Function2                                                  : loaded 2 times (x 70B)
Class [Lcom.google.common.cache.LocalCache$Segment;                                   : loaded 2 times (x 69B)
Class com.google.common.base.Predicate                                                : loaded 2 times (x 70B)
Class [Lcom.google.common.cache.LocalCache$Strength;                                  : loaded 2 times (x 69B)
Class com.google.common.cache.CacheBuilder$1                                          : loaded 2 times (x 85B)
Class com.google.common.collect.ImmutableMap                                          : loaded 2 times (x 120B)
Class org.gradle.internal.classpath.DefaultClassPath$ImmutableUniqueList$Builder      : loaded 2 times (x 75B)
Class kotlin.jvm.functions.Function3                                                  : loaded 2 times (x 70B)
Class kotlin.collections.MapsKt___MapsJvmKt                                           : loaded 2 times (x 71B)
Class com.google.common.collect.MapMakerInternalMap$WeakValueReference                : loaded 2 times (x 70B)
Class com.google.common.base.CharMatcher$NegatedFastMatcher                           : loaded 2 times (x 113B)
Class com.google.common.cache.LocalCache                                              : loaded 2 times (x 187B)
Class com.google.common.cache.CacheBuilder$2                                          : loaded 2 times (x 79B)
Class kotlin.collections.CollectionsKt___CollectionsKt                                : loaded 2 times (x 71B)
Class [Lcom.google.common.collect.AbstractMapEntry;                                   : loaded 2 times (x 69B)
Class com.google.common.collect.ImmutableEntry                                        : loaded 2 times (x 82B)
Class com.google.common.cache.CacheBuilder$3                                          : loaded 2 times (x 72B)
Class com.google.common.collect.ArrayListMultimap                                     : loaded 2 times (x 172B)
Class org.gradle.api.GradleException                                                  : loaded 2 times (x 82B)
Class jdk.internal.jimage.ImageStrings                                                : loaded 2 times (x 70B)
Class kotlin.text.StringsKt___StringsJvmKt                                            : loaded 2 times (x 71B)
Class com.google.common.base.Suppliers$MemoizingSupplier                              : loaded 2 times (x 79B)
Class org.apache.commons.io.StandardLineSeparator                                     : loaded 2 times (x 79B)
Class com.google.common.collect.CollectPreconditions                                  : loaded 2 times (x 71B)
Class kotlin.collections.MapsKt___MapsKt                                              : loaded 2 times (x 71B)
Class kotlin.io.FilesKt                                                               : loaded 2 times (x 71B)
Class kotlin.collections.ArraysKt___ArraysKt                                          : loaded 2 times (x 71B)
Class [Lcom.google.common.collect.MapMakerInternalMap$Strength;                       : loaded 2 times (x 69B)
Class [Lcom.google.common.io.FileWriteMode;                                           : loaded 2 times (x 69B)
Class com.google.common.collect.SortedMapDifference                                   : loaded 2 times (x 70B)
Class kotlin.collections.MapsKt__MapWithDefaultKt                                     : loaded 2 times (x 71B)
Class com.google.common.collect.Iterables$4                                           : loaded 2 times (x 81B)
Class com.google.common.collect.MapMakerInternalMap$StrongKeyDummyValueSegment        : loaded 2 times (x 142B)
Class com.google.common.io.Files                                                      : loaded 2 times (x 71B)
Class com.google.common.cache.LocalCache$EntryFactory                                 : loaded 2 times (x 83B)
Class kotlin.collections.CollectionsKt__MutableCollectionsJVMKt                       : loaded 2 times (x 71B)
Class kotlin.enums.EnumEntriesKt                                                      : loaded 2 times (x 71B)
Class kotlin.text.StringsKt___StringsKt                                               : loaded 2 times (x 71B)
Class [Lcom.google.common.collect.MapMaker$Dummy;                                     : loaded 2 times (x 69B)
Class com.google.common.cache.LocalCache$AbstractReferenceEntry                       : loaded 2 times (x 107B)
Class org.gradle.internal.IoActions                                                   : loaded 2 times (x 71B)
Class org.objectweb.asm.SymbolTable                                                   : loaded 2 times (x 72B)
Class com.google.common.collect.ImmutableMapKeySet                                    : loaded 2 times (x 152B)
Class com.google.common.cache.CacheLoader$InvalidCacheLoadException                   : loaded 2 times (x 82B)
Class com.google.common.collect.ImmutableSet$RegularSetBuilderImpl                    : loaded 2 times (x 77B)
Class kotlin.jvm.internal.Intrinsics                                                  : loaded 2 times (x 71B)
Class com.google.common.collect.FluentIterable                                        : loaded 2 times (x 81B)
Class com.google.common.cache.LocalCache$StrongEntry                                  : loaded 2 times (x 108B)
Class com.google.common.util.concurrent.AbstractFuture$TrustedFuture                  : loaded 2 times (x 114B)
Class com.google.common.cache.LoadingCache                                            : loaded 2 times (x 70B)
Class jdk.internal.jrtfs.JrtFileSystem                                                : loaded 2 times (x 102B)
Class kotlin.collections.MapsKt                                                       : loaded 2 times (x 71B)
Class kotlin.collections.CollectionsKt__IterablesKt                                   : loaded 2 times (x 71B)
Class com.google.common.io.ByteStreams$LimitedInputStream                             : loaded 2 times (x 92B)
Class com.google.common.base.Suppliers$NonSerializableMemoizingSupplier               : loaded 2 times (x 79B)
Class org.objectweb.asm.MethodWriter                                                  : loaded 2 times (x 106B)
Class com.google.common.collect.RegularImmutableMap$BucketOverflowException           : loaded 2 times (x 82B)
Class [Lcom.google.common.cache.Weigher;                                              : loaded 2 times (x 69B)
Class kotlin.KotlinNullPointerException                                               : loaded 2 times (x 83B)
Class com.google.common.collect.AbstractMapBasedMultimap$RandomAccessWrappedList      : loaded 2 times (x 205B)
Class kotlin.ranges.RangesKt___RangesKt                                               : loaded 2 times (x 71B)
Class com.google.common.collect.AbstractIterator$State                                : loaded 2 times (x 79B)
Class com.google.common.collect.RegularImmutableBiMap                                 : loaded 2 times (x 149B)
Class com.google.common.base.CharMatcher$Is                                           : loaded 2 times (x 111B)
Class com.google.common.base.CharMatcher$Negated                                      : loaded 2 times (x 113B)
Class com.google.common.cache.LocalCache$ValueReference                               : loaded 2 times (x 70B)
Class kotlin.collections.ArraysKt                                                     : loaded 2 times (x 71B)
Class com.google.common.hash.PrimitiveSink                                            : loaded 2 times (x 70B)
Class com.google.common.base.PatternCompiler                                          : loaded 2 times (x 70B)
Class com.google.common.collect.Hashing                                               : loaded 2 times (x 71B)
Class com.google.common.util.concurrent.AbstractFuture$Failure                        : loaded 2 times (x 72B)
Class com.google.common.base.Equivalence$Equals                                       : loaded 2 times (x 82B)
Class com.google.common.base.Preconditions                                            : loaded 2 times (x 71B)
Class kotlin.collections.SetsKt__SetsKt                                               : loaded 2 times (x 71B)
Class kotlin.LazyKt                                                                   : loaded 2 times (x 71B)
Class org.objectweb.asm.Label                                                         : loaded 2 times (x 73B)
Class org.objectweb.asm.CurrentFrame                                                  : loaded 2 times (x 73B)
Class org.objectweb.asm.ClassTooLargeException                                        : loaded 2 times (x 83B)
Class com.google.common.collect.ImmutableSetMultimap                                  : loaded 2 times (x 180B)
Class [Lorg.apache.commons.io.file.DeleteOption;                                      : loaded 2 times (x 69B)
Class com.google.common.io.CharSink                                                   : loaded 2 times (x 79B)
Class com.google.common.base.Joiner$1                                                 : loaded 2 times (x 80B)
Class com.google.common.base.CharMatcher                                              : loaded 2 times (x 111B)
Class com.google.common.collect.PeekingIterator                                       : loaded 2 times (x 70B)
Class kotlin.collections.ArraysKt__ArraysJVMKt                                        : loaded 2 times (x 71B)
Class org.objectweb.asm.Frame                                                         : loaded 2 times (x 73B)
Class org.objectweb.asm.MethodVisitor                                                 : loaded 2 times (x 105B)
Class com.google.common.collect.MapMakerInternalMap$InternalEntryHelper               : loaded 2 times (x 70B)
Class com.google.common.collect.Maps$IteratorBasedAbstractMap                         : loaded 2 times (x 125B)
Class com.google.common.base.Joiner$2                                                 : loaded 2 times (x 79B)
Class com.google.common.base.CharMatcher$NamedFastMatcher                             : loaded 2 times (x 112B)
Class com.google.common.base.CharMatcher$1                                            : loaded 2 times (x 113B)
Class com.google.common.collect.Table                                                 : loaded 2 times (x 70B)
Class com.google.common.cache.LocalCache$EntryFactory$1                               : loaded 2 times (x 83B)
Class [Lcom.google.common.cache.RemovalListener;                                      : loaded 2 times (x 69B)
Class kotlin.text.StringsKt__StringBuilderKt                                          : loaded 2 times (x 71B)
Class com.google.common.cache.LocalCache$EntryFactory$2                               : loaded 2 times (x 83B)
Class kotlin.Lazy                                                                     : loaded 2 times (x 70B)
Class kotlin.NoWhenBranchMatchedException                                             : loaded 2 times (x 82B)
Class org.objectweb.asm.ModuleWriter                                                  : loaded 2 times (x 82B)
Class com.google.common.collect.ImmutableMapEntrySet$RegularEntrySet                  : loaded 2 times (x 152B)
Class com.google.common.cache.LocalCache$EntryFactory$3                               : loaded 2 times (x 83B)
Class com.google.common.base.Ticker$1                                                 : loaded 2 times (x 72B)
Class com.google.common.collect.Maps$BiMapConverter                                   : loaded 2 times (x 90B)
Class [Lkotlin.jvm.functions.Function1;                                               : loaded 2 times (x 69B)
Class com.google.common.collect.SetMultimap                                           : loaded 2 times (x 70B)
Class com.google.common.base.CharMatcher$InRange                                      : loaded 2 times (x 111B)
Class com.google.common.cache.LocalCache$EntryFactory$4                               : loaded 2 times (x 83B)
Class com.google.common.collect.ImmutableSet$Builder                                  : loaded 2 times (x 85B)
Class kotlin.sequences.ConstrainedOnceSequence                                        : loaded 2 times (x 75B)
Class com.google.common.io.ByteStreams$1                                              : loaded 2 times (x 85B)
Class com.google.common.cache.LocalCache$EntryFactory$5                               : loaded 2 times (x 83B)
Class kotlin.jvm.internal.markers.KMappedMarker                                       : loaded 2 times (x 70B)
Class org.apache.commons.io.output.AppendableWriter                                   : loaded 2 times (x 100B)
Class com.google.common.cache.LocalCache$EntryFactory$6                               : loaded 2 times (x 83B)
Class org.gradle.internal.installation.CurrentGradleInstallationLocator               : loaded 2 times (x 71B)
Class org.apache.commons.io.output.ThresholdingOutputStream                           : loaded 2 times (x 95B)
Class com.google.common.collect.Maps$KeySet                                           : loaded 2 times (x 137B)
Class com.google.common.cache.LocalCache$EntryFactory$7                               : loaded 2 times (x 83B)
Class com.google.common.collect.ImmutableList                                         : loaded 2 times (x 206B)
Class org.gradle.internal.service.DefaultServiceLocator                               : loaded 2 times (x 83B)
Class com.google.common.collect.Maps$EntrySet                                         : loaded 2 times (x 136B)
Class com.google.common.cache.LocalCache$EntryFactory$8                               : loaded 2 times (x 83B)
Class com.google.common.collect.ImmutableSet$SetBuilderImpl                           : loaded 2 times (x 76B)
Class org.gradle.internal.installation.CurrentGradleInstallation                      : loaded 2 times (x 73B)
Class com.google.common.collect.ForwardingObject                                      : loaded 2 times (x 72B)
Class com.google.common.collect.ImmutableList$SubList                                 : loaded 2 times (x 209B)
Class com.google.common.cache.CacheLoader$1                                           : loaded 2 times (x 75B)
Class org.gradle.util.internal.GUtil                                                  : loaded 2 times (x 71B)
Class kotlin.io.NoSuchFileException                                                   : loaded 2 times (x 82B)
Class kotlin.collections.CollectionsKt                                                : loaded 2 times (x 71B)
Class com.google.common.io.ByteSource                                                 : loaded 2 times (x 84B)
Class com.google.common.cache.AbstractCache$StatsCounter                              : loaded 2 times (x 70B)
Class com.google.common.collect.MapMakerInternalMap$1                                 : loaded 2 times (x 83B)
Class com.google.common.collect.Iterators$MergingIterator                             : loaded 2 times (x 81B)
Class com.google.common.collect.RegularImmutableSet                                   : loaded 2 times (x 149B)
Class org.gradle.internal.installation.GradleInstallation                             : loaded 2 times (x 75B)
Class com.google.common.base.Splitter$Strategy                                        : loaded 2 times (x 70B)
Class com.google.common.collect.Iterables                                             : loaded 2 times (x 71B)

---------------  S Y S T E M  ---------------

OS:
 Windows 11 , 64 bit Build 22621 (10.0.22621.5415)
OS uptime: 0 days 5:04 hours
Hyper-V role detected

CPU: total 4 (initial active 4) (2 cores per cpu, 2 threads per core) family 6 model 126 stepping 5 microcode 0xcc, cx8, cmov, fxsr, ht, mmx, 3dnowpref, sse, sse2, sse3, ssse3, sse4.1, sse4.2, popcnt, lzcnt, tsc, tscinvbit, avx, avx2, aes, erms, clmul, bmi1, bmi2, adx, avx512f, avx512dq, avx512cd, avx512bw, avx512vl, sha, fma, vzeroupper, avx512_vpopcntdq, avx512_vpclmulqdq, avx512_vaes, avx512_vnni, clflush, clflushopt, avx512_vbmi2, avx512_vbmi, hv, rdtscp, rdpid, fsrm, gfni, avx512_bitalg, f16c, avx512_ifma
Processor Information for processor 0
  Max Mhz: 1190, Current Mhz: 1190, Mhz Limit: 1190
Processor Information for processor 1
  Max Mhz: 1190, Current Mhz: 1190, Mhz Limit: 1190
Processor Information for processor 2
  Max Mhz: 1190, Current Mhz: 991, Mhz Limit: 1190
Processor Information for processor 3
  Max Mhz: 1190, Current Mhz: 1190, Mhz Limit: 1190

Memory: 4k page, system-wide physical 3863M (496M free)
TotalPageFile size 12055M (AvailPageFile size 193M)
current process WorkingSet (physical memory assigned to process): 442M, peak: 442M
current process commit charge ("private bytes"): 732M, peak: 987M

vm_info: OpenJDK 64-Bit Server VM (21.0.10+-14961533-b1163.108) for windows-amd64 JRE (21.0.10+-14961533-b1163.108), built on 2026-03-02T19:58:50Z by "builder" with MS VC++ 16.10 / 16.11 (VS2019)

END.
